GeneSymbol,PhenotypeList,MIM_Number
TBC1D24,"Familial infantile myoclonic epilepsy|Caused by mutation in the TBC1 domain family, member 24;Developmental and epileptic encephalopathy, 1;Autosomal dominant nonsyndromic hearing loss 65",613577
TBC1D24,"Familial infantile myoclonic epilepsy|Caused by mutation in the TBC1 domain family, member 24;Developmental and epileptic encephalopathy, 1;Autosomal dominant nonsyndromic hearing loss 65|not provided|DOORS syndrome|Inborn genetic diseases",613577
TBC1D24,Familial infantile myoclonic epilepsy,613577
TSC1,Tuberous sclerosis 1|Tuberous sclerosis syndrome|not provided,605284
TSC1,Tuberous sclerosis 1|Tuberous sclerosis syndrome,605284
TSC1,"Tuberous sclerosis 1|Hereditary cancer-predisposing syndrome|Isolated focal cortical dysplasia type II|not provided|not specified|Tuberous sclerosis syndrome|Lung lymphangioleiomyomatosis|Familial cancer of breast|Hepatocellular carcinoma|Cervical cancer|Thyroid cancer, nonmedullary, 1|Nonpapillary renal cell carcinoma",605284
TSC1,Tuberous sclerosis 1|Tuberous sclerosis syndrome|not provided|Hereditary cancer-predisposing syndrome|TSC1-related disorder,605284
TSC1,Lymphangiomyomatosis|Sarcoma,605284
TSC1,Focal cortical dysplasia of Taylor type 2B|Tuberous sclerosis 1|Tuberous sclerosis syndrome|not provided|not specified|Hereditary cancer-predisposing syndrome|Isolated focal cortical dysplasia type II,605284
SCN9A,"Primary erythromelalgia|Neuropathy, hereditary sensory and autonomic, type 2A;Generalized epilepsy with febrile seizures plus, type 7",603415
SCN9A,"Primary erythromelalgia|Abnormality of pain sensation;Acute episodes of neuropathic symptoms|Generalized epilepsy with febrile seizures plus, type 7;Neuropathy, hereditary sensory and autonomic, type 2A|SCN9A-related peripheral neuropathies associated with increased pain|not provided",603415
SCN9A,Primary erythromelalgia,603415
SCN9A,"Channelopathy-associated congenital insensitivity to pain, autosomal recessive",603415
SCN9A,"Paroxysmal extreme pain disorder|Neuropathy, hereditary sensory and autonomic, type 2A;Generalized epilepsy with febrile seizures plus, type 7|not provided",603415
SCN9A,Paroxysmal extreme pain disorder,603415
SCN9A,"Paroxysmal extreme pain disorder|Generalized epilepsy with febrile seizures plus, type 7;Neuropathy, hereditary sensory and autonomic, type 2A|not provided",603415
SCN9A,"Paroxysmal extreme pain disorder|Neuropathy, hereditary sensory and autonomic, type 2A;Generalized epilepsy with febrile seizures plus, type 7",603415
SCN9A,"Channelopathy-associated congenital insensitivity to pain, autosomal recessive|Neuropathy, hereditary sensory and autonomic, type 2A;Generalized epilepsy with febrile seizures plus, type 7|Inborn genetic diseases",603415
SCN9A,"Channelopathy-associated congenital insensitivity to pain, autosomal recessive|not provided",603415
SCN9A,"Generalized epilepsy with febrile seizures plus, type 7|Neuropathy, hereditary sensory and autonomic, type 2A;Generalized epilepsy with febrile seizures plus, type 7|Channelopathy-associated congenital insensitivity to pain, autosomal recessive;Paroxysmal extreme pain disorder;Neuropathy, hereditary sensory and autonomic, type 2A;Primary erythromelalgia|Inborn genetic diseases",603415
SCN9A,"Generalized epilepsy with febrile seizures plus, type 7|Hypoglycemia;Seizure;Global developmental delay|not specified|not provided|Primary erythromelalgia|Channelopathy-associated congenital insensitivity to pain, autosomal recessive|Paroxysmal extreme pain disorder|Neuropathy, hereditary sensory and autonomic, type 2A;Generalized epilepsy with febrile seizures plus, type 7|Inborn genetic diseases|SCN9A-related disorder",603415
SCN9A,"Febrile seizures, familial, 3b|not provided|Generalized epilepsy with febrile seizures plus, type 7;Neuropathy, hereditary sensory and autonomic, type 2A|6 conditions|Inborn genetic diseases|not specified",603415
SCN9A,"Febrile seizures, familial, 3b",603415
SCN9A,"Primary erythromelalgia|Channelopathy-associated congenital insensitivity to pain, autosomal recessive|Paroxysmal extreme pain disorder|Inherited Erythromelalgia|Neuropathy, hereditary sensory and autonomic, type 2A;Generalized epilepsy with febrile seizures plus, type 7",603415
STXBP1,"Developmental and epileptic encephalopathy, 4|Developmental and epileptic encephalopathy",602926
STXBP1,"Developmental and epileptic encephalopathy, 4|Inborn genetic diseases",602926
STXBP1,"Developmental and epileptic encephalopathy, 4",602926
STXBP1,"Developmental and epileptic encephalopathy, 4|not provided|Developmental and epileptic encephalopathy|Inborn genetic diseases|Infantile epilepsy syndrome",602926
KCNQ2,"Seizures, benign familial neonatal, 1|Complex neurodevelopmental disorder",602235
KCNQ2,"Seizures, benign familial neonatal, 1|Developmental and epileptic encephalopathy|not provided|Inborn genetic diseases|Developmental and epileptic encephalopathy, 7|Complex neurodevelopmental disorder",602235
KCNQ2,"Seizures, benign familial neonatal, 1|not provided|Developmental and epileptic encephalopathy|Complex neurodevelopmental disorder|Neonatal/infantile epilepsy syndrome",602235
KCNQ2,"Seizures, benign familial neonatal, 1, and/or myokymia|not provided|Seizures, benign familial neonatal, 1|Inborn genetic diseases|Developmental and epileptic encephalopathy|Developmental and epileptic encephalopathy, 7|Complex neurodevelopmental disorder|Seizure|Developmental and epileptic encephalopathy, 7;Seizures, benign familial neonatal, 1",602235
KCNQ2,"Seizures, benign familial neonatal, 1|Seizures, benign familial neonatal, 2|not provided|Developmental and epileptic encephalopathy, 7",602235
KCNQ2,"Developmental and epileptic encephalopathy, 7|Seizures, benign familial neonatal, 2|Developmental and epileptic encephalopathy|not provided",602235
KCNQ2,"Seizures, benign familial neonatal, 1|not provided|Developmental and epileptic encephalopathy, 7|Developmental and epileptic encephalopathy|Seizure",602235
KCNQ2,"Seizures, benign familial neonatal, 1, and/or myokymia|not provided|Developmental and epileptic encephalopathy, 7|Seizures, benign familial neonatal, 1;Developmental and epileptic encephalopathy, 7|Developmental and epileptic encephalopathy|KCNQ2-related disorder|Complex neurodevelopmental disorder",602235
KCNQ3,"Seizures, benign familial neonatal, 2",602232
SCN8A,Cognitive impairment with or without cerebellar ataxia|not provided,600702
PCDH19,"Developmental and epileptic encephalopathy, 9",300460
ARX,"Developmental and epileptic encephalopathy, 1|X-linked lissencephaly with abnormal genitalia|not provided|Developmental and epileptic encephalopathy, 1;Intellectual disability, X-linked, with or without seizures, ARX-related|Inborn genetic diseases|Intellectual disability, X-linked, with or without seizures, ARX-related|West syndrome|Developmental and epileptic encephalopathy, 1;X-linked lissencephaly with abnormal genitalia;Corpus callosum agenesis-abnormal genitalia syndrome;Intellectual disability, X-linked, with or without seizures, ARX-related;Partington syndrome",300382
ARX,"Developmental and epileptic encephalopathy, 1|Partington syndrome|not provided|Developmental and epileptic encephalopathy, 1;Intellectual disability, X-linked, with or without seizures, ARX-related|Intellectual disability, X-linked, with or without seizures, ARX-related",300382
ARX,"Developmental and epileptic encephalopathy, 1|Inborn genetic diseases|Developmental and epileptic encephalopathy, 1;X-linked lissencephaly with abnormal genitalia;Corpus callosum agenesis-abnormal genitalia syndrome;Intellectual disability, X-linked, with or without seizures, ARX-related;Partington syndrome",300382
ARX,"Developmental and epileptic encephalopathy, 1",300382
ARX,X-linked lissencephaly with abnormal genitalia,300382
ARX,"X-linked lissencephaly with abnormal genitalia|not provided|Developmental and epileptic encephalopathy, 1;Intellectual disability, X-linked, with or without seizures, ARX-related|Corpus callosum agenesis-abnormal genitalia syndrome",300382
ARX,"X-linked lissencephaly with abnormal genitalia|Developmental and epileptic encephalopathy, 1;Intellectual disability, X-linked, with or without seizures, ARX-related|Intellectual disability, X-linked, with or without seizures, ARX-related",300382
ARX,"Intellectual disability, X-linked, with or without seizures, ARX-related",300382
ARX,"Intellectual disability, X-linked, with or without seizures, ARX-related|not provided|Intellectual disability, X-linked, with or without seizures, ARX-related;Developmental and epileptic encephalopathy, 1|not specified|Inborn genetic diseases",300382
ARX,Corpus callosum agenesis-abnormal genitalia syndrome|not provided,300382
ARX,Hydranencephaly with abnormal genitalia,300382
ARX,"Developmental and epileptic encephalopathy, 1|Intellectual disability, X-linked, with or without seizures, ARX-related;Developmental and epileptic encephalopathy, 1",300382
CDKL5,"Atypical Rett syndrome|Developmental and epileptic encephalopathy, 2|CDKL5 disorder",300203
CDKL5,"Developmental and epileptic encephalopathy, 2|Atypical Rett syndrome|Developmental and epileptic encephalopathy, 2;Angelman syndrome-like|CDKL5 disorder",300203
CDKL5,"Atypical Rett syndrome|Developmental and epileptic encephalopathy, 2|Developmental and epileptic encephalopathy, 2;Angelman syndrome-like|CDKL5 disorder|not provided",300203
CDKL5,"Developmental and epileptic encephalopathy, 2|not provided|Rett syndrome|CDKL5 disorder|Angelman syndrome-like;Developmental and epileptic encephalopathy, 2|Seizure",300203
CDKL5,"Developmental and epileptic encephalopathy, 2|CDKL5 disorder|not provided",300203
CDKL5,"Developmental and epileptic encephalopathy, 2|Developmental and epileptic encephalopathy, 2;Angelman syndrome-like|CDKL5 disorder",300203
MECP2,"Rett syndrome, zappella variant|not provided|Rett syndrome|not specified|Angelman syndrome|X-linked intellectual disability-psychosis-macroorchidism syndrome|Inborn genetic diseases|Severe neonatal-onset encephalopathy with microcephaly|Neurodevelopmental delay|Intellectual disability|Syndromic X-linked intellectual disability Lubs type|MECP2-related disorder",300005
MECP2,Rett syndrome,300005
MECP2,"Rett syndrome|not provided|Angelman syndrome|Severe neonatal-onset encephalopathy with microcephaly|Autism, susceptibility to, X-linked 3|Inborn genetic diseases|X-linked intellectual disability-psychosis-macroorchidism syndrome;Severe neonatal-onset encephalopathy with microcephaly;Rett syndrome;Autism, susceptibility to, X-linked 3;Syndromic X-linked intellectual disability Lubs type|Abnormality of the nervous system|X-linked intellectual disability-psychosis-macroorchidism syndrome|Neurodevelopmental delay|Syndromic X-linked intellectual disability Lubs type|MECP2-related disorder",300005
MECP2,"Rett syndrome|Severe neonatal-onset encephalopathy with microcephaly|not provided|not specified|Autism, susceptibility to, X-linked 3|Autism, susceptibility to, X-linked 3;X-linked intellectual disability-psychosis-macroorchidism syndrome;Rett syndrome;Syndromic X-linked intellectual disability Lubs type;Severe neonatal-onset encephalopathy with microcephaly|X-linked intellectual disability-psychosis-macroorchidism syndrome|Inborn genetic diseases|See cases|MECP2-related disorder",300005
MECP2,"Rett syndrome|not provided|Severe neonatal-onset encephalopathy with microcephaly|Encephalopathy, neonatal severeMental retardation, X-linked, syndromic 13Rett syndrome|X-linked intellectual disability-psychosis-macroorchidism syndrome;Severe neonatal-onset encephalopathy with microcephaly;Rett syndrome;Autism, susceptibility to, X-linked 3;Syndromic X-linked intellectual disability Lubs type|Inborn genetic diseases|Syndromic X-linked intellectual disability Lubs type|Autism, susceptibility to, X-linked 3|MECP2-related disorder",300005
MECP2,X-linked intellectual disability-psychosis-macroorchidism syndrome|Rett syndrome,300005
MECP2,Rett syndrome|Angelman syndrome,300005
MECP2,"Rett syndrome|Autism, susceptibility to, X-linked 3|not provided|Severe neonatal-onset encephalopathy with microcephaly|X-linked intellectual disability-psychosis-macroorchidism syndrome;Severe neonatal-onset encephalopathy with microcephaly;Rett syndrome;Autism, susceptibility to, X-linked 3;Syndromic X-linked intellectual disability Lubs type|Inborn genetic diseases|See cases|MECP2-related disorder|Syndromic X-linked intellectual disability Lubs type",300005
MECP2,"X-linked intellectual disability-psychosis-macroorchidism syndrome|Rett syndrome|8 conditions|Severe neonatal-onset encephalopathy with microcephaly|not provided|Autism, susceptibility to, X-linked 3|X-linked intellectual disability-psychosis-macroorchidism syndrome;Severe neonatal-onset encephalopathy with microcephaly;Autism, susceptibility to, X-linked 3;Rett syndrome;Syndromic X-linked intellectual disability Lubs type|Atypical behavior|Intellectual disability|Neurodevelopmental disorder|MECP2-related disorder|Inborn genetic diseases|X-linked intellectual disability-psychosis-macroorchidism syndrome;Rett syndrome|Syndromic X-linked intellectual disability Lubs type",300005
MECP2,"Rett syndrome|not provided|Angelman syndrome|Severe neonatal-onset encephalopathy with microcephaly|Intellectual disability|Autism, susceptibility to, X-linked 3|Neurodevelopmental delay|Inborn genetic diseases|See cases|X-linked intellectual disability-psychosis-macroorchidism syndrome;Severe neonatal-onset encephalopathy with microcephaly;Autism, susceptibility to, X-linked 3;Rett syndrome;Syndromic X-linked intellectual disability Lubs type|MECP2-related disorder",300005
MECP2,X-linked intellectual disability-psychosis-macroorchidism syndrome|Severe neonatal-onset encephalopathy with microcephaly|not provided,300005
MECP2,Rett syndrome|not provided|Intellectual disability|Developmental regression;Global developmental delay|Severe neonatal-onset encephalopathy with microcephaly|Syndromic X-linked intellectual disability Lubs type|MECP2-related disorder|Inborn genetic diseases,300005
MECP2,"Rett syndrome|not provided|X-linked intellectual disability-psychosis-macroorchidism syndrome|X-linked intellectual disability-psychosis-macroorchidism syndrome;Severe neonatal-onset encephalopathy with microcephaly;Rett syndrome;Autism, susceptibility to, X-linked 3;Syndromic X-linked intellectual disability Lubs type|Severe neonatal-onset encephalopathy with microcephaly|Abnormality of the nervous system|Inborn genetic diseases|Neurodevelopmental delay|MECP2-related disorder|Syndromic X-linked intellectual disability Lubs type|Autism",300005
MECP2,Severe neonatal-onset encephalopathy with microcephaly|not specified|not provided|MECP2-related disorder|Inborn genetic diseases|Rett syndrome,300005
MECP2,Atypical Rett syndrome|Angelman syndrome|Rett syndrome|Inborn genetic diseases|Severe neonatal-onset encephalopathy with microcephaly|not provided,300005
MECP2,Rett syndrome|not provided,300005
MECP2,Syndromic X-linked intellectual disability Lubs type,300005
MECP2,X-linked intellectual disability-psychosis-macroorchidism syndrome|Rett syndrome|Severe neonatal-onset encephalopathy with microcephaly,300005
MECP2,Severe neonatal-onset encephalopathy with microcephaly,300005
MECP2,X-linked intellectual disability-psychosis-macroorchidism syndrome|Rett syndrome|not provided|Severe neonatal-onset encephalopathy with microcephaly,300005
MECP2,"Rett syndrome, zappella variant|X-linked intellectual disability-psychosis-macroorchidism syndrome|not provided|X-linked intellectual disability-psychosis-macroorchidism syndrome;Severe neonatal-onset encephalopathy with microcephaly;Rett syndrome;Autism, susceptibility to, X-linked 3;Syndromic X-linked intellectual disability Lubs type|Rett syndrome|Severe neonatal-onset encephalopathy with microcephaly|MECP2-related disorder",300005
MECP2,Rett syndrome|not provided|Severe neonatal-onset encephalopathy with microcephaly,300005
MECP2,Rett syndrome|not specified|Severe neonatal-onset encephalopathy with microcephaly|Inborn genetic diseases|not provided,300005
TSC2,Tuberous sclerosis 2|Tuberous sclerosis syndrome,191092
TSC2,Tuberous sclerosis 2|Tuberous sclerosis syndrome|Lymphangiomyomatosis|not provided|Tuberous sclerosis 2;Isolated focal cortical dysplasia type II;Lymphangiomyomatosis|Hereditary cancer-predisposing syndrome|TSC2-related disorder,191092
TSC2,Tuberous sclerosis 2|Tuberous sclerosis syndrome|Lymphangiomyomatosis|not provided|Tuberous sclerosis 2;Isolated focal cortical dysplasia type II;Lymphangiomyomatosis|Hereditary cancer-predisposing syndrome,191092
TSC2,Tuberous sclerosis 2|Lymphangiomyomatosis|Tuberous sclerosis syndrome|not provided|Hereditary cancer-predisposing syndrome|Tuberous sclerosis 2;Isolated focal cortical dysplasia type II;Lymphangiomyomatosis,191092
TSC2,Tuberous sclerosis 2|Tuberous sclerosis syndrome|not provided,191092
TSC2,Tuberous sclerosis syndrome|Lymphangiomyomatosis|not provided|Tuberous sclerosis 2,191092
TSC2,Tuberous sclerosis 2|Tuberous sclerosis syndrome|not provided|Hereditary cancer-predisposing syndrome|Isolated focal cortical dysplasia type II,191092
TSC2,Tuberous sclerosis 2|Lymphangiomyomatosis;Tuberous sclerosis syndrome|Tuberous sclerosis syndrome|Hereditary cancer-predisposing syndrome|not provided,191092
TSC2,Tuberous sclerosis 2|Tuberous sclerosis syndrome|not provided|Hereditary cancer-predisposing syndrome|Tuberous sclerosis 2;Lymphangiomyomatosis;Isolated focal cortical dysplasia type II|TSC2-related disorder,191092
TSC2,Tuberous sclerosis 2|Tuberous sclerosis syndrome|not provided|Isolated focal cortical dysplasia type II;Tuberous sclerosis 2;Lymphangiomyomatosis|Hereditary cancer-predisposing syndrome,191092
SCN2A,"Seizures, benign familial infantile, 3|Developmental and epileptic encephalopathy, 11;Seizures, benign familial infantile, 3|Complex neurodevelopmental disorder|not provided|Inborn genetic diseases",182390
SCN2A,"Seizures, benign familial infantile, 3|Developmental and epileptic encephalopathy, 11;Seizures, benign familial infantile, 3|Complex neurodevelopmental disorder",182390
SCN2A,"Seizures, benign familial infantile, 3|not provided|Complex neurodevelopmental disorder|Developmental and epileptic encephalopathy, 11;Seizures, benign familial infantile, 3",182390
SCN2A,"Seizures, benign familial infantile, 3|not provided|Developmental and epileptic encephalopathy, 11;Seizures, benign familial infantile, 3|Episodic ataxia, type 9;Developmental and epileptic encephalopathy, 11;Seizures, benign familial infantile, 3|Developmental and epileptic encephalopathy, 11",182390
SCN2A,"Seizures, benign familial infantile, 3|Developmental and epileptic encephalopathy, 11;Seizures, benign familial infantile, 3|Developmental and epileptic encephalopathy, 11|Benign familial infantile epilepsy|Seizure|Complex neurodevelopmental disorder",182390
SCN2A,"Seizures, benign familial infantile, 3|not provided|Developmental and epileptic encephalopathy, 11;Seizures, benign familial infantile, 3|Complex neurodevelopmental disorder|Developmental and epileptic encephalopathy|Developmental and epileptic encephalopathy, 11|Benign familial infantile epilepsy|benign sporadic infantile epilepsy",182390
SCN2A,"Seizures, benign familial infantile, 3|Seizures, benign familial infantile, 3;Developmental and epileptic encephalopathy, 11|Complex neurodevelopmental disorder",182390
SCN1A,"Generalized epilepsy with febrile seizures plus, type 2|Severe myoclonic epilepsy in infancy|not provided|Developmental and epileptic encephalopathy|Autosomal dominant epilepsy",182389
SCN1A,"Generalized epilepsy with febrile seizures plus, type 2|Generalized epilepsy with febrile seizures plus, type 1|Developmental and epileptic encephalopathy|not provided|Severe myoclonic epilepsy in infancy|Inborn genetic diseases|Seizure|SCN1A-related disorder",182389
SCN1A,"Generalized epilepsy with febrile seizures plus, type 2|Generalized epilepsy with febrile seizures plus, type 1|Developmental and epileptic encephalopathy",182389
SCN1A,"Generalized epilepsy with febrile seizures plus, type 2|Generalized epilepsy with febrile seizures plus, type 1|Severe myoclonic epilepsy in infancy",182389
SCN1A,"Generalized epilepsy with febrile seizures plus, type 2|Generalized epilepsy with febrile seizures plus, type 1|Developmental and epileptic encephalopathy|Severe myoclonic epilepsy in infancy",182389
SCN1A,"Generalized epilepsy with febrile seizures plus, type 2|Generalized epilepsy with febrile seizures plus, type 1|not provided",182389
SCN1A,Severe myoclonic epilepsy in infancy,182389
SCN1A,"Severe myoclonic epilepsy in infancy|not provided|Generalized epilepsy with febrile seizures plus, type 2;Migraine, familial hemiplegic, 3;Severe myoclonic epilepsy in infancy|Developmental and epileptic encephalopathy|Intellectual disability|Inborn genetic diseases|Generalized epilepsy with febrile seizures plus, type 2|Developmental and epileptic encephalopathy 6B;Generalized epilepsy with febrile seizures plus, type 2;Severe myoclonic epilepsy in infancy;Febrile seizures, familial, 3a",182389
SCN1A,Severe myoclonic epilepsy in infancy|Developmental and epileptic encephalopathy,182389
SCN1A,"Generalized epilepsy with febrile seizures plus, type 2|Generalized epilepsy with febrile seizures plus, type 1|Developmental and epileptic encephalopathy|Inborn genetic diseases",182389
SCN1A,"Generalized epilepsy with febrile seizures plus, type 2|Generalized epilepsy with febrile seizures plus, type 1",182389
SCN1A,"Migraine, familial hemiplegic, 3|Severe myoclonic epilepsy in infancy",182389
SCN1A,"Severe myoclonic epilepsy in infancy|Generalized epilepsy with febrile seizures plus, type 2|Developmental and epileptic encephalopathy",182389
SCN1A,"Severe myoclonic epilepsy in infancy|Generalized epilepsy with febrile seizures plus, type 2",182389
SCN1A,"Generalized epilepsy with febrile seizures plus, type 2|not provided|Febrile seizures, familial, 3a|Generalized epilepsy with febrile seizures plus, type 2;Developmental and epileptic encephalopathy 6B;Severe myoclonic epilepsy in infancy;Migraine, familial hemiplegic, 3|Severe myoclonic epilepsy in infancy",182389
SCN1A,"Febrile seizures, familial, 3a|carbamazepine response - Dosage|Developmental and epileptic encephalopathy",182389
SCN1A,"Generalized epilepsy with febrile seizures plus, type 2",182389
SCN1A,"Migraine, familial hemiplegic, 3|not provided|Developmental and epileptic encephalopathy|Severe myoclonic epilepsy in infancy",182389
SCN1A,"Migraine, familial hemiplegic, 3",182389
FOXG1,"Rett syndrome, congenital variant|FOXG1 disorder",164874
FOXG1,"Rett syndrome, congenital variant|FOXG1 disorder|not provided|Inborn genetic diseases",164874
FOXG1,"Rett syndrome, congenital variant|FOXG1 disorder|not provided",164874
SLC2A1,Encephalopathy due to GLUT1 deficiency,138140
SLC2A1,"not specified|GLUT1 deficiency syndrome 1, autosomal recessive|Encephalopathy due to GLUT1 deficiency|Hereditary cryohydrocytosis with reduced stomatin|Childhood onset GLUT1 deficiency syndrome 2|Dystonia 9|Epilepsy, idiopathic generalized, susceptibility to, 12",138140
SLC2A1,"GLUT1 deficiency syndrome 1, autosomal recessive|Encephalopathy due to GLUT1 deficiency",138140
SLC2A1,"Encephalopathy due to GLUT1 deficiency|not provided|GLUT1 deficiency syndrome 1, autosomal recessive|Childhood onset GLUT1 deficiency syndrome 2",138140
SLC2A1,"Childhood onset GLUT1 deficiency syndrome 2|not provided|GLUT1 deficiency syndrome 1, autosomal recessive|Encephalopathy due to GLUT1 deficiency",138140
SLC2A1,"Childhood onset GLUT1 deficiency syndrome 2|not provided|GLUT1 deficiency syndrome 1, autosomal recessive|Encephalopathy due to GLUT1 deficiency|Dystonia 9|Seizure",138140
SLC2A1,"not provided|Childhood onset GLUT1 deficiency syndrome 2|GLUT1 deficiency syndrome 1, autosomal recessive|Encephalopathy due to GLUT1 deficiency",138140
SLC2A1,Childhood onset GLUT1 deficiency syndrome 2,138140
SLC2A1,"Childhood onset GLUT1 deficiency syndrome 2|not provided|GLUT1 deficiency syndrome 1, autosomal recessive|Encephalopathy due to GLUT1 deficiency|Seizure|SLC2A1-related disorder",138140
SLC2A1,"Encephalopathy due to GLUT1 deficiency|Childhood onset GLUT1 deficiency syndrome 2|Dystonia 9|not provided|GLUT1 deficiency syndrome 1, autosomal recessive|Hereditary cryohydrocytosis with reduced stomatin|SLC2A1-related disorder|Chromosome 17q23.1-q23.2 deletion syndrome|Inborn genetic diseases",138140
SLC2A1,"Childhood onset GLUT1 deficiency syndrome 2|GLUT1 deficiency syndrome 1, autosomal recessive|not provided|Intellectual disability|Encephalopathy due to GLUT1 deficiency|Developmental disorder|Encephalopathy due to GLUT1 deficiency;Childhood onset GLUT1 deficiency syndrome 2",138140
SLC2A1,"GLUT1 deficiency syndrome 1, autosomal recessive|not provided|SLC2A1-related disorder|Encephalopathy due to GLUT1 deficiency",138140
GABRG2,"Febrile seizures, familial, 8",137164
GABRG2,"not provided|EPILEPSY, CHILDHOOD ABSENCE, SUSCEPTIBILITY TO, 2|Febrile seizures, familial, 8|EPILEPSY, CHILDHOOD ABSENCE, SUSCEPTIBILITY TO, 2;Febrile seizures, familial, 8",137164
GABRG2,"EPILEPSY, CHILDHOOD ABSENCE, SUSCEPTIBILITY TO, 2|Febrile seizures, familial, 8",137164
GABRA1,"Epilepsy, idiopathic generalized, susceptibility to, 13",137160
GABRA1,"Epilepsy, childhood absence 4",137160
ALDH7A1,Pyridoxine-dependent epilepsy|not provided|Seizure|Pyridoxine-dependent epilepsy caused by ALDH7A1 mutant,107323
ALDH7A1,Pyridoxine-dependent epilepsy|Seizure;Ventriculomegaly|not provided|Inborn genetic diseases|See cases,107323
ALDH7A1,Pyridoxine-dependent epilepsy|See cases|Cervical cancer,107323
ALDH7A1,Pyridoxine-dependent epilepsy,107323
ALDH7A1,Pyridoxine-dependent epilepsy|not provided|Abnormality of the nervous system,107323
ALDH7A1,not provided|Pyridoxine-dependent epilepsy,107323
ALDH7A1,Pyridoxine-dependent epilepsy|not provided,107323
ALDH7A1,Pyridoxine-dependent epilepsy|not provided|Inborn genetic diseases|ALDH7A1-related disorder|Seizure,107323
CDKL5,"Developmental and epileptic encephalopathy, 2|Angelman syndrome-like;Developmental and epileptic encephalopathy, 2|CDKL5 disorder",300203
SCN9A,"Primary erythromelalgia|not specified|Neuropathy, hereditary sensory and autonomic, type 2A;Generalized epilepsy with febrile seizures plus, type 7|not provided|Inherited Erythromelalgia|Channelopathy-associated congenital insensitivity to pain, autosomal recessive|Paroxysmal extreme pain disorder",603415
SCN9A,"Primary erythromelalgia|not provided|Generalized epilepsy with febrile seizures plus, type 7;Neuropathy, hereditary sensory and autonomic, type 2A",603415
SCN9A,"Primary erythromelalgia|Generalized epilepsy with febrile seizures plus, type 7;Neuropathy, hereditary sensory and autonomic, type 2A|Inborn genetic diseases",603415
KCNQ3,"not specified|Seizures, benign familial neonatal, 2|not provided|Benign neonatal seizures|Benign Neonatal Epilepsy|Inborn genetic diseases",602232
KCNQ3,"not provided|Benign neonatal seizures|Seizures, benign familial neonatal, 2|Inborn genetic diseases",602232
KCNQ3,"Benign neonatal seizures|not specified|Benign Neonatal Epilepsy|Seizures, benign familial neonatal, 2|Intellectual disability|not provided|Inborn genetic diseases|KCNQ3-related disorder",602232
KCNQ3,"not provided|Benign Neonatal Epilepsy|Benign neonatal seizures|Seizures, benign familial neonatal, 2|Inborn genetic diseases",602232
KCNQ3,"Benign neonatal seizures|not specified|Seizures, benign familial neonatal, 2",602232
KCNQ3,"Seizures, benign familial neonatal, 2|Benign neonatal seizures|not provided",602232
KCNQ2,"Seizure|Seizures, benign familial neonatal, 1",602235
KCNQ2,"Seizures, benign familial neonatal, 1|Developmental and epileptic encephalopathy",602235
KCNQ2,"Seizures, benign familial neonatal, 1",602235
KCNQ2,"Seizures, benign familial neonatal, 1|Developmental and epileptic encephalopathy, 7|Developmental and epileptic encephalopathy",602235
KCNQ2,"Seizures, benign familial neonatal, 1|not provided|Developmental and epileptic encephalopathy|Seizure|Inborn genetic diseases|Developmental and epileptic encephalopathy, 7",602235
KCNQ2,"Seizures, benign familial neonatal, 1|not specified|Developmental and epileptic encephalopathy|Inborn genetic diseases|not provided|Complex neurodevelopmental disorder",602235
KCNQ2,"not provided|Seizures, benign familial neonatal, 1|Developmental and epileptic encephalopathy|Developmental and epileptic encephalopathy, 7",602235
KCNQ2,"Developmental and epileptic encephalopathy|not provided|Seizures, benign familial neonatal, 1|KCNQ2-related disorder|Seizure",602235
KCNQ2,"Seizures, benign familial neonatal, 1|not provided|Epileptic encephalopathy|Developmental and epileptic encephalopathy|Inborn genetic diseases|Complex neurodevelopmental disorder",602235
KCNQ2,"not provided|Developmental and epileptic encephalopathy|Seizures, benign familial neonatal, 1",602235
KCNQ2,"not provided|Seizures, benign familial neonatal, 1|Developmental and epileptic encephalopathy",602235
KCNQ2,"Seizures, benign familial neonatal, 1|not specified|Developmental and epileptic encephalopathy|not provided|Inborn genetic diseases|Developmental and epileptic encephalopathy, 7|Complex neurodevelopmental disorder",602235
KCNQ2,"Seizures, benign familial neonatal, 1|Developmental and epileptic encephalopathy|not provided",602235
KCNQ2,"not provided|Seizures, benign familial neonatal, 1|Developmental and epileptic encephalopathy, 7",602235
KCNQ2,Benign neonatal seizures|Developmental and epileptic encephalopathy,602235
KCNQ2,"not provided|Seizures, benign familial neonatal, 1|Developmental and epileptic encephalopathy|Seizures, benign familial neonatal, 1;Developmental and epileptic encephalopathy, 7|KCNQ2-related disorder|Developmental and epileptic encephalopathy, 7",602235
KCNQ2,"Developmental and epileptic encephalopathy, 1|Seizures, benign familial neonatal, 1",602235
KCNQ2,"Developmental and epileptic encephalopathy, 7|not provided|Seizures, benign familial neonatal, 1|Developmental and epileptic encephalopathy|KCNQ2-related disorder|Complex neurodevelopmental disorder",602235
KCNQ2,"Seizures, benign familial neonatal, 1|Developmental and epileptic encephalopathy|Complex neurodevelopmental disorder",602235
KCNQ2,"not provided|Developmental and epileptic encephalopathy, 7|Developmental and epileptic encephalopathy|Seizures, benign familial neonatal, 1|Inborn genetic diseases",602235
KCNQ2,"not provided|Seizures, benign familial neonatal, 1|Developmental and epileptic encephalopathy|Inborn genetic diseases",602235
KCNQ2,"Seizures, benign familial neonatal, 1|Complex neurodevelopmental disorder|KCNQ2-related disorder",602235
KCNQ2,"Seizures, benign familial neonatal, 2",602235
KCNQ2,"not provided|Developmental and epileptic encephalopathy|Developmental and epileptic encephalopathy, 7|Complex neurodevelopmental disorder|KCNQ2-related disorder|Seizure",602235
KCNQ2,"not provided|Complex neurodevelopmental disorder|Seizures, benign familial neonatal, 1|Developmental and epileptic encephalopathy|Seizure",602235
KCNQ2,"Seizures, benign familial neonatal, 1|Developmental and epileptic encephalopathy, 7",602235
SCN2A,"Developmental and epileptic encephalopathy, 11|Complex neurodevelopmental disorder|Episodic ataxia, type 9|not provided|Developmental and epileptic encephalopathy, 11;Seizures, benign familial infantile, 3",182390
SCN2A,"Developmental and epileptic encephalopathy, 11|Seizures, benign familial infantile, 3|not provided|Seizures, benign familial infantile, 3;Developmental and epileptic encephalopathy, 11|Complex neurodevelopmental disorder|West syndrome|Seizures, benign familial infantile, 3;Developmental and epileptic encephalopathy, 11;Episodic ataxia, type 9",182390
SCN2A,"Developmental and epileptic encephalopathy, 11|Complex neurodevelopmental disorder",182390
SCN2A,"Episodic ataxia, type 9|Seizures, benign familial infantile, 3|Epileptic encephalopathy|not provided|Developmental and epileptic encephalopathy, 11|Seizures, benign familial infantile, 3;Developmental and epileptic encephalopathy, 11|Infantile spasms|Complex neurodevelopmental disorder|SCN2A-related disorder|Inborn genetic diseases",182390
SCN2A,"Seizures, benign familial infantile, 3|Complex neurodevelopmental disorder",182390
ARX,"Developmental and epileptic encephalopathy, 1|Intellectual disability, X-linked, with or without seizures, ARX-related",300382
SCN8A,"Developmental and epileptic encephalopathy, 13|Developmental and epileptic encephalopathy|Complex neurodevelopmental disorder",600702
SCN9A,"Small fiber neuropathy|Neuropathy, hereditary sensory and autonomic, type 2A;Generalized epilepsy with febrile seizures plus, type 7",603415
SCN9A,"not specified|Neuropathy, hereditary sensory and autonomic, type 2A;Generalized epilepsy with febrile seizures plus, type 7|Channelopathy-associated congenital insensitivity to pain, autosomal recessive|Paroxysmal extreme pain disorder|not provided|Neuropathy, hereditary sensory and autonomic, type 2A|Primary erythromelalgia|Autism spectrum disorder",603415
SCN9A,"not specified|Paroxysmal extreme pain disorder|Small fiber neuropathy|Channelopathy-associated congenital insensitivity to pain, autosomal recessive|Neuropathy, hereditary sensory and autonomic, type 2A;Generalized epilepsy with febrile seizures plus, type 7|Primary erythromelalgia|not provided",603415
PLCB1,"Developmental and epileptic encephalopathy, 12",607120
PRRT2,Episodic kinesigenic dyskinesia 1|not provided|Episodic kinesigenic dyskinesia,614386
PRRT2,Episodic kinesigenic dyskinesia 1,614386
PRRT2,Infantile convulsions and choreoathetosis|not provided|Episodic kinesigenic dyskinesia|Episodic kinesigenic dyskinesia 1,614386
PRRT2,Infantile convulsions and choreoathetosis|Episodic kinesigenic dyskinesia,614386
PRRT2,"Seizures, benign familial infantile, 2",614386
PRRT2,"Infantile convulsions and choreoathetosis|not provided|Episodic kinesigenic dyskinesia|Episodic kinesigenic dyskinesia 1|Seizures, benign familial infantile, 2",614386
PRRT2,Infantile convulsions and choreoathetosis|Episodic kinesigenic dyskinesia|not provided,614386
PRRT2,Episodic kinesigenic dyskinesia 1|Infantile convulsions and choreoathetosis|Inborn genetic diseases,614386
PRRT2,Episodic kinesigenic dyskinesia 1|Episodic kinesigenic dyskinesia|not specified,614386
MECP2,Rett syndrome|not specified|Severe neonatal-onset encephalopathy with microcephaly|not provided|MECP2-related disorder,300005
MECP2,X-linked intellectual disability-psychosis-macroorchidism syndrome|not specified|Severe neonatal-onset encephalopathy with microcephaly|not provided|Rett syndrome|MECP2-related disorder,300005
MECP2,X-linked intellectual disability-psychosis-macroorchidism syndrome|not specified|not provided|Severe neonatal-onset encephalopathy with microcephaly|Intellectual disability|Inborn genetic diseases|Rett syndrome|MECP2-related disorder,300005
MECP2,Rett syndrome|not specified|not provided|Severe neonatal-onset encephalopathy with microcephaly|MECP2-related disorder,300005
MECP2,"Rett syndrome|Autism, susceptibility to, X-linked 3|Syndromic X-linked intellectual disability Lubs type|Inborn genetic diseases|not specified|Severe neonatal-onset encephalopathy with microcephaly",300005
MECP2,Rett syndrome|X-linked intellectual disability-psychosis-macroorchidism syndrome,300005
MECP2,Rett syndrome|X-linked intellectual disability-psychosis-macroorchidism syndrome|not specified|not provided|Severe neonatal-onset encephalopathy with microcephaly|Inborn genetic diseases|MECP2-related disorder,300005
SCN1A,"Severe myoclonic epilepsy in infancy|not specified|Migraine, familial hemiplegic, 3|Epilepsy|Developmental and epileptic encephalopathy|Generalized epilepsy with febrile seizures plus, type 2|not provided|Inborn genetic diseases",182389
SCN1A,"Generalized epilepsy with febrile seizures plus|not specified|Epilepsy|Migraine, familial hemiplegic, 3|Developmental and epileptic encephalopathy|Generalized epilepsy with febrile seizures plus, type 2|not provided|Inborn genetic diseases",182389
SCN1A,"Severe myoclonic epilepsy in infancy|Migraine, familial hemiplegic, 3|Developmental and epileptic encephalopathy|not specified|Epilepsy|Generalized epilepsy with febrile seizures plus, type 2|not provided|Inborn genetic diseases",182389
SLC2A1,"Dystonia 9|not provided|GLUT1 deficiency syndrome 1, autosomal recessive|Encephalopathy due to GLUT1 deficiency",138140
SLC2A1,"Epilepsy, idiopathic generalized, susceptibility to, 12|not provided|GLUT1 deficiency syndrome 1, autosomal recessive|Encephalopathy due to GLUT1 deficiency",138140
STXBP1,Variant of unknown significance,602926
SLC2A1,"Epilepsy, idiopathic generalized, susceptibility to, 12",138140
PRRT2,"Episodic kinesigenic dyskinesia 1|not provided|Episodic kinesigenic dyskinesia|Inborn genetic diseases|Seizures, benign familial infantile, 2|Infantile convulsions and choreoathetosis|Seizures, benign familial infantile, 2;Infantile convulsions and choreoathetosis;Episodic kinesigenic dyskinesia 1|PRRT2-related disorder|PRRT2-associated paroxysmal movement disorder",614386
PRRT2,Infantile convulsions and choreoathetosis,614386
PRRT2,"Seizures, benign familial infantile, 2|Episodic kinesigenic dyskinesia 1|not provided",614386
PRRT2,"Episodic kinesigenic dyskinesia 1|Seizures, benign familial infantile, 2|Seizures, benign familial infantile, 2;Episodic kinesigenic dyskinesia 1;Infantile convulsions and choreoathetosis",614386
KCNQ2,"not provided|Seizures, benign familial neonatal, 1;Developmental and epileptic encephalopathy, 7|Developmental and epileptic encephalopathy, 7|Developmental and epileptic encephalopathy|Inborn genetic diseases",602235
KCNQ2,"Developmental and epileptic encephalopathy, 7|not provided",602235
KCNQ2,"Developmental and epileptic encephalopathy, 7|Seizures, benign familial neonatal, 1|not provided",602235
TSC1,not provided|Tuberous sclerosis syndrome|not specified|Hereditary cancer-predisposing syndrome|Tuberous sclerosis 1|Isolated focal cortical dysplasia type II|Isolated focal cortical dysplasia type II;Tuberous sclerosis 1;Lymphangiomyomatosis|TSC1-related disorder,605284
TSC1,Autism spectrum disorder|Tuberous sclerosis syndrome|not provided|Hereditary cancer-predisposing syndrome|not specified|Isolated focal cortical dysplasia type II|Tuberous sclerosis 1|Isolated focal cortical dysplasia type II;Tuberous sclerosis 1;Lymphangiomyomatosis,605284
TSC1,not provided|Tuberous sclerosis syndrome|Tuberous sclerosis 1|Lymphangiomyomatosis;Tuberous sclerosis 1;Isolated focal cortical dysplasia type II|Hereditary cancer-predisposing syndrome,605284
TSC1,not provided|Tuberous sclerosis syndrome|not specified,605284
TSC1,not provided|Tuberous sclerosis syndrome|not specified|Isolated focal cortical dysplasia type II|Primitive neuroectodermal tumor|Hereditary cancer-predisposing syndrome|Tuberous sclerosis 1,605284
TSC1,not provided|Tuberous sclerosis syndrome|not specified|Hereditary cancer-predisposing syndrome|Tuberous sclerosis 1|TSC1-related disorder|Isolated focal cortical dysplasia type II,605284
TSC1,not provided|not specified|Tuberous sclerosis syndrome|Tuberous sclerosis 1|Hereditary cancer-predisposing syndrome,605284
TSC1,not provided|Hereditary cancer-predisposing syndrome|Tuberous sclerosis 1|Tuberous sclerosis syndrome,605284
TSC1,not provided|Isolated focal cortical dysplasia type II|Hereditary cancer-predisposing syndrome|Tuberous sclerosis 1|Isolated focal cortical dysplasia type II;Tuberous sclerosis 1;Lymphangiomyomatosis|Tuberous sclerosis syndrome|TSC1-related disorder,605284
TSC1,not provided|Tuberous sclerosis syndrome|Hereditary cancer-predisposing syndrome|Tuberous sclerosis 1|Isolated focal cortical dysplasia type II|not specified,605284
TSC1,not provided|Tuberous sclerosis syndrome|Hereditary cancer-predisposing syndrome|not specified|Isolated focal cortical dysplasia type II|Tuberous sclerosis 1,605284
TSC1,not provided|Tuberous sclerosis syndrome|Tuberous sclerosis 1|Hereditary cancer-predisposing syndrome|not specified,605284
TSC1,not provided|Hereditary cancer-predisposing syndrome|Isolated focal cortical dysplasia type II|Tuberous sclerosis 1|Tuberous sclerosis syndrome,605284
TSC1,not provided|Tuberous sclerosis 1|Hereditary cancer-predisposing syndrome,605284
TSC1,not provided|Lymphangiomyomatosis;Tuberous sclerosis syndrome|Malignant tumor of urinary bladder|Hereditary cancer-predisposing syndrome|Tuberous sclerosis syndrome|not specified|Tuberous sclerosis 1|Isolated focal cortical dysplasia type II|Malignant tumor of breast,605284
TSC2,not provided|Tuberous sclerosis syndrome|not specified|Hereditary cancer-predisposing syndrome|Isolated focal cortical dysplasia type II|Tuberous sclerosis 2|Cervical cancer|Uterine corpus endometrial carcinoma|Ovarian serous cystadenocarcinoma|Colorectal cancer|Melanoma,191092
TSC2,not provided|Tuberous sclerosis syndrome|not specified|Hereditary cancer-predisposing syndrome|Tuberous sclerosis 2|Tuberous sclerosis 2;Isolated focal cortical dysplasia type II;Lymphangiomyomatosis,191092
TSC2,"not provided|Hereditary cancer-predisposing syndrome|Tuberous sclerosis syndrome|Tuberous sclerosis 2|Hirschsprung disease, susceptibility to, 1|not specified|TSC2-related disorder|Isolated focal cortical dysplasia type II;Tuberous sclerosis 2;Lymphangiomyomatosis",191092
TSC2,not provided|Tuberous sclerosis syndrome|Tuberous sclerosis 2|Hereditary cancer-predisposing syndrome|not specified,191092
TSC2,not provided|not specified|Tuberous sclerosis 2|Hereditary cancer-predisposing syndrome,191092
TSC2,Tuberous sclerosis syndrome|not provided|Tuberous sclerosis 2|not specified|Hereditary cancer-predisposing syndrome|Isolated focal cortical dysplasia type II;Tuberous sclerosis 2;Lymphangiomyomatosis,191092
TSC2,not provided|Hereditary cancer-predisposing syndrome|Tuberous sclerosis syndrome|not specified|Tuberous sclerosis 2,191092
TSC2,not provided|Tuberous sclerosis syndrome|Hereditary cancer-predisposing syndrome|Tuberous sclerosis 2|TSC2-related disorder|not specified,191092
TSC2,not provided|Hereditary cancer-predisposing syndrome|not specified|Tuberous sclerosis syndrome|Tuberous sclerosis 2,191092
TSC2,Tuberous sclerosis syndrome|not provided|Hereditary cancer-predisposing syndrome|not specified|Tuberous sclerosis 2|TSC2-related disorder|Tuberous sclerosis 2;Isolated focal cortical dysplasia type II;Lymphangiomyomatosis,191092
TSC2,Tuberous sclerosis syndrome|not provided|not specified|Hereditary cancer-predisposing syndrome|Tuberous sclerosis 2|Tuberous sclerosis 2;Isolated focal cortical dysplasia type II;Lymphangiomyomatosis,191092
TSC2,not provided|Tuberous sclerosis syndrome|not specified|Hereditary cancer-predisposing syndrome|Tuberous sclerosis 2,191092
TSC2,not provided|Tuberous sclerosis syndrome|Tuberous sclerosis 2|not specified|Hereditary cancer-predisposing syndrome|Isolated focal cortical dysplasia type II;Tuberous sclerosis 2;Lymphangiomyomatosis,191092
TSC2,not provided|not specified|Tuberous sclerosis syndrome|Hereditary cancer-predisposing syndrome|Tuberous sclerosis 2|Isolated focal cortical dysplasia type II;Lymphangiomyomatosis;Tuberous sclerosis 2,191092
TSC2,not provided|Tuberous sclerosis syndrome|not specified|Hereditary cancer-predisposing syndrome|Tuberous sclerosis 2|Ovarian cancer|Isolated focal cortical dysplasia type II;Lymphangiomyomatosis;Tuberous sclerosis 2,191092
TSC2,not provided|Hereditary cancer-predisposing syndrome|Tuberous sclerosis 2,191092
TSC2,not provided|Tuberous sclerosis syndrome|not specified|Tuberous sclerosis 2;Isolated focal cortical dysplasia type II;Lymphangiomyomatosis|Tuberous sclerosis 2|Hereditary cancer-predisposing syndrome|TSC2-related disorder,191092
TSC2,not provided|not specified|Autism spectrum disorder|Tuberous sclerosis syndrome|Tuberous sclerosis 2|Hereditary cancer-predisposing syndrome|Tuberous sclerosis 2;Isolated focal cortical dysplasia type II;Lymphangiomyomatosis,191092
TSC2,not provided|Tuberous sclerosis 2|Hereditary cancer-predisposing syndrome|Isolated focal cortical dysplasia type II,191092
TSC2,not provided,191092
TSC2,not provided|Hereditary cancer-predisposing syndrome|not specified|Tuberous sclerosis syndrome|Tuberous sclerosis 2|TSC2-related disorder,191092
TSC2,not provided|Hereditary cancer-predisposing syndrome|Tuberous sclerosis 2|TSC2-related disorder,191092
TSC2,not provided|not specified|Tuberous sclerosis syndrome|Lymphangiomyomatosis;Tuberous sclerosis syndrome|Tuberous sclerosis 2|Hereditary cancer-predisposing syndrome|Tuberous sclerosis and lymphangiomyomatosis|Lymphangiomyomatosis|Isolated focal cortical dysplasia type II;Lymphangiomyomatosis;Tuberous sclerosis 2,191092
TSC2,not provided|Hereditary cancer-predisposing syndrome|Tuberous sclerosis 2|Tuberous sclerosis syndrome,191092
TSC1,Tuberous sclerosis syndrome|Tuberous sclerosis 1,605284
TSC1,Tuberous sclerosis syndrome|Hereditary cancer-predisposing syndrome|not specified|Tuberous sclerosis 1|not provided,605284
TSC1,Tuberous sclerosis syndrome,605284
TSC1,Tuberous sclerosis syndrome|Lymphangiomyomatosis;Tuberous sclerosis 1;Isolated focal cortical dysplasia type II|Tuberous sclerosis 1|Hereditary cancer-predisposing syndrome,605284
TSC1,Malignant tumor of urinary bladder|not provided|Tuberous sclerosis 1|Hereditary cancer-predisposing syndrome,605284
TSC1,Tuberous sclerosis syndrome|Tuberous sclerosis 1|Hereditary cancer-predisposing syndrome|Isolated focal cortical dysplasia type II|not provided,605284
TSC1,Tuberous sclerosis syndrome|not provided|not specified|Isolated focal cortical dysplasia type II|Tuberous sclerosis 1,605284
TSC1,Tuberous sclerosis syndrome|not provided|Tuberous sclerosis 1,605284
TSC1,Tuberous sclerosis syndrome|not provided,605284
TSC1,Tuberous sclerosis syndrome|not specified|Malignant tumor of urinary bladder|not provided|Tuberous sclerosis 1,605284
TSC1,not specified|Tuberous sclerosis syndrome|Hereditary cancer-predisposing syndrome|Isolated focal cortical dysplasia type II|not provided|Tuberous sclerosis 1,605284
TSC1,Malignant tumor of urinary bladder|Tuberous sclerosis syndrome|not specified|Isolated focal cortical dysplasia type II|Hereditary cancer-predisposing syndrome|Tuberous sclerosis 1|TSC1-related disorder,605284
TSC1,Tuberous sclerosis 1|Tuberous sclerosis syndrome|Hereditary cancer-predisposing syndrome,605284
TSC1,Tuberous sclerosis syndrome|not provided|Hereditary cancer-predisposing syndrome|Tuberous sclerosis 1,605284
TSC1,Tuberous sclerosis syndrome|not specified|Tuberous sclerosis 1|Hereditary cancer-predisposing syndrome|not provided,605284
TSC1,Tuberous sclerosis syndrome|Tuberous sclerosis 1|not provided|Hereditary cancer-predisposing syndrome,605284
TSC1,Malignant tumor of urinary bladder,605284
TSC1,Tuberous sclerosis syndrome|not specified|Tuberous sclerosis 1|Hereditary cancer-predisposing syndrome|Lymphangiomyomatosis;Tuberous sclerosis 1;Isolated focal cortical dysplasia type II,605284
TSC1,Tuberous sclerosis syndrome|Tuberous sclerosis 1|Hereditary cancer-predisposing syndrome|Isolated focal cortical dysplasia type II|not provided|not specified|Lymphangiomyomatosis;Tuberous sclerosis 1;Isolated focal cortical dysplasia type II|TSC1-related disorder|Hearing impairment,605284
TSC1,Tuberous sclerosis syndrome|Hereditary cancer-predisposing syndrome|Tuberous sclerosis 1|not provided|not specified|Isolated focal cortical dysplasia type II|Colorectal cancer|Uterine carcinosarcoma,605284
TSC1,Autism spectrum disorder|not specified|Hereditary cancer-predisposing syndrome|Tuberous sclerosis syndrome|Tuberous sclerosis 1|Isolated focal cortical dysplasia type II|not provided,605284
TSC1,Malignant tumor of urinary bladder|Hereditary cancer-predisposing syndrome,605284
TSC1,Tuberous sclerosis syndrome|Tuberous sclerosis 1|not provided|Lymphangiomyomatosis;Isolated focal cortical dysplasia type II;Tuberous sclerosis 1|Hereditary cancer-predisposing syndrome,605284
TSC1,Tuberous sclerosis syndrome|not provided|Isolated focal cortical dysplasia type II|Tuberous sclerosis 1|not specified|Hereditary cancer-predisposing syndrome,605284
TSC1,Tuberous sclerosis syndrome|not specified|not provided,605284
TSC1,Tuberous sclerosis syndrome|not provided|Tuberous sclerosis 1|Lymphangiomyomatosis|Hereditary cancer-predisposing syndrome|Isolated focal cortical dysplasia type II;Tuberous sclerosis 1;Lymphangiomyomatosis,605284
TSC1,Hereditary cancer-predisposing syndrome|TSC1-related disorder|Tuberous sclerosis syndrome|Malignant tumor of urinary bladder|not provided|Tuberous sclerosis 1|Tuberous sclerosis 1;Lymphangiomyomatosis;Isolated focal cortical dysplasia type II,605284
TSC1,Tuberous sclerosis syndrome|not specified|Hereditary cancer-predisposing syndrome|Tuberous sclerosis 1|not provided|Lymphangiomyomatosis;Isolated focal cortical dysplasia type II;Tuberous sclerosis 1,605284
TSC1,Tuberous sclerosis syndrome|Tuberous sclerosis 1|not provided|TSC1-related disorder|not specified|Hereditary cancer-predisposing syndrome,605284
TSC1,Tuberous sclerosis syndrome|Tuberous sclerosis 1|Hereditary cancer-predisposing syndrome,605284
TSC1,Tuberous sclerosis syndrome|Malignant tumor of urinary bladder|not provided|Tuberous sclerosis 1,605284
TSC1,Tuberous sclerosis syndrome|Tuberous sclerosis 1|not provided,605284
TSC1,Tuberous sclerosis syndrome|Malignant tumor of urinary bladder,605284
TSC1,Tuberous sclerosis syndrome|Hereditary cancer-predisposing syndrome|not provided|Tuberous sclerosis 1,605284
TSC1,Tuberous sclerosis syndrome|Malignant tumor of urinary bladder|Hereditary cancer-predisposing syndrome|not specified|Isolated focal cortical dysplasia type II|not provided|Tuberous sclerosis 1|Isolated focal cortical dysplasia type II;Lymphangiomyomatosis;Tuberous sclerosis 1,605284
TSC1,Tuberous sclerosis syndrome|Hereditary cancer-predisposing syndrome,605284
TSC1,Tuberous sclerosis syndrome|Malignant tumor of urinary bladder|Tuberous sclerosis 1|not provided,605284
TSC1,Tuberous sclerosis syndrome|not provided|Tuberous sclerosis 1|Hereditary cancer-predisposing syndrome,605284
TSC1,not provided|Tuberous sclerosis syndrome|Hereditary cancer-predisposing syndrome|Tuberous sclerosis 1,605284
TSC1,Tuberous sclerosis syndrome|Tuberous sclerosis 1|not provided|Lymphangiomyomatosis;Tuberous sclerosis 1;Isolated focal cortical dysplasia type II|Hereditary cancer-predisposing syndrome,605284
TSC1,Tuberous sclerosis syndrome|Tuberous sclerosis 1|Hereditary cancer-predisposing syndrome|not specified|not provided,605284
TSC1,Tuberous sclerosis syndrome|Colon adenocarcinoma,605284
TSC1,Tuberous sclerosis syndrome|Hereditary cancer-predisposing syndrome|not specified|Tuberous sclerosis 1,605284
TSC1,Tuberous sclerosis syndrome|not provided|TSC1-related disorder|Hereditary cancer-predisposing syndrome,605284
TSC1,Tuberous sclerosis syndrome|Isolated focal cortical dysplasia type II|not provided,605284
TSC1,Tuberous sclerosis syndrome|Hereditary cancer-predisposing syndrome|Tuberous sclerosis 1|not provided,605284
TSC1,Malignant tumor of urinary bladder|Tuberous sclerosis syndrome|Tuberous sclerosis 1|not provided|Lymphangiomyomatosis;Isolated focal cortical dysplasia type II;Tuberous sclerosis 1|Hereditary cancer-predisposing syndrome,605284
TSC1,Tuberous sclerosis syndrome|not provided|Lymphangiomyomatosis;Tuberous sclerosis 1;Isolated focal cortical dysplasia type II,605284
TSC1,Tuberous sclerosis syndrome|not specified|not provided|Tuberous sclerosis 1,605284
TSC1,Tuberous sclerosis syndrome|See cases,605284
TSC1,Tuberous sclerosis syndrome|Lymphangiomyomatosis;Tuberous sclerosis 1|Tuberous sclerosis 1,605284
TSC1,Tuberous sclerosis syndrome|not provided|Tuberous sclerosis 1|Hereditary cancer-predisposing syndrome|Isolated focal cortical dysplasia type II,605284
TSC1,Tuberous sclerosis syndrome|not provided|Tuberous sclerosis 1|Malignant tumor of urinary bladder,605284
TSC1,Tuberous sclerosis syndrome|Hereditary cancer-predisposing syndrome|not specified|Isolated focal cortical dysplasia type II|not provided|Tuberous sclerosis 1,605284
TSC1,Tuberous sclerosis syndrome|Tuberous sclerosis 1|TSC1-related disorder,605284
TSC1,Tuberous sclerosis syndrome|Hereditary cancer-predisposing syndrome|Tuberous sclerosis 1|Lymphangiomyomatosis;Tuberous sclerosis 1;Isolated focal cortical dysplasia type II,605284
TSC1,Tuberous sclerosis syndrome|Tuberous sclerosis 1|not provided|Cardiac rhabdomyoma;Hamartoma;Seizure|Hereditary cancer-predisposing syndrome|Lymphangiomyomatosis;Isolated focal cortical dysplasia type II;Tuberous sclerosis 1,605284
TSC1,Tuberous sclerosis syndrome|Tuberous sclerosis 1|not specified|not provided,605284
TSC1,Tuberous sclerosis syndrome|Tuberous sclerosis 1|Hereditary cancer-predisposing syndrome|Lymphangiomyomatosis;Tuberous sclerosis 1;Isolated focal cortical dysplasia type II,605284
TSC1,Tuberous sclerosis syndrome|Tuberous sclerosis 1|Hereditary cancer-predisposing syndrome|not provided,605284
TSC1,Tuberous sclerosis syndrome|Malignant tumor of urinary bladder|not provided,605284
TSC1,Tuberous sclerosis syndrome|Tuberous sclerosis 1|Multiple renal cysts;Cortical tubers;Seizure|Lymphangiomyomatosis;Tuberous sclerosis 1;Isolated focal cortical dysplasia type II|not provided|Lymphangiomyomatosis,605284
TSC1,Tuberous sclerosis syndrome|Hereditary cancer-predisposing syndrome|not specified|Tuberous sclerosis 1|Isolated focal cortical dysplasia type II|not provided,605284
TSC1,Tuberous sclerosis syndrome|Isolated focal cortical dysplasia type II|not provided|Tuberous sclerosis 1|not specified|Hereditary cancer-predisposing syndrome,605284
TSC1,Tuberous sclerosis syndrome|not specified|Hereditary cancer-predisposing syndrome|Malignant tumor of urinary bladder|Tuberous sclerosis 1|Isolated focal cortical dysplasia type II|not provided|Isolated focal cortical dysplasia type II;Tuberous sclerosis 1;Lymphangiomyomatosis,605284
TSC1,Tuberous sclerosis syndrome|Tuberous sclerosis 1|Hereditary cancer-predisposing syndrome|not provided|Isolated focal cortical dysplasia type II;Lymphangiomyomatosis;Tuberous sclerosis 1|TSC1-related disorder,605284
TSC1,Tuberous sclerosis syndrome|Hereditary cancer-predisposing syndrome|Tuberous sclerosis 1,605284
TSC1,Tuberous sclerosis syndrome|Lymphangiomyomatosis;Tuberous sclerosis syndrome|Malignant tumor of urinary bladder|not specified|Hereditary cancer-predisposing syndrome|Isolated focal cortical dysplasia type II|Tuberous sclerosis 1|not provided,605284
TSC1,Tuberous sclerosis syndrome|not specified|Hereditary cancer-predisposing syndrome|Tuberous sclerosis 1|Isolated focal cortical dysplasia type II|not provided|Isolated focal cortical dysplasia type II;Tuberous sclerosis 1;Lymphangiomyomatosis,605284
TSC1,Tuberous sclerosis syndrome|Tuberous sclerosis 1|Hereditary cancer-predisposing syndrome|TSC1-related disorder|not provided,605284
TSC1,Tuberous sclerosis syndrome|Tuberous sclerosis 1|not specified|Hereditary cancer-predisposing syndrome|not provided|Isolated focal cortical dysplasia type II|TSC1-related disorder,605284
TSC1,Lymphangiomyomatosis;Tuberous sclerosis syndrome|not specified|Tuberous sclerosis 1|Hereditary cancer-predisposing syndrome|TSC1-related disorder|Tuberous sclerosis syndrome,605284
TSC1,Tuberous sclerosis syndrome|Hereditary cancer-predisposing syndrome|Tuberous sclerosis 1|Isolated focal cortical dysplasia type II|not specified|not provided|Isolated focal cortical dysplasia type II;Tuberous sclerosis 1;Lymphangiomyomatosis,605284
TSC1,Tuberous sclerosis syndrome|Tuberous sclerosis 1|Hereditary cancer-predisposing syndrome|not provided|TSC1-related disorder,605284
TSC1,Malignant tumor of urinary bladder|Tuberous sclerosis syndrome|Hereditary cancer-predisposing syndrome|not specified|Tuberous sclerosis 1|not provided,605284
TSC1,Malignant tumor of urinary bladder|Tuberous sclerosis syndrome|not specified|Hereditary cancer-predisposing syndrome|Tuberous sclerosis 1|Isolated focal cortical dysplasia type II|not provided|Isolated focal cortical dysplasia type II;Lymphangiomyomatosis;Tuberous sclerosis 1,605284
TSC1,Tuberous sclerosis syndrome|TSC1-related disorder|Tuberous sclerosis 1,605284
TSC1,Malignant tumor of urinary bladder|Tuberous sclerosis 1|Hereditary cancer-predisposing syndrome,605284
TSC1,Tuberous sclerosis syndrome;Lymphangiomyomatosis|not provided,605284
TSC1,Tuberous sclerosis syndrome|not specified|Tuberous sclerosis 1,605284
TSC1,Tuberous sclerosis syndrome|not specified|Hereditary cancer-predisposing syndrome|Tuberous sclerosis 1|not provided|Isolated focal cortical dysplasia type II|TSC1-related disorder|Lymphangiomyomatosis;Isolated focal cortical dysplasia type II;Tuberous sclerosis 1,605284
TSC1,Tuberous sclerosis syndrome|Hereditary cancer-predisposing syndrome|Tuberous sclerosis 1|not specified|not provided,605284
TSC1,Tuberous sclerosis syndrome|Hereditary cancer-predisposing syndrome|Tuberous sclerosis 1|not provided|not specified|TSC1-related disorder,605284
TSC1,Tuberous sclerosis syndrome|Tuberous sclerosis 1|Hereditary cancer-predisposing syndrome|not specified|TSC1-related disorder|Isolated focal cortical dysplasia type II,605284
TSC1,Tuberous sclerosis syndrome|Tuberous sclerosis 1|Isolated focal cortical dysplasia type II|not specified|Hereditary cancer-predisposing syndrome|not provided,605284
TSC1,Malignant tumor of urinary bladder|not provided|Tuberous sclerosis 1,605284
TSC1,Tuberous sclerosis syndrome|not provided|Clear cell carcinoma of kidney|Tuberous sclerosis 1|Hereditary cancer-predisposing syndrome,605284
TSC1,Tuberous sclerosis syndrome|not provided|Tuberous sclerosis 1|Isolated focal cortical dysplasia type II;Tuberous sclerosis 1;Lymphangiomyomatosis|Hereditary cancer-predisposing syndrome,605284
TSC1,Tuberous sclerosis 1|Tuberous sclerosis syndrome|not provided|Hereditary cancer-predisposing syndrome,605284
TSC1,not provided|Tuberous sclerosis syndrome,605284
TSC1,Tuberous sclerosis syndrome|Lymphangiomyomatosis;Tuberous sclerosis syndrome|Tuberous sclerosis 1,605284
TSC1,Tuberous sclerosis syndrome|not provided|Hereditary cancer-predisposing syndrome,605284
TSC1,Tuberous sclerosis syndrome|not provided|Tuberous sclerosis 1|Renal insufficiency;Cortical dysplasia;Renal cortical cysts|Hereditary cancer-predisposing syndrome,605284
TSC2,Tuberous sclerosis syndrome|Tuberous sclerosis 2,191092
TSC2,Tuberous sclerosis syndrome|not provided,191092
TSC2,Tuberous sclerosis syndrome,191092
TSC2,Tuberous sclerosis syndrome|not provided|Tuberous sclerosis 2,191092
TSC2,Hereditary cancer-predisposing syndrome|not specified|Tuberous sclerosis 2|Tuberous sclerosis syndrome|not provided|Isolated focal cortical dysplasia type II;Tuberous sclerosis 2;Lymphangiomyomatosis,191092
TSC2,not provided|Tuberous sclerosis 2|not specified,191092
TSC2,Tuberous sclerosis 2|Hereditary cancer-predisposing syndrome|Tuberous sclerosis syndrome|not specified|not provided,191092
TSC2,Tuberous sclerosis syndrome|Tuberous sclerosis 2|not provided|Lymphangiomyomatosis;Isolated focal cortical dysplasia type II;Tuberous sclerosis 2|Lymphangiomyomatosis|Hereditary cancer-predisposing syndrome,191092
TSC2,Tuberous sclerosis syndrome|Tuberous sclerosis 2|not provided|Hereditary cancer-predisposing syndrome|Lymphangiomyomatosis;Isolated focal cortical dysplasia type II;Tuberous sclerosis 2|Lymphangiomyomatosis,191092
TSC2,Tuberous sclerosis syndrome|not specified|Hereditary cancer-predisposing syndrome|Tuberous sclerosis 2|not provided,191092
TSC2,Tuberous sclerosis syndrome|Tuberous sclerosis 2;Lymphangiomyomatosis;Isolated focal cortical dysplasia type II,191092
TSC2,Tuberous sclerosis syndrome|Tuberous sclerosis 2|Hereditary cancer-predisposing syndrome,191092
TSC2,Tuberous sclerosis syndrome|not specified|Lymphangiomyomatosis|Hereditary cancer-predisposing syndrome|Lymphangiomyomatosis;Tuberous sclerosis syndrome|not provided|Tuberous sclerosis 2,191092
TSC2,not specified|Tuberous sclerosis syndrome|Tuberous sclerosis 2|Hereditary cancer-predisposing syndrome|not provided|Lymphangiomyomatosis;Isolated focal cortical dysplasia type II;Tuberous sclerosis 2,191092
TSC2,Tuberous sclerosis syndrome|Hereditary cancer-predisposing syndrome,191092
TSC2,Tuberous sclerosis syndrome|Tuberous sclerosis 2|not provided,191092
TSC2,not specified|Tuberous sclerosis syndrome|Hereditary cancer-predisposing syndrome|not provided|Tuberous sclerosis 2|TSC2-related disorder,191092
TSC2,Tuberous sclerosis syndrome|Tuberous sclerosis 2|Hereditary cancer-predisposing syndrome|not provided,191092
TSC2,Tuberous sclerosis syndrome|Tuberous sclerosis 2|Hereditary cancer-predisposing syndrome|not provided|TSC2-related disorder,191092
TSC2,Tuberous sclerosis syndrome|Tuberous sclerosis 1|Tuberous sclerosis 2,191092
TSC2,Tuberous sclerosis syndrome|not provided|TSC2-related disorder,191092
TSC2,Tuberous sclerosis syndrome|Tuberous sclerosis 2|Hereditary cancer-predisposing syndrome|not specified|not provided|Lymphangiomyomatosis;Isolated focal cortical dysplasia type II;Tuberous sclerosis 2,191092
TSC2,Tuberous sclerosis syndrome|not provided|Tuberous sclerosis 2|Hereditary cancer-predisposing syndrome,191092
TSC2,Tuberous sclerosis syndrome|Lymphangiomyomatosis;Tuberous sclerosis syndrome|Tuberous sclerosis 2|Hereditary cancer-predisposing syndrome|Sarcoma|not provided|not specified,191092
TSC2,Tuberous sclerosis syndrome|not specified|not provided|Tuberous sclerosis 2,191092
TSC2,Tuberous sclerosis syndrome|not provided|Hereditary cancer-predisposing syndrome|Tuberous sclerosis 2|TSC2-related disorder,191092
TSC2,Tuberous sclerosis syndrome|not specified|Tuberous sclerosis 2|Hereditary cancer-predisposing syndrome|not provided|Lymphangiomyomatosis;Isolated focal cortical dysplasia type II;Tuberous sclerosis 2,191092
TSC2,Tuberous sclerosis syndrome|Tuberous sclerosis 2|not provided|Hereditary cancer-predisposing syndrome,191092
TSC2,Tuberous sclerosis syndrome|not provided|Hereditary cancer-predisposing syndrome,191092
TSC2,not specified|Tuberous sclerosis syndrome|Hereditary cancer-predisposing syndrome|Tuberous sclerosis 2|not provided,191092
TSC2,Tuberous sclerosis syndrome|Tuberous sclerosis 2|not provided|Hereditary cancer-predisposing syndrome|not specified|Hepatocellular carcinoma|TSC2-related disorder|Cervical cancer|Colon adenocarcinoma,191092
TSC2,Tuberous sclerosis syndrome|Tuberous sclerosis 2|Hereditary cancer-predisposing syndrome|TSC2-related disorder|Tuberous sclerosis 2;Lymphangiomyomatosis;Isolated focal cortical dysplasia type II,191092
TSC2,Tuberous sclerosis syndrome|Tuberous sclerosis 2|Hereditary cancer-predisposing syndrome|not provided|not specified,191092
TSC2,Tuberous sclerosis syndrome|Tuberous sclerosis 2|not provided|Tuberous sclerosis 2;Lymphangiomyomatosis;Isolated focal cortical dysplasia type II|TSC2-related disorder,191092
TSC2,Tuberous sclerosis syndrome|not provided|Tuberous sclerosis 2|Lymphangiomyomatosis;Isolated focal cortical dysplasia type II;Tuberous sclerosis 2,191092
TSC2,Tuberous sclerosis syndrome|not provided|Lung cancer,191092
TSC2,Tuberous sclerosis syndrome|Hereditary cancer-predisposing syndrome|Tuberous sclerosis 2,191092
TSC2,Tuberous sclerosis syndrome|Tuberous sclerosis 2|TSC2-related disorder,191092
TSC2,Tuberous sclerosis 2|Lymphangiomyomatosis;Isolated focal cortical dysplasia type II;Tuberous sclerosis 2|not provided|Tuberous sclerosis syndrome,191092
TSC2,Tuberous sclerosis syndrome|not provided|Tuberous sclerosis 2|Hereditary cancer-predisposing syndrome|Lymphangiomyomatosis;Isolated focal cortical dysplasia type II;Tuberous sclerosis 2,191092
TSC2,not provided|Tuberous sclerosis syndrome|Tuberous sclerosis 2|Hereditary cancer-predisposing syndrome,191092
TSC2,Tuberous sclerosis syndrome|Lymphangiomyomatosis|Tuberous sclerosis 2|not provided,191092
TSC2,Tuberous sclerosis syndrome|Tuberous sclerosis 2|not specified|Hereditary cancer-predisposing syndrome|Intellectual disability|not provided,191092
TSC2,Tuberous sclerosis syndrome|Hereditary cancer-predisposing syndrome|not provided|Tuberous sclerosis 2,191092
TSC2,Tuberous sclerosis syndrome;Lymphangiomyomatosis,191092
TSC2,"Tuberous sclerosis 2|Tuberous sclerosis syndrome|not specified|Hereditary cancer-predisposing syndrome|Isolated focal cortical dysplasia type II;Lymphangiomyomatosis;Tuberous sclerosis 2|not provided|Sarcoma|Hepatocellular carcinoma|Uterine corpus endometrial carcinoma|Clear cell carcinoma of kidney|Thyroid cancer, nonmedullary, 1",191092
TSC2,not provided|Hereditary cancer-predisposing syndrome|TSC2-related disorder|Tuberous sclerosis syndrome|Tuberous sclerosis 2,191092
TSC2,Hereditary cancer-predisposing syndrome|Tuberous sclerosis syndrome|not specified|not provided|Tuberous sclerosis 2|Isolated focal cortical dysplasia type II;Tuberous sclerosis 2;Lymphangiomyomatosis,191092
TSC2,Tuberous sclerosis syndrome|not provided|Hereditary cancer-predisposing syndrome|not specified|Hepatocellular carcinoma|Tuberous sclerosis 2|Uterine corpus endometrial carcinoma,191092
TSC2,Tuberous sclerosis syndrome|Tuberous sclerosis 2|not provided|Hereditary cancer-predisposing syndrome|Tuberous sclerosis 2;Lymphangiomyomatosis;Isolated focal cortical dysplasia type II,191092
TSC2,not provided|Tuberous sclerosis syndrome|not specified|Hereditary cancer-predisposing syndrome|Tuberous sclerosis 2|Lung lymphangioleiomyomatosis,191092
TSC2,Hereditary cancer-predisposing syndrome|Tuberous sclerosis syndrome|Tuberous sclerosis 2|not provided,191092
TSC2,Tuberous sclerosis syndrome|Tuberous sclerosis 2|Hereditary cancer-predisposing syndrome|TSC2-related disorder,191092
TSC2,Tuberous sclerosis syndrome|not specified,191092
TSC2,"Tuberous sclerosis syndrome|Tuberous sclerosis 2|not provided|Thyroid cancer, nonmedullary, 1",191092
TSC2,Tuberous sclerosis syndrome|not specified|Hereditary cancer-predisposing syndrome|Tuberous sclerosis 2|not provided|Lymphangiomyomatosis;Isolated focal cortical dysplasia type II;Tuberous sclerosis 2,191092
TSC2,Tuberous sclerosis syndrome|Everolimus response|Hereditary cancer-predisposing syndrome,191092
TSC2,Tuberous sclerosis syndrome|not provided|Hereditary cancer-predisposing syndrome|Tuberous sclerosis 2,191092
TSC2,Tuberous sclerosis syndrome|Tuberous sclerosis 2|not specified,191092
TSC2,Tuberous sclerosis syndrome|not provided|not specified|Hereditary cancer-predisposing syndrome|Tuberous sclerosis 2,191092
TSC2,Tuberous sclerosis syndrome|Tuberous sclerosis 2|not provided|Isolated focal cortical dysplasia type II;Lymphangiomyomatosis;Tuberous sclerosis 2,191092
TSC2,not provided|Tuberous sclerosis syndrome|Tuberous sclerosis 2|Hereditary cancer-predisposing syndrome|Tuberous sclerosis 2;Lymphangiomyomatosis;Isolated focal cortical dysplasia type II,191092
TSC2,Lymphangiomyomatosis,191092
TSC2,Tuberous sclerosis syndrome|not specified|Tuberous sclerosis 2|Hereditary cancer-predisposing syndrome,191092
TSC2,Hereditary cancer-predisposing syndrome|Isolated focal cortical dysplasia type II|Lymphangiomyomatosis;Isolated focal cortical dysplasia type II;Tuberous sclerosis 2|not provided|Tuberous sclerosis syndrome|Tuberous sclerosis 2,191092
TSC2,Tuberous sclerosis syndrome|Tuberous sclerosis 2|Hereditary cancer-predisposing syndrome|not specified|not provided,191092
TSC2,Tuberous sclerosis syndrome|not specified|Tuberous sclerosis 2|Hereditary cancer-predisposing syndrome|Isolated focal cortical dysplasia type II|not provided,191092
TSC2,Tuberous sclerosis syndrome|Lymphangiomyomatosis|Hereditary cancer-predisposing syndrome|Tuberous sclerosis 2|not provided|TSC2-related disorder,191092
TSC2,Tuberous sclerosis syndrome|not specified|Tuberous sclerosis 2|Hereditary cancer-predisposing syndrome|not provided,191092
TSC2,Tuberous sclerosis syndrome|not specified|Hereditary cancer-predisposing syndrome|not provided|Tuberous sclerosis 2|Lymphangiomyomatosis;Isolated focal cortical dysplasia type II;Tuberous sclerosis 2,191092
TSC2,Tuberous sclerosis syndrome|not provided|Tuberous sclerosis 2|Tuberous sclerosis 2;Lymphangiomyomatosis;Isolated focal cortical dysplasia type II|TSC2-related disorder,191092
TSC2,Tuberous sclerosis syndrome|not specified|not provided|Hereditary cancer-predisposing syndrome|Tuberous sclerosis 2,191092
TSC2,Tuberous sclerosis syndrome;Lymphangiomyomatosis|Tuberous sclerosis 2|Tuberous sclerosis syndrome,191092
TSC2,Tuberous sclerosis syndrome|not provided|TSC2-related disorder|Tuberous sclerosis 2,191092
TSC2,Tuberous sclerosis syndrome|Tuberous sclerosis 2|not provided|Isolated focal cortical dysplasia type II;Tuberous sclerosis 2;Lymphangiomyomatosis,191092
TSC2,Tuberous sclerosis syndrome|not provided|not specified|Uterine corpus endometrial carcinoma|Cholangiocarcinoma|Tuberous sclerosis 2,191092
TSC2,Tuberous sclerosis syndrome|not specified|Tuberous sclerosis 2|Hereditary cancer-predisposing syndrome|not provided|TSC2-related disorder,191092
TSC2,Tuberous sclerosis syndrome|Tuberous sclerosis 2|not provided|Lymphangiomyomatosis;Isolated focal cortical dysplasia type II;Tuberous sclerosis 2,191092
TSC2,Tuberous sclerosis syndrome|Hereditary cancer-predisposing syndrome|not specified|Tuberous sclerosis 2|not provided|Isolated focal cortical dysplasia type II;Lymphangiomyomatosis;Tuberous sclerosis 2,191092
TSC2,Tuberous sclerosis syndrome|not provided|Tuberous sclerosis 2|Hereditary cancer-predisposing syndrome|Isolated focal cortical dysplasia type II;Tuberous sclerosis 2;Lymphangiomyomatosis|TSC2-related disorder,191092
TSC2,Tuberous sclerosis syndrome|not specified|Tuberous sclerosis 2,191092
TSC2,not specified|Tuberous sclerosis syndrome|Tuberous sclerosis 2|Tuberous sclerosis 2;Lymphangiomyomatosis;Isolated focal cortical dysplasia type II,191092
TSC2,Tuberous sclerosis syndrome|not specified|Hereditary cancer-predisposing syndrome|Tuberous sclerosis 2|not provided|TSC2-related disorder,191092
TSC2,Tuberous sclerosis syndrome|Tuberous sclerosis 2|Tuberous sclerosis 1,191092
TSC2,Tuberous sclerosis syndrome|Hereditary cancer-predisposing syndrome|not specified|Tuberous sclerosis 2|not provided,191092
TSC2,Lymphangiomyomatosis|Hereditary cancer-predisposing syndrome|not specified|Tuberous sclerosis syndrome|Tuberous sclerosis 2|not provided|Tuberous sclerosis syndrome;Lung lymphangioleiomyomatosis,191092
TSC2,Tuberous sclerosis syndrome|Hereditary cancer-predisposing syndrome|not provided,191092
TSC2,Lymphangiomyomatosis|Tuberous sclerosis syndrome,191092
TSC2,not specified|Tuberous sclerosis syndrome|Tuberous sclerosis 2|Hereditary cancer-predisposing syndrome,191092
TSC2,not specified|Tuberous sclerosis syndrome|not provided|Tuberous sclerosis 2|Hereditary cancer-predisposing syndrome|Familial cancer of breast,191092
TSC2,Tuberous sclerosis syndrome|Lymphangiomyomatosis;Tuberous sclerosis 2;Isolated focal cortical dysplasia type II|Tuberous sclerosis 2|Hereditary cancer-predisposing syndrome,191092
TSC2,Tuberous sclerosis syndrome|Tuberous sclerosis 2|not specified|not provided|Hereditary cancer-predisposing syndrome|Isolated focal cortical dysplasia type II;Lymphangiomyomatosis;Tuberous sclerosis 2,191092
TSC2,Tuberous sclerosis syndrome|Hereditary cancer-predisposing syndrome|Tuberous sclerosis 2|not provided,191092
TSC2,Tuberous sclerosis syndrome|Hereditary cancer-predisposing syndrome|not provided|Gastric cancer|Tuberous sclerosis 2,191092
TSC2,Tuberous sclerosis syndrome|not specified|not provided|Tuberous sclerosis 2|Hereditary cancer-predisposing syndrome|TSC2-related disorder,191092
TSC2,Tuberous sclerosis syndrome|Tuberous sclerosis 2|Lymphangiomyomatosis|not provided,191092
TSC2,Tuberous sclerosis syndrome|Tuberous sclerosis 2|Hereditary cancer-predisposing syndrome|not provided|Isolated focal cortical dysplasia type II;Lymphangiomyomatosis;Tuberous sclerosis 2,191092
TSC2,Tuberous sclerosis syndrome|not specified|not provided|Hereditary cancer-predisposing syndrome|Tuberous sclerosis 2|Lymphangiomyomatosis;Isolated focal cortical dysplasia type II;Tuberous sclerosis 2,191092
TSC2,Tuberous sclerosis syndrome|Hereditary cancer-predisposing syndrome|not specified|not provided|Tuberous sclerosis 2,191092
TSC2,Tuberous sclerosis syndrome|Hereditary cancer-predisposing syndrome|Tuberous sclerosis 2|not provided|not specified,191092
TSC2,Tuberous sclerosis syndrome|Hereditary cancer-predisposing syndrome|not provided|Tuberous sclerosis 2|not specified|TSC2-related disorder,191092
TSC2,Tuberous sclerosis syndrome|not specified|Hereditary cancer-predisposing syndrome|Tuberous sclerosis 2|Tuberous sclerosis 2;Lymphangiomyomatosis;Isolated focal cortical dysplasia type II,191092
TSC2,Tuberous sclerosis syndrome|Hereditary cancer-predisposing syndrome|not specified|not provided|Tuberous sclerosis 2|TSC2-related disorder,191092
TSC2,not specified|Tuberous sclerosis 2|Tuberous sclerosis syndrome|Hereditary cancer-predisposing syndrome|not provided|Isolated focal cortical dysplasia type II;Tuberous sclerosis 2;Lymphangiomyomatosis,191092
TSC2,Tuberous sclerosis syndrome|Lymphangiomyomatosis|not specified|Hereditary cancer-predisposing syndrome|Tuberous sclerosis 2|not provided,191092
TSC2,Tuberous sclerosis syndrome|Tuberous sclerosis 2|not provided|Intellectual disability,191092
TSC2,Tuberous sclerosis syndrome|Hereditary cancer-predisposing syndrome|Tuberous sclerosis 2|not provided|not specified|TSC2-related disorder|Lymphangiomyomatosis;Isolated focal cortical dysplasia type II;Tuberous sclerosis 2,191092
TSC2,Tuberous sclerosis syndrome|Tuberous sclerosis 2|Hereditary cancer-predisposing syndrome|Tuberous sclerosis 2;Lymphangiomyomatosis;Isolated focal cortical dysplasia type II|not provided|not specified,191092
TSC2,Tuberous sclerosis syndrome|not specified|not provided,191092
TSC2,Tuberous sclerosis syndrome|Tuberous sclerosis 2|Hereditary cancer-predisposing syndrome|not specified|not provided|Tuberous sclerosis syndrome;Lung lymphangioleiomyomatosis,191092
TSC2,Tuberous sclerosis syndrome|not specified|Tuberous sclerosis 2|Isolated focal cortical dysplasia type II;Lymphangiomyomatosis;Tuberous sclerosis 2,191092
TSC2,Tuberous sclerosis syndrome|Tuberous sclerosis 2|not specified|TSC2-related disorder,191092
TSC2,Tuberous sclerosis syndrome|not specified|Tuberous sclerosis 2|not provided|Hereditary cancer-predisposing syndrome,191092
TSC2,Tuberous sclerosis syndrome|not provided|Hereditary cancer-predisposing syndrome|Tuberous sclerosis 2|Lymphangiomyomatosis;Isolated focal cortical dysplasia type II;Tuberous sclerosis 2,191092
TSC2,Tuberous sclerosis syndrome|not provided|Tuberous sclerosis 2|TSC2-related disorder,191092
TSC2,Tuberous sclerosis syndrome|Tuberous sclerosis 2|Isolated focal cortical dysplasia type II|Hereditary cancer-predisposing syndrome,191092
TSC2,Tuberous sclerosis syndrome|Tuberous sclerosis 2|not specified|not provided|Hereditary cancer-predisposing syndrome|Intellectual disability,191092
TSC2,not specified|Tuberous sclerosis syndrome|Hereditary cancer-predisposing syndrome|not provided|Tuberous sclerosis 2|Lymphangiomyomatosis;Isolated focal cortical dysplasia type II;Tuberous sclerosis 2,191092
TSC2,Tuberous sclerosis syndrome|not specified|Tuberous sclerosis 2|not provided,191092
TSC2,Tuberous sclerosis syndrome|Tuberous sclerosis 2|Hereditary cancer-predisposing syndrome|not provided|Tuberous sclerosis 2;Lymphangiomyomatosis;Isolated focal cortical dysplasia type II|TSC2-related disorder,191092
TSC2,not specified|Tuberous sclerosis syndrome|Hereditary cancer-predisposing syndrome|not provided|Tuberous sclerosis 2,191092
TSC2,Tuberous sclerosis syndrome|Tuberous sclerosis 2|TSC2-related disorder|Hereditary cancer-predisposing syndrome,191092
TSC2,Tuberous sclerosis syndrome|not provided|Tuberous sclerosis 2|Hereditary cancer-predisposing syndrome|not specified,191092
TSC2,Tuberous sclerosis syndrome|not provided|Tuberous sclerosis 2|Tuberous sclerosis 2;Lymphangiomyomatosis;Isolated focal cortical dysplasia type II,191092
TSC2,not specified|Tuberous sclerosis syndrome|Tuberous sclerosis syndrome;Lymphangiomyomatosis|Tuberous sclerosis 2|Hereditary cancer-predisposing syndrome|not provided,191092
TSC2,Tuberous sclerosis syndrome|Lymphangiomyomatosis|not provided,191092
TSC2,Lymphangiomyomatosis|not specified|Hereditary cancer-predisposing syndrome|Tuberous sclerosis 2|Tuberous sclerosis syndrome|not provided|Isolated focal cortical dysplasia type II;Tuberous sclerosis 2;Lymphangiomyomatosis,191092
TSC2,Tuberous sclerosis syndrome|Tuberous sclerosis 2|not specified|not provided,191092
TSC2,TSC2-related disorder|Tuberous sclerosis syndrome|not provided|Tuberous sclerosis 2,191092
TSC2,Hereditary cancer-predisposing syndrome|not specified|Tuberous sclerosis syndrome|Tuberous sclerosis 2|not provided|Isolated focal cortical dysplasia type II;Tuberous sclerosis 2;Lymphangiomyomatosis,191092
TSC2,Tuberous sclerosis syndrome|Tuberous sclerosis 2|not specified|Hereditary cancer-predisposing syndrome,191092
TSC2,Tuberous sclerosis syndrome|TSC2-related disorder|not provided|Tuberous sclerosis 2,191092
TSC2,Tuberous sclerosis syndrome|Tuberous sclerosis 2|Lymphangiomyomatosis|not provided|Hereditary cancer-predisposing syndrome,191092
TSC2,Tuberous sclerosis syndrome|Tuberous sclerosis syndrome;Lymphangiomyomatosis|Tuberous sclerosis 2,191092
TSC2,Tuberous sclerosis syndrome|not specified|Hereditary cancer-predisposing syndrome|Tuberous sclerosis 2|not provided|Isolated focal cortical dysplasia type II;Lymphangiomyomatosis;Tuberous sclerosis 2,191092
TSC2,"Tuberous sclerosis syndrome|not specified|Hereditary cancer-predisposing syndrome|Tuberous sclerosis 2|not provided|Dystonia, early-onset, and/or spastic paraplegia",191092
TSC2,not specified|Tuberous sclerosis syndrome|Hereditary cancer-predisposing syndrome|Tuberous sclerosis 2|not provided|Lymphangiomyomatosis;Isolated focal cortical dysplasia type II;Tuberous sclerosis 2|TSC2-related disorder,191092
TSC2,Tuberous sclerosis syndrome|not specified|not provided|Hereditary cancer-predisposing syndrome|Tuberous sclerosis 2|Lymphangiomyomatosis;Tuberous sclerosis 2;Isolated focal cortical dysplasia type II,191092
TSC2,Tuberous sclerosis syndrome|not provided|not specified,191092
TSC2,Tuberous sclerosis syndrome|Tuberous sclerosis 2|Hereditary cancer-predisposing syndrome|not specified|not provided|Isolated focal cortical dysplasia type II;Lymphangiomyomatosis;Tuberous sclerosis 2|TSC2-related disorder,191092
TSC2,Lymphangiomyomatosis;Tuberous sclerosis syndrome,191092
TSC2,Tuberous sclerosis syndrome|Tuberous sclerosis 2|not provided|TSC2-related disorder|Hereditary cancer-predisposing syndrome|Isolated focal cortical dysplasia type II;Lymphangiomyomatosis;Tuberous sclerosis 2,191092
TSC2,Hereditary cancer-predisposing syndrome|Tuberous sclerosis syndrome|Tuberous sclerosis 2|not specified|TSC2-related disorder|not provided|Isolated focal cortical dysplasia type II;Tuberous sclerosis 2;Lymphangiomyomatosis,191092
TSC2,Tuberous sclerosis 2|Tuberous sclerosis syndrome|not provided|Hereditary cancer-predisposing syndrome|TSC2-related disorder|Gastric cancer,191092
TSC2,not provided|Tuberous sclerosis syndrome|Tuberous sclerosis 2,191092
TSC2,Tuberous sclerosis syndrome|not specified|Tuberous sclerosis 2|Lymphangiomyomatosis;Tuberous sclerosis 2;Isolated focal cortical dysplasia type II,191092
TSC2,Tuberous sclerosis syndrome|Tuberous sclerosis 2|Isolated focal cortical dysplasia type II|not provided,191092
TSC2,Tuberous sclerosis syndrome|Tuberous sclerosis 2|not provided|See cases,191092
TSC2,Tuberous sclerosis syndrome|Tuberous sclerosis syndrome;Lymphangiomyomatosis|Hereditary cancer-predisposing syndrome|Tuberous sclerosis 2|not specified|not provided|Isolated focal cortical dysplasia type II;Tuberous sclerosis 2;Lymphangiomyomatosis,191092
TSC2,Tuberous sclerosis syndrome|TSC2-related disorder,191092
TSC2,Tuberous sclerosis syndrome|not provided|not specified|Tuberous sclerosis 2,191092
TSC2,Tuberous sclerosis syndrome|not specified|Seizure|Tuberous sclerosis 2|Hereditary cancer-predisposing syndrome|not provided,191092
TSC2,Tuberous sclerosis syndrome|not specified|not provided|Tuberous sclerosis 2|Uterine corpus endometrial carcinoma|Cervical cancer|Sarcoma|Lung cancer|Uterine carcinosarcoma|Thymoma|Acute myeloid leukemia|Malignant tumor of esophagus,191092
TSC2,Tuberous sclerosis syndrome|Tuberous sclerosis 2|Abnormal cerebral morphology,191092
TSC2,Tuberous sclerosis syndrome|Tuberous sclerosis 2|Hereditary cancer-predisposing syndrome|not provided|TSC2-related disorder|not specified,191092
TSC2,Tuberous sclerosis syndrome|not specified|Hereditary cancer-predisposing syndrome|Tuberous sclerosis 2,191092
TSC2,Tuberous sclerosis syndrome|not specified|not provided|Tuberous sclerosis 2|Hereditary cancer-predisposing syndrome,191092
TSC2,Tuberous sclerosis syndrome|Tuberous sclerosis 2|not specified|Hereditary cancer-predisposing syndrome|See cases,191092
TSC2,Tuberous sclerosis syndrome|Tuberous sclerosis 2|not specified|Hereditary cancer-predisposing syndrome|not provided,191092
TSC2,Tuberous sclerosis syndrome|not specified|not provided|Hereditary cancer-predisposing syndrome|Tuberous sclerosis 2|See cases,191092
TSC2,Tuberous sclerosis syndrome|Lymphangiomyomatosis;Tuberous sclerosis syndrome,191092
TSC2,Tuberous sclerosis 2|not provided|Tuberous sclerosis syndrome,191092
TSC2,Tuberous sclerosis syndrome|Tuberous sclerosis 2|Lymphangiomyomatosis|Hereditary cancer-predisposing syndrome|not provided,191092
TSC2,Tuberous sclerosis syndrome|Tuberous sclerosis 2|Neoplasm,191092
TSC2,Hereditary cancer-predisposing syndrome|Tuberous sclerosis syndrome|not provided|Tuberous sclerosis 2|Lymphangiomyomatosis;Isolated focal cortical dysplasia type II;Tuberous sclerosis 2,191092
TSC2,Lymphangiomyomatosis;Tuberous sclerosis syndrome|not provided,191092
TSC2,Tuberous sclerosis syndrome|Tuberous sclerosis 2|Lymphangiomyomatosis;Tuberous sclerosis 2;Isolated focal cortical dysplasia type II,191092
TSC2,Tuberous sclerosis syndrome|Ovarian cancer|Tuberous sclerosis 2|Hereditary cancer-predisposing syndrome|not provided,191092
TSC2,"Tuberous sclerosis syndrome|Lymphangiomyomatosis;Tuberous sclerosis syndrome|Neoplasm of brain|Hereditary cancer-predisposing syndrome|Tuberous sclerosis 2|not specified|Colorectal cancer|Lymphoma|Cholangiocarcinoma|Nonpapillary renal cell carcinoma|Malignant lymphoma, large B-cell, diffuse|Adrenocortical carcinoma, hereditary|not provided|Uveal melanoma",191092
TSC2,Tuberous sclerosis syndrome|not provided|Tuberous sclerosis 2|Hereditary cancer-predisposing syndrome|TSC2-related disorder|Isolated focal cortical dysplasia type II;Tuberous sclerosis 2;Lymphangiomyomatosis,191092
TSC2,Tuberous sclerosis syndrome|not provided|Tuberous sclerosis 2|Lung lymphangioleiomyomatosis;Tuberous sclerosis syndrome|not specified|Hereditary cancer-predisposing syndrome,191092
TSC2,Tuberous sclerosis syndrome|not specified|Hereditary cancer-predisposing syndrome|Tuberous sclerosis 2|TSC2-related disorder,191092
TSC2,Tuberous sclerosis syndrome|not provided|Tuberous sclerosis 2|Lymphangiomyomatosis;Tuberous sclerosis 2;Isolated focal cortical dysplasia type II,191092
TSC2,Tuberous sclerosis syndrome|not specified|Tuberous sclerosis 2|not provided|Tuberous sclerosis syndrome;Lung lymphangioleiomyomatosis,191092
TSC2,Tuberous sclerosis syndrome|not specified|not provided|Tuberous sclerosis 2|Isolated focal cortical dysplasia type II;Lymphangiomyomatosis;Tuberous sclerosis 2,191092
TSC2,"Tuberous sclerosis syndrome|Infantile spasms;Intellectual disability, severe|Tuberous sclerosis 2|Lymphangiomyomatosis",191092
TSC2,Tuberous sclerosis syndrome|Tuberous sclerosis 2|Lymphangiomyomatosis,191092
TSC2,Tuberous sclerosis syndrome|Tuberous sclerosis 2|Hereditary cancer-predisposing syndrome|not provided|not specified|TSC2-related disorder,191092
TSC2,Tuberous sclerosis syndrome|Tuberous sclerosis 1|Tuberous sclerosis 2|Hereditary cancer-predisposing syndrome,191092
TSC2,not specified|Hereditary cancer-predisposing syndrome|Tuberous sclerosis syndrome|Tuberous sclerosis 2|not provided|Isolated focal cortical dysplasia type II;Tuberous sclerosis 2;Lymphangiomyomatosis,191092
TSC2,Tuberous sclerosis syndrome|Lymphangiomyomatosis;Tuberous sclerosis syndrome|not provided|Lymphangiomyomatosis;Tuberous sclerosis 2;Isolated focal cortical dysplasia type II|Tuberous sclerosis 2,191092
TSC2,Tuberous sclerosis syndrome|Tuberous sclerosis 2|Hereditary cancer-predisposing syndrome|not specified|not provided|TSC2-related disorder,191092
TSC2,Tuberous sclerosis syndrome|Lymphangiomyomatosis,191092
TSC2,"Tuberous sclerosis syndrome|not specified|Hereditary cancer-predisposing syndrome|Tuberous sclerosis 2|Isolated focal cortical dysplasia type II;Lymphangiomyomatosis;Tuberous sclerosis 2|Thyroid cancer, nonmedullary, 1|not provided|Thymoma",191092
TSC2,Tuberous sclerosis syndrome|Tuberous sclerosis 2|Hereditary cancer-predisposing syndrome|not specified,191092
TSC2,Tuberous sclerosis syndrome|Tuberous sclerosis 2|not provided|Isolated focal cortical dysplasia type II;Lymphangiomyomatosis;Tuberous sclerosis 2|Hereditary cancer-predisposing syndrome|Isolated focal cortical dysplasia type II,191092
TSC2,Tuberous sclerosis syndrome|Lymphangiomyomatosis;Tuberous sclerosis syndrome|not specified|Tuberous sclerosis 2|not provided,191092
TSC2,Lymphangiomyomatosis;Tuberous sclerosis syndrome|Tuberous sclerosis 2|not specified,191092
TSC2,not provided|Tuberous sclerosis syndrome,191092
TSC2,Tuberous sclerosis syndrome|Hereditary cancer-predisposing syndrome|not provided|Tuberous sclerosis 2|TSC2-related disorder,191092
TSC2,Tuberous sclerosis syndrome|Lymphangiomyomatosis;Tuberous sclerosis syndrome|not provided|not specified,191092
TSC2,Tuberous sclerosis syndrome|Tuberous sclerosis 2|not provided|Hereditary cancer-predisposing syndrome|Isolated focal cortical dysplasia type II|TSC2-related disorder,191092
TSC2,Tuberous sclerosis syndrome|Hereditary cancer-predisposing syndrome|not specified|not provided|Tuberous sclerosis 2|Sarcoma,191092
TSC2,Tuberous sclerosis syndrome|Neoplasm|Tuberous sclerosis 2|not provided|Isolated focal cortical dysplasia type II;Lymphangiomyomatosis;Tuberous sclerosis 2,191092
TSC2,Tuberous sclerosis syndrome|Tuberous sclerosis 2|not provided|Hereditary cancer-predisposing syndrome|Isolated focal cortical dysplasia type II,191092
DEPDC5,"Epilepsy, familial focal, with variable foci 1|Familial focal epilepsy with variable foci|not provided|Inborn genetic diseases",614191
DEPDC5,"Epilepsy, familial focal, with variable foci 1|not provided",614191
DEPDC5,"Epilepsy, familial focal, with variable foci 1|Autosomal dominant epilepsy",614191
DEPDC5,"Epilepsy, familial focal, with variable foci 1",614191
DEPDC5,"Epilepsy, familial focal, with variable foci 1|not provided|Familial focal epilepsy with variable foci|Seizure",614191
DEPDC5,"Epilepsy, familial focal, with variable foci 1|Familial focal epilepsy with variable foci|not provided|DEPDC5-related disorder|Inborn genetic diseases",614191
TBC1D24,"Developmental and epileptic encephalopathy, 16",613577
TBC1D24,"Developmental and epileptic encephalopathy, 16|not provided|Autosomal dominant nonsyndromic hearing loss 65;Caused by mutation in the TBC1 domain family, member 24;Developmental and epileptic encephalopathy, 1",613577
TBC1D24,"Developmental and epileptic encephalopathy, 16|Developmental and epileptic encephalopathy, 1;Caused by mutation in the TBC1 domain family, member 24;Autosomal dominant nonsyndromic hearing loss 65",613577
GABRG2,"Generalized epilepsy with febrile seizures plus 3|not provided|Self-limited epilepsy with centrotemporal spikes|EPILEPSY, CHILDHOOD ABSENCE, SUSCEPTIBILITY TO, 2;Febrile seizures, familial, 8|Developmental and epileptic encephalopathy, 74|Inborn genetic diseases",137164
SCN8A,"Developmental and epileptic encephalopathy, 13|Complex neurodevelopmental disorder",600702
CHD2,Developmental and epileptic encephalopathy 94,602119
CHD2,Developmental and epileptic encephalopathy 94|not provided,602119
TSC1,Malignant tumor of urinary bladder|Tuberous sclerosis syndrome,605284
TSC1,Tuberous sclerosis syndrome|not specified|Tuberous sclerosis 1|Hereditary cancer-predisposing syndrome|not provided|Kidney failure,605284
TSC1,Tuberous sclerosis syndrome|not provided|not specified|Tuberous sclerosis 1|Hereditary cancer-predisposing syndrome,605284
TSC1,Tuberous sclerosis syndrome|not provided|Hereditary cancer-predisposing syndrome|Lymphangiomyomatosis;Tuberous sclerosis 1;Isolated focal cortical dysplasia type II|Tuberous sclerosis 1,605284
TSC1,Tuberous sclerosis syndrome|Lymphangiomyomatosis,605284
TSC1,Tuberous sclerosis syndrome|Tuberous sclerosis 1|not specified|Hereditary cancer-predisposing syndrome|Isolated focal cortical dysplasia type II;Lymphangiomyomatosis;Tuberous sclerosis 1|TSC1-related disorder,605284
TSC1,not provided,605284
TSC1,Malignant tumor of urinary bladder|Tuberous sclerosis syndrome|not provided|Tuberous sclerosis 1,605284
TSC1,Tuberous sclerosis syndrome|not provided|Isolated focal cortical dysplasia type II|Tuberous sclerosis 1,605284
TSC1,Tuberous sclerosis syndrome|Isolated focal cortical dysplasia type II,605284
TSC1,Tuberous sclerosis syndrome|Tuberous sclerosis 1|Isolated focal cortical dysplasia type II|Hereditary cancer-predisposing syndrome,605284
TSC1,Tuberous sclerosis syndrome|Isolated focal cortical dysplasia type II|Hereditary cancer-predisposing syndrome|Tuberous sclerosis 1,605284
TSC1,Tuberous sclerosis syndrome|Hereditary cancer-predisposing syndrome|not provided|Tuberous sclerosis 1|TSC1-related disorder,605284
TSC1,Tuberous sclerosis syndrome|Tuberous sclerosis 1|not provided|Hereditary cancer-predisposing syndrome|TSC1-related disorder,605284
TSC1,Tuberous sclerosis syndrome|Isolated focal cortical dysplasia type II|Tuberous sclerosis 1,605284
TSC1,Tuberous sclerosis syndrome|Tuberous sclerosis 1|Isolated focal cortical dysplasia type II,605284
TSC1,Tuberous sclerosis syndrome|Isolated focal cortical dysplasia type II|Tuberous sclerosis 1|not provided,605284
TSC1,Tuberous sclerosis 1|not provided|Tuberous sclerosis syndrome,605284
TSC1,Tuberous sclerosis syndrome|not provided|Hereditary cancer-predisposing syndrome|Lymphangiomyomatosis;Tuberous sclerosis 1;Isolated focal cortical dysplasia type II|not specified|Tuberous sclerosis 1,605284
TSC1,Tuberous sclerosis syndrome|Tuberous sclerosis 1|Hereditary cancer-predisposing syndrome|not provided|not specified,605284
TSC1,Tuberous sclerosis syndrome|Isolated focal cortical dysplasia type II|Tuberous sclerosis 1|Hereditary cancer-predisposing syndrome,605284
TSC1,Tuberous sclerosis syndrome|Tuberous sclerosis 1|TSC1-related disorder|Hereditary cancer-predisposing syndrome,605284
TSC1,Tuberous sclerosis syndrome|Tuberous sclerosis 1|Lymphangiomyomatosis;Tuberous sclerosis 1;Isolated focal cortical dysplasia type II,605284
TSC1,Tuberous sclerosis syndrome|Hereditary cancer-predisposing syndrome|Tuberous sclerosis 1|not specified|TSC1-related disorder,605284
TSC1,Tuberous sclerosis syndrome|Isolated focal cortical dysplasia type II|Hereditary cancer-predisposing syndrome|Tuberous sclerosis 1|TSC1-related disorder,605284
TSC1,"Hereditary cancer-predisposing syndrome|Tuberous sclerosis syndrome|not specified|Isolated focal cortical dysplasia type II|not provided|Tuberous sclerosis 1|Malignant lymphoma, large B-cell, diffuse",605284
TSC1,Tuberous sclerosis syndrome|Tuberous sclerosis 1|Hereditary cancer-predisposing syndrome|Craniopharyngioma,605284
TSC1,Tuberous sclerosis syndrome|Tuberous sclerosis 1|not provided|Isolated focal cortical dysplasia type II;Tuberous sclerosis 1;Lymphangiomyomatosis,605284
TSC1,Autism spectrum disorder|Tuberous sclerosis syndrome|not specified|Isolated focal cortical dysplasia type II|Hereditary cancer-predisposing syndrome|Tuberous sclerosis 1|not provided|TSC1-related disorder|Isolated focal cortical dysplasia type II;Tuberous sclerosis 1;Lymphangiomyomatosis,605284
TSC1,Tuberous sclerosis syndrome|not specified|Tuberous sclerosis 1|Isolated focal cortical dysplasia type II|Hereditary cancer-predisposing syndrome|not provided|Isolated focal cortical dysplasia type II;Tuberous sclerosis 1;Lymphangiomyomatosis,605284
TSC1,Tuberous sclerosis syndrome|Isolated focal cortical dysplasia type II|not provided|Tuberous sclerosis 1,605284
TSC1,Tuberous sclerosis syndrome|Tuberous sclerosis 1|Isolated focal cortical dysplasia type II;Lymphangiomyomatosis;Tuberous sclerosis 1|not provided,605284
TSC1,not specified|Tuberous sclerosis 1|Tuberous sclerosis syndrome|Isolated focal cortical dysplasia type II|not provided|Hereditary cancer-predisposing syndrome,605284
TSC2,Tuberous sclerosis syndrome|Tuberous sclerosis 2;Lymphangiomyomatosis;Isolated focal cortical dysplasia type II|Tuberous sclerosis 2|Hereditary cancer-predisposing syndrome,191092
TSC2,Tuberous sclerosis syndrome|Tuberous sclerosis 2|Hereditary cancer-predisposing syndrome|not provided|Tuberous sclerosis 2;Lymphangiomyomatosis;Isolated focal cortical dysplasia type II|not specified,191092
TSC2,Tuberous sclerosis syndrome|not specified|Hereditary cancer-predisposing syndrome|not provided|Tuberous sclerosis 2,191092
TSC2,Tuberous sclerosis syndrome|Isolated focal cortical dysplasia type II,191092
TSC2,Autism spectrum disorder|Tuberous sclerosis 2,191092
TSC2,Autism spectrum disorder|Tuberous sclerosis 2|Tuberous sclerosis syndrome,191092
TSC2,Tuberous sclerosis syndrome|not specified|Tuberous sclerosis 2|Hereditary cancer-predisposing syndrome|TSC2-related disorder,191092
TSC2,Tuberous sclerosis syndrome|Hereditary cancer-predisposing syndrome|Tuberous sclerosis 2|TSC2-related disorder|not provided,191092
TSC2,not specified|Tuberous sclerosis syndrome|not provided,191092
TSC2,Tuberous sclerosis syndrome|Hereditary cancer-predisposing syndrome|not specified|Tuberous sclerosis 2,191092
TSC2,Tuberous sclerosis syndrome|not provided|Tuberous sclerosis 2|Isolated focal cortical dysplasia type II,191092
TSC2,Tuberous sclerosis syndrome|Lymphangiomyomatosis|Tuberous sclerosis 2,191092
TSC2,Tuberous sclerosis syndrome|not specified|Tuberous sclerosis 2|Tuberous sclerosis 2;Lymphangiomyomatosis;Isolated focal cortical dysplasia type II|not provided,191092
TSC2,Tuberous sclerosis syndrome|Hereditary cancer-predisposing syndrome|Tuberous sclerosis 2|not provided|Tuberous sclerosis 2;Lymphangiomyomatosis;Isolated focal cortical dysplasia type II,191092
TSC2,not specified|Tuberous sclerosis syndrome|not provided|Tuberous sclerosis 2|Hereditary cancer-predisposing syndrome,191092
TSC2,Tuberous sclerosis syndrome|not provided|Isolated focal cortical dysplasia type II;Tuberous sclerosis 2;Lymphangiomyomatosis|Tuberous sclerosis 2,191092
TSC2,Tuberous sclerosis syndrome|Tuberous sclerosis 2|not specified|Hereditary cancer-predisposing syndrome|not provided|TSC2-related disorder,191092
TSC2,Tuberous sclerosis syndrome|Tuberous sclerosis 2|Lymphangiomyomatosis;Tuberous sclerosis 2;Isolated focal cortical dysplasia type II|Hereditary cancer-predisposing syndrome,191092
TSC2,Tuberous sclerosis syndrome|not specified|not provided|Tuberous sclerosis 2;Lymphangiomyomatosis;Isolated focal cortical dysplasia type II|Tuberous sclerosis 2|Hereditary cancer-predisposing syndrome,191092
TSC2,Tuberous sclerosis syndrome|Hereditary cancer-predisposing syndrome|Tuberous sclerosis 2|not specified|not provided|Isolated focal cortical dysplasia type II;Lymphangiomyomatosis;Tuberous sclerosis 2,191092
TSC2,Tuberous sclerosis syndrome|not provided|Cervical cancer,191092
TSC2,Autism spectrum disorder,191092
TSC2,Tuberous sclerosis syndrome|Tuberous sclerosis 2|not specified|not provided|Hereditary cancer-predisposing syndrome,191092
TSC2,Tuberous sclerosis syndrome|Hereditary cancer-predisposing syndrome|Tuberous sclerosis 2;Lymphangiomyomatosis;Isolated focal cortical dysplasia type II|not provided|Tuberous sclerosis 2,191092
TSC2,Tuberous sclerosis syndrome|Hereditary cancer-predisposing syndrome|not specified|Tuberous sclerosis 2|not provided|Ovarian cancer,191092
TSC2,Tuberous sclerosis syndrome|not specified|Tuberous sclerosis 2|Tuberous sclerosis 2;Lymphangiomyomatosis;Isolated focal cortical dysplasia type II,191092
TSC2,not provided|Tuberous sclerosis syndrome|Autism spectrum disorder|not specified|Hereditary cancer-predisposing syndrome|Tuberous sclerosis 2,191092
TSC2,Autism spectrum disorder|Tuberous sclerosis 2|Tuberous sclerosis syndrome|Hereditary cancer-predisposing syndrome|Isolated focal cortical dysplasia type II,191092
TSC2,Lymphangiomyomatosis|Tuberous sclerosis 2|not provided|Tuberous sclerosis syndrome|Hereditary cancer-predisposing syndrome,191092
TSC2,Tuberous sclerosis syndrome|not provided|not specified|Tuberous sclerosis 2|Hereditary cancer-predisposing syndrome,191092
TSC2,Tuberous sclerosis syndrome|Hereditary cancer-predisposing syndrome|Tuberous sclerosis 2|not provided|Isolated focal cortical dysplasia type II;Tuberous sclerosis 2;Lymphangiomyomatosis,191092
TSC2,Tuberous sclerosis syndrome|Tuberous sclerosis 2|Hereditary cancer-predisposing syndrome|not provided|TSC2-related disorder|Isolated focal cortical dysplasia type II;Tuberous sclerosis 2;Lymphangiomyomatosis|not specified,191092
TSC2,Tuberous sclerosis syndrome|Tuberous sclerosis 2|not provided|Lymphangiomyomatosis;Isolated focal cortical dysplasia type II;Tuberous sclerosis 2|Hereditary cancer-predisposing syndrome|TSC2-related disorder,191092
TSC2,Autism spectrum disorder|Tuberous sclerosis 2|Hereditary cancer-predisposing syndrome|Tuberous sclerosis syndrome|TSC2-related disorder|Tuberous sclerosis 2;Lymphangiomyomatosis;Isolated focal cortical dysplasia type II|not provided,191092
TSC2,Tuberous sclerosis syndrome|Hereditary cancer-predisposing syndrome|Tuberous sclerosis 2|not provided|TSC2-related disorder,191092
TSC2,Tuberous sclerosis syndrome|Tuberous sclerosis 2|Lymphangiomyomatosis;Isolated focal cortical dysplasia type II;Tuberous sclerosis 2|Hereditary cancer-predisposing syndrome|not specified|not provided,191092
TSC2,Tuberous sclerosis syndrome|Tuberous sclerosis 2|TSC2-related disorder|Hereditary cancer-predisposing syndrome|not provided,191092
TSC2,Tuberous sclerosis syndrome|Hereditary cancer-predisposing syndrome|Tuberous sclerosis 2;Lymphangiomyomatosis;Isolated focal cortical dysplasia type II,191092
TSC2,Tuberous sclerosis syndrome|TSC2-related disorder|not provided,191092
TSC2,Tuberous sclerosis syndrome|Lymphangiomyomatosis;Isolated focal cortical dysplasia type II;Tuberous sclerosis 2|Tuberous sclerosis 2|not provided,191092
TSC2,Autism spectrum disorder|not provided|Tuberous sclerosis 2|Hereditary cancer-predisposing syndrome|Tuberous sclerosis syndrome,191092
TSC2,Hereditary cancer-predisposing syndrome|Lymphangiomyomatosis;Tuberous sclerosis syndrome|Tuberous sclerosis 2|not specified|Tuberous sclerosis syndrome,191092
TSC2,Tuberous sclerosis syndrome|Lymphangiomyomatosis;Isolated focal cortical dysplasia type II;Tuberous sclerosis 2|not specified|Tuberous sclerosis 2,191092
TSC2,Tuberous sclerosis syndrome|Everolimus response|Tuberous sclerosis 2,191092
TSC2,Tuberous sclerosis syndrome|Tuberous sclerosis 2;Lymphangiomyomatosis;Isolated focal cortical dysplasia type II|Tuberous sclerosis 2,191092
TSC2,Autism spectrum disorder|Tuberous sclerosis 2|Hereditary cancer-predisposing syndrome|not provided,191092
TSC2,Autism spectrum disorder|Tuberous sclerosis syndrome|not specified|Tuberous sclerosis 2|Hereditary cancer-predisposing syndrome|not provided|TSC2-related disorder,191092
TSC2,Tuberous sclerosis syndrome|Hereditary cancer-predisposing syndrome|not specified|Tuberous sclerosis 2|not provided|TSC2-related disorder,191092
TSC2,Tuberous sclerosis syndrome|See cases|TSC2-related disorder,191092
TSC2,Tuberous sclerosis syndrome|Tuberous sclerosis 2|Tuberous sclerosis 2;Lymphangiomyomatosis;Isolated focal cortical dysplasia type II,191092
TSC2,Tuberous sclerosis syndrome|not provided|Nonpapillary renal cell carcinoma|Uterine corpus endometrial carcinoma,191092
TSC2,Autism spectrum disorder|Tuberous sclerosis 2|Hereditary cancer-predisposing syndrome|not provided|Tuberous sclerosis syndrome,191092
TSC2,Tuberous sclerosis syndrome|not specified|Hereditary cancer-predisposing syndrome|Tuberous sclerosis 2|Isolated focal cortical dysplasia type II;Tuberous sclerosis 2;Lymphangiomyomatosis|not provided,191092
TSC2,Tuberous sclerosis syndrome|Tuberous sclerosis 2|not specified|Hereditary cancer-predisposing syndrome|Epilepsy|TSC2-related disorder,191092
PRRT2,Episodic kinesigenic dyskinesia 1|Infantile convulsions and choreoathetosis|not provided|Episodic kinesigenic dyskinesia|Inborn genetic diseases|not specified,614386
PRRT2,"Episodic kinesigenic dyskinesia 1|Infantile convulsions and choreoathetosis|not provided|Seizure|Seizures, benign familial infantile, 2|Paroxysmal nonkinesigenic dyskinesia 1|Episodic kinesigenic dyskinesia|Episodic kinesigenic dyskinesia 1;Infantile convulsions and choreoathetosis;Seizures, benign familial infantile, 2|PRRT2 insufficiency|PRRT2-Associated Paroxysmal Movement Disorders|Neurodevelopmental delay|PRRT2-related disorder|Inborn genetic diseases|Self-limited familial infantile epilepsy|See cases|Episodic kinesigenic dyskinesia 1;Seizures, benign familial infantile, 2|Convulsions",614386
SCN1A,Severe myoclonic epilepsy in infancy|not provided|6 conditions,182389
SCN1A,Severe myoclonic epilepsy in infancy|not provided,182389
SCN1A,"Generalized epilepsy with febrile seizures plus, type 1|Severe myoclonic epilepsy in infancy|not provided|Developmental and epileptic encephalopathy|Generalized epilepsy with febrile seizures plus, type 2",182389
SCN1A,"Severe myoclonic epilepsy in infancy|not provided|Developmental and epileptic encephalopathy|Seizure;Intellectual disability, mild|Migraine, familial hemiplegic, 3;Severe myoclonic epilepsy in infancy;Generalized epilepsy with febrile seizures plus, type 2;Developmental and epileptic encephalopathy 6B|SCN1A-related disorder",182389
SCN1A,"Severe myoclonic epilepsy in infancy|not provided|Developmental and epileptic encephalopathy|Seizure|Migraine, familial hemiplegic, 3",182389
SCN1A,Severe myoclonic epilepsy in infancy|Inborn genetic diseases|Developmental and epileptic encephalopathy,182389
SCN1A,Generalized epilepsy|Severe myoclonic epilepsy in infancy,182389
SCN1A,"Severe myoclonic epilepsy in infancy|not provided|Developmental and epileptic encephalopathy|Migraine, familial hemiplegic, 3;Severe myoclonic epilepsy in infancy;Generalized epilepsy with febrile seizures plus, type 2",182389
SCN1A,"Severe myoclonic epilepsy in infancy|not provided|Developmental and epileptic encephalopathy|Generalized epilepsy with febrile seizures plus, type 2|Seizure|Inborn genetic diseases|Developmental and epileptic encephalopathy 6B",182389
SCN1A,Generalized epilepsy|Developmental and epileptic encephalopathy,182389
SCN1A,"Severe myoclonic epilepsy in infancy|not provided|Developmental and epileptic encephalopathy|Migraine, familial hemiplegic, 3",182389
SCN1A,"Severe myoclonic epilepsy in infancy|not provided|Developmental and epileptic encephalopathy|Migraine, familial hemiplegic, 3|Developmental and epileptic encephalopathy 6B;Generalized epilepsy with febrile seizures plus, type 2;Severe myoclonic epilepsy in infancy|Generalized epilepsy with febrile seizures plus, type 2",182389
SCN1A,Severe myoclonic epilepsy in infancy|Developmental and epileptic encephalopathy|not provided,182389
SCN1A,"Severe myoclonic epilepsy in infancy|not provided|Developmental and epileptic encephalopathy|Generalized epilepsy with febrile seizures plus, type 2;Severe myoclonic epilepsy in infancy|Inborn genetic diseases",182389
SCN1A,"Severe myoclonic epilepsy in infancy|not provided|Developmental and epileptic encephalopathy|Generalized epilepsy with febrile seizures plus, type 2|Generalized epilepsy with febrile seizures plus, type 2;Migraine, familial hemiplegic, 3;Severe myoclonic epilepsy in infancy;Developmental and epileptic encephalopathy 6B",182389
SCN1A,"Severe myoclonic epilepsy in infancy|not provided|not specified|Generalized epilepsy with febrile seizures plus, type 2|Developmental and epileptic encephalopathy|Migraine, familial hemiplegic, 3|Inborn genetic diseases|SCN1A-related disorder",182389
SCN1A,Severe myoclonic epilepsy in infancy|Developmental and epileptic encephalopathy|Inborn genetic diseases,182389
SCN1A,Severe myoclonic epilepsy in infancy|not provided|Developmental and epileptic encephalopathy|Inborn genetic diseases,182389
SCN1A,Severe myoclonic epilepsy in infancy|Inborn genetic diseases,182389
SCN1A,Severe myoclonic epilepsy in infancy|Developmental and epileptic encephalopathy|See cases,182389
SCN1A,Myoclonic encephalopathy|Developmental and epileptic encephalopathy,182389
SCN1A,Focal epilepsy|not provided|Developmental and epileptic encephalopathy|Severe myoclonic epilepsy in infancy,182389
SCN1A,"Severe myoclonic epilepsy in infancy|Developmental and epileptic encephalopathy|Severe myoclonic epilepsy in infancy;Migraine, familial hemiplegic, 3;Generalized epilepsy with febrile seizures plus, type 2|not provided",182389
SCN1A,not provided|Severe myoclonic epilepsy in infancy|Developmental and epileptic encephalopathy,182389
SCN1A,"Focal epilepsy|not provided|Developmental and epileptic encephalopathy|Severe myoclonic epilepsy in infancy|Autosomal dominant epilepsy|Generalized epilepsy with febrile seizures plus, type 2|Seizure",182389
SCN1A,"Severe myoclonic epilepsy in infancy|Developmental and epileptic encephalopathy|Severe myoclonic epilepsy in infancy;Generalized epilepsy with febrile seizures plus, type 2",182389
SCN1A,"Macrocephaly and epileptic encephalopathy|not provided|Developmental and epileptic encephalopathy|Inborn genetic diseases|Migraine, familial hemiplegic, 3|Severe myoclonic epilepsy in infancy",182389
SCN1A,"Severe myoclonic epilepsy in infancy|Severe myoclonic epilepsy in infancy;Migraine, familial hemiplegic, 3;Generalized epilepsy with febrile seizures plus, type 2|not provided|Migraine, familial hemiplegic, 3|Developmental and epileptic encephalopathy|Inborn genetic diseases",182389
SCN1A,"Focal epilepsy|Autism;Focal-onset seizure;Microcephaly|Developmental and epileptic encephalopathy|Generalized epilepsy with febrile seizures plus, type 2|not provided|Developmental and epileptic encephalopathy 6B",182389
SCN1A,not provided|Severe myoclonic epilepsy in infancy,182389
SCN1A,"Severe myoclonic epilepsy in infancy|not provided|Developmental and epileptic encephalopathy|Developmental and epileptic encephalopathy 6B;Generalized epilepsy with febrile seizures plus, type 2;Migraine, familial hemiplegic, 3;Severe myoclonic epilepsy in infancy|Generalized epilepsy with febrile seizures plus, type 2|Developmental and epileptic encephalopathy 6B",182389
SCN1A,Severe myoclonic epilepsy in infancy|not provided|Developmental and epileptic encephalopathy,182389
SCN1A,"not provided|Severe myoclonic epilepsy in infancy|Generalized epilepsy with febrile seizures plus, type 2",182389
SCN1A,"not provided|not specified|Migraine, familial hemiplegic, 3|Epilepsy|Severe myoclonic epilepsy in infancy|Developmental and epileptic encephalopathy|Generalized epilepsy with febrile seizures plus, type 2|Inborn genetic diseases",182389
SCN1A,"Inborn genetic diseases|Seizure|Febrile seizures, familial, 3a;Developmental and epileptic encephalopathy 6B;Severe myoclonic epilepsy in infancy;Generalized epilepsy with febrile seizures plus, type 2|Autosomal dominant epilepsy|Severe myoclonic epilepsy in infancy|not provided|Developmental and epileptic encephalopathy",182389
SCN1A,"Severe myoclonic epilepsy in infancy|not provided|Global developmental delay;Seizure|Developmental and epileptic encephalopathy|Generalized epilepsy with febrile seizures plus, type 2;Migraine, familial hemiplegic, 3;Severe myoclonic epilepsy in infancy|Developmental and epileptic encephalopathy 6B|Generalized epilepsy with febrile seizures plus, type 2;Severe myoclonic epilepsy in infancy|Developmental and epileptic encephalopathy, 6A",182389
SCN1A,"Generalized epilepsy with febrile seizures plus, type 1|Inborn genetic diseases|not provided|Developmental and epileptic encephalopathy",182389
SCN1A,"Generalized epilepsy with febrile seizures plus, type 1|not provided|Developmental and epileptic encephalopathy",182389
SCN1A,"Autism|not specified|Epilepsy;Severe myoclonic epilepsy in infancy|Self-limited epilepsy with centrotemporal spikes|Severe myoclonic epilepsy in infancy|Developmental and epileptic encephalopathy|Intellectual disability|not provided|Inborn genetic diseases|Developmental and epileptic encephalopathy 6B;Generalized epilepsy with febrile seizures plus, type 2;Migraine, familial hemiplegic, 3;Severe myoclonic epilepsy in infancy|SCN1A-related disorder",182389
SCN1A,"Severe myoclonic epilepsy in infancy|not specified|Epilepsy|Migraine, familial hemiplegic, 3|not provided|Developmental and epileptic encephalopathy|Generalized epilepsy with febrile seizures plus, type 2|Inborn genetic diseases|SCN1A-related disorder",182389
SCN1A,"Generalized epilepsy with febrile seizures plus, type 1|Developmental and epileptic encephalopathy|Severe myoclonic epilepsy in infancy",182389
SCN1A,"Severe myoclonic epilepsy in infancy|Developmental and epileptic encephalopathy|Generalized epilepsy with febrile seizures plus, type 2",182389
SCN1A,Severe myoclonic epilepsy in infancy|not provided|Developmental and epileptic encephalopathy|SCN1A-related disorder,182389
SCN1A,"Severe myoclonic epilepsy in infancy|not provided|Generalized epilepsy with febrile seizures plus, type 2|Developmental and epileptic encephalopathy",182389
SCN1A,Autism|not provided|Developmental and epileptic encephalopathy|not specified|SCN1A-related disorder|Inborn genetic diseases,182389
SCN1A,"Migraine, familial hemiplegic, 3|not specified|Epilepsy|not provided|Bilateral tonic-clonic seizure;Generalized non-motor (absence) seizure;Seizure|Self-limited epilepsy with centrotemporal spikes|Severe myoclonic epilepsy in infancy|Developmental and epileptic encephalopathy|Generalized epilepsy with febrile seizures plus, type 2|Inborn genetic diseases|SCN1A-related disorder",182389
SCN1A,"Generalized epilepsy with febrile seizures plus, type 1|not specified|Developmental and epileptic encephalopathy|Severe myoclonic epilepsy in infancy|not provided",182389
SCN1A,"Generalized epilepsy with febrile seizures plus, type 1|Developmental and epileptic encephalopathy|not provided|Severe myoclonic epilepsy in infancy|Inborn genetic diseases",182389
SCN1A,"Severe myoclonic epilepsy in infancy|Developmental and epileptic encephalopathy|not provided|Generalized epilepsy with febrile seizures plus, type 2",182389
SCN1A,Severe myoclonic epilepsy in infancy|not specified|Developmental and epileptic encephalopathy,182389
SCN1A,not provided|Developmental and epileptic encephalopathy|Severe myoclonic epilepsy in infancy|Inborn genetic diseases,182389
SCN1A,Severe myoclonic epilepsy in infancy|Developmental and epileptic encephalopathy|Inborn genetic diseases|not provided,182389
SCN1A,"Generalized epilepsy with febrile seizures plus, type 1|not provided|Generalized epilepsy with febrile seizures plus, type 2|Developmental and epileptic encephalopathy|Severe myoclonic epilepsy in infancy",182389
SCN1A,Severe myoclonic epilepsy in infancy|not specified|Developmental and epileptic encephalopathy|SCN1A-related disorder,182389
SCN1A,"Generalized epilepsy with febrile seizures plus, type 1|Severe myoclonic epilepsy in infancy;Migraine, familial hemiplegic, 3;Generalized epilepsy with febrile seizures plus, type 2|not specified|Developmental and epileptic encephalopathy",182389
SCN1A,Severe myoclonic epilepsy in infancy|Seizure|not provided,182389
SCN1A,"Generalized epilepsy with febrile seizures plus, type 1|Severe myoclonic epilepsy in infancy|Developmental and epileptic encephalopathy|not provided",182389
SCN1A,"West syndrome|not provided|Generalized epilepsy with febrile seizures plus, type 2;Severe myoclonic epilepsy in infancy;Migraine, familial hemiplegic, 3|not specified|Developmental and epileptic encephalopathy|Inborn genetic diseases",182389
SCN1A,Severe myoclonic epilepsy in infancy|not provided|Developmental and epileptic encephalopathy 6B,182389
SCN1A,Severe myoclonic epilepsy in infancy|Seizure,182389
SCN1A,"Severe myoclonic epilepsy in infancy|Migraine, familial hemiplegic, 3|Developmental and epileptic encephalopathy|Generalized epilepsy with febrile seizures plus, type 2|not provided",182389
SCN1A,Developmental and epileptic encephalopathy,182389
SCN9A,"Neuropathy, hereditary sensory and autonomic, type 2A;Generalized epilepsy with febrile seizures plus, type 7",603415
SCN9A,"Neuropathy, hereditary sensory and autonomic, type 2A;Generalized epilepsy with febrile seizures plus, type 7|Inborn genetic diseases",603415
SLC6A1,not provided,137165
GABRG2,"Inborn genetic diseases|Febrile seizures, familial, 8;EPILEPSY, CHILDHOOD ABSENCE, SUSCEPTIBILITY TO, 2",137164
KCNQ3,Benign neonatal seizures,602232
STXBP1,Developmental and epileptic encephalopathy,602926
TSC1,Hereditary cancer-predisposing syndrome,605284
SCN1A,not specified,182389
GABRG2,"EPILEPSY, CHILDHOOD ABSENCE, SUSCEPTIBILITY TO, 2;Febrile seizures, familial, 8",137164
KCNQ3,Benign neonatal seizures|Inborn genetic diseases,602232
SCN8A,Developmental and epileptic encephalopathy,600702
KCNQ2,Developmental and epileptic encephalopathy,602235
TBC1D24,"DOORS syndrome|not provided|Autosomal dominant nonsyndromic hearing loss 65;Caused by mutation in the TBC1 domain family, member 24;Developmental and epileptic encephalopathy, 1|Developmental and epileptic encephalopathy, 16|Inborn genetic diseases|TBC1D24-related disorder",613577
TBC1D24,"DOORS syndrome|not provided|Autosomal dominant nonsyndromic hearing loss 65;Caused by mutation in the TBC1 domain family, member 24;Developmental and epileptic encephalopathy, 1",613577
TBC1D24,DOORS syndrome,613577
TBC1D24,"DOORS syndrome|not provided|Inborn genetic diseases|Autosomal dominant nonsyndromic hearing loss 65|Developmental and epileptic encephalopathy, 1;Autosomal dominant nonsyndromic hearing loss 65;Caused by mutation in the TBC1 domain family, member 24|TBC1D24-related disorder|Developmental and epileptic encephalopathy, 16",613577
CHD2,Developmental and epileptic encephalopathy 94|Inborn genetic diseases|not provided,602119
GABRA1,"not specified|Epilepsy, idiopathic generalized, susceptibility to, 13|not provided|Developmental and epileptic encephalopathy, 19|Epilepsy, idiopathic generalized, susceptibility to, 13;Idiopathic generalized epilepsy;Epilepsy, childhood absence 4",137160
GABRA1,"not specified|not provided|Epilepsy, idiopathic generalized, susceptibility to, 13;Epilepsy, childhood absence 4;Idiopathic generalized epilepsy|Epilepsy, idiopathic generalized, susceptibility to, 13|Inborn genetic diseases",137160
GABRG2,"not provided|Febrile seizures, familial, 8;EPILEPSY, CHILDHOOD ABSENCE, SUSCEPTIBILITY TO, 2",137164
GABRG2,"not specified|Febrile seizures, familial, 8|EPILEPSY, CHILDHOOD ABSENCE, SUSCEPTIBILITY TO, 2|EPILEPSY, CHILDHOOD ABSENCE, SUSCEPTIBILITY TO, 2;Febrile seizures, familial, 8|Inborn genetic diseases|not provided",137164
MECP2,not provided|not specified|Inborn genetic diseases|Rett syndrome|Severe neonatal-onset encephalopathy with microcephaly|MECP2-related disorder,300005
SCN1A,not provided,182389
SCN1A,"not specified|Epilepsy|not provided|Migraine, familial hemiplegic, 3|Developmental and epileptic encephalopathy|Generalized epilepsy with febrile seizures plus, type 2|Inborn genetic diseases",182389
SCN1A,Developmental and epileptic encephalopathy|Familial hemiplegic migraine|not specified|Epilepsy|Gastric cancer|Ovarian cancer,182389
SCN1A,not provided|Developmental and epileptic encephalopathy,182389
SCN1A,not provided|Developmental and epileptic encephalopathy|not specified,182389
SCN1A,"not specified|Migraine, familial hemiplegic, 3|Epilepsy|Developmental and epileptic encephalopathy|Generalized epilepsy with febrile seizures plus, type 2|not provided",182389
SCN1A,"Severe myoclonic epilepsy in infancy|not provided|Migraine, familial hemiplegic, 3;Severe myoclonic epilepsy in infancy;Generalized epilepsy with febrile seizures plus, type 2|Developmental and epileptic encephalopathy",182389
SCN1A,Developmental and epileptic encephalopathy|not provided,182389
SCN1A,not specified|not provided|Developmental and epileptic encephalopathy,182389
SCN1A,not specified|Developmental and epileptic encephalopathy,182389
SCN1A,"not provided|Autosomal dominant epilepsy|Developmental and epileptic encephalopathy|Seizure|Generalized epilepsy with febrile seizures plus, type 2|Severe myoclonic epilepsy in infancy|SCN1A-related disorder",182389
SCN1A,"not specified|not provided|Epilepsy|Migraine, familial hemiplegic, 3|Developmental and epileptic encephalopathy|Generalized epilepsy with febrile seizures plus, type 2|Inborn genetic diseases|SCN1A-related disorder",182389
SCN1A,"not specified|Migraine, familial hemiplegic, 3|Epilepsy|Developmental and epileptic encephalopathy|Inborn genetic diseases|Generalized epilepsy with febrile seizures plus, type 2|not provided",182389
SCN1A,not provided|Developmental and epileptic encephalopathy|Inborn genetic diseases|not specified,182389
SCN1A,"not specified|Migraine, familial hemiplegic, 3|Inborn genetic diseases|Generalized epilepsy with febrile seizures plus, type 2|Developmental and epileptic encephalopathy",182389
SCN1A,not specified|SCN1A-related disorder|Developmental and epileptic encephalopathy|not provided,182389
SCN1A,not provided|Severe myoclonic epilepsy in infancy|Developmental and epileptic encephalopathy|SCN1A-related disorder|Inborn genetic diseases,182389
SCN1A,not provided|Seizure,182389
SCN1A,"not specified|Developmental and epileptic encephalopathy|Epilepsy|Migraine, familial hemiplegic, 3|Inborn genetic diseases|Generalized epilepsy with febrile seizures plus, type 2|not provided",182389
SCN1A,"not specified|Developmental and epileptic encephalopathy|Epilepsy|Migraine, familial hemiplegic, 3|not provided|Inborn genetic diseases|Generalized epilepsy with febrile seizures plus, type 2",182389
SCN1A,"not specified|not provided|Migraine, familial hemiplegic, 3|Epilepsy|Generalized epilepsy with febrile seizures plus, type 2|Developmental and epileptic encephalopathy|Inborn genetic diseases",182389
SCN1A,"Developmental and epileptic encephalopathy|not provided|Generalized epilepsy with febrile seizures plus, type 2;Migraine, familial hemiplegic, 3;Severe myoclonic epilepsy in infancy|Inborn genetic diseases|SCN1A-related disorder",182389
SCN1A,"not provided|Migraine, familial hemiplegic, 3|Generalized epilepsy with febrile seizures plus, type 2|Developmental and epileptic encephalopathy|SCN1A-related disorder|Generalized epilepsy with febrile seizures plus",182389
PCDH19,"not specified|Developmental and epileptic encephalopathy, 9|Inborn genetic diseases|not provided",300460
PCDH19,"not specified|Developmental and epileptic encephalopathy, 9|not provided|Inborn genetic diseases",300460
PCDH19,"not specified|not provided|Developmental and epileptic encephalopathy, 9|Inborn genetic diseases",300460
PCDH19,"not specified|Developmental and epileptic encephalopathy, 9|not provided|Inborn genetic diseases|PCDH19-related disorder",300460
PCDH19,"not specified|Developmental and epileptic encephalopathy, 9|not provided|Self-limited epilepsy with centrotemporal spikes|Inborn genetic diseases",300460
PCDH19,"not provided|Developmental and epileptic encephalopathy, 9",300460
PCDH19,"not specified|Developmental and epileptic encephalopathy, 9|Inborn genetic diseases|PCDH19-related disorder",300460
SCN9A,"not provided|Neuropathy, hereditary sensory and autonomic, type 2A;Generalized epilepsy with febrile seizures plus, type 7|Generalized epilepsy with febrile seizures plus, type 7|Primary erythromelalgia",603415
SCN9A,"not specified|Paroxysmal extreme pain disorder|Small fiber neuropathy|Primary erythromelalgia|Channelopathy-associated congenital insensitivity to pain, autosomal recessive|Neuropathy, hereditary sensory and autonomic, type 2A;Generalized epilepsy with febrile seizures plus, type 7|not provided",603415
CDKL5,"not specified|Angelman syndrome-like;Developmental and epileptic encephalopathy, 2|History of neurodevelopmental disorder|CDKL5-related disorder",300203
CDKL5,"not specified|Angelman syndrome-like;Developmental and epileptic encephalopathy, 2|CDKL5 disorder|CDKL5-related disorder",300203
CDKL5,"Developmental and epileptic encephalopathy, 2|not provided|Developmental and epileptic encephalopathy, 2;Angelman syndrome-like|CDKL5 disorder",300203
CDKL5,"not provided|Developmental and epileptic encephalopathy, 2|Developmental and epileptic encephalopathy, 2;Angelman syndrome-like|Inborn genetic diseases",300203
CDKL5,"not provided|Developmental and epileptic encephalopathy, 2|CDKL5 disorder|Developmental and epileptic encephalopathy, 2;Angelman syndrome-like|West syndrome",300203
CDKL5,"not specified|not provided|CDKL5 disorder|Angelman syndrome-like;Developmental and epileptic encephalopathy, 2",300203
CDKL5,"not specified|Developmental and epileptic encephalopathy, 2;Angelman syndrome-like|History of neurodevelopmental disorder|not provided|CDKL5 disorder",300203
STXBP1,"not provided|Developmental and epileptic encephalopathy, 4;West syndrome;Cerebellar vermis hypoplasia|Congenital cerebellar hypoplasia|STXBP1-related neurodevelopmental disorder|Developmental and epileptic encephalopathy",602926
STXBP1,"not specified|Developmental and epileptic encephalopathy|Developmental and epileptic encephalopathy, 4|not provided|Inborn genetic diseases",602926
STXBP1,"not specified|Developmental and epileptic encephalopathy, 4|Developmental and epileptic encephalopathy|not provided",602926
MECP2,not specified|Rett syndrome|not provided|MECP2-related disorder,300005
MECP2,not specified|Severe neonatal-onset encephalopathy with microcephaly|Inborn genetic diseases|MECP2-related disorder|Rett syndrome|not provided,300005
MECP2,not specified|Severe neonatal-onset encephalopathy with microcephaly|Rett syndrome|Inborn genetic diseases,300005
MECP2,not specified|History of neurodevelopmental disorder|Severe neonatal-onset encephalopathy with microcephaly|not provided|Rett syndrome|MECP2-related disorder,300005
MECP2,not specified|Rett syndrome|Severe neonatal-onset encephalopathy with microcephaly|MECP2-related disorder|not provided|Inborn genetic diseases,300005
MECP2,"not specified|Rett syndrome|not provided|History of neurodevelopmental disorder|Severe neonatal-onset encephalopathy with microcephaly|Severe neonatal-onset encephalopathy with microcephaly;Syndromic X-linked intellectual disability Lubs type;Rett syndrome;Autism, susceptibility to, X-linked 3;X-linked intellectual disability-psychosis-macroorchidism syndrome",300005
MECP2,not specified|Severe neonatal-onset encephalopathy with microcephaly|History of neurodevelopmental disorder|not provided|Rett syndrome,300005
MECP2,not specified|Severe neonatal-onset encephalopathy with microcephaly|not provided|History of neurodevelopmental disorder|Rett syndrome,300005
MECP2,not provided|Severe neonatal-onset encephalopathy with microcephaly|Rett syndrome|Inborn genetic diseases,300005
MECP2,not specified|not provided|Rett syndrome|Severe neonatal-onset encephalopathy with microcephaly,300005
MECP2,not specified|not provided|History of neurodevelopmental disorder|Severe neonatal-onset encephalopathy with microcephaly|Rett syndrome,300005
MECP2,"not specified|Severe neonatal-onset encephalopathy with microcephaly|not provided|Rett syndrome|Severe neonatal-onset encephalopathy with microcephaly;Syndromic X-linked intellectual disability Lubs type;Rett syndrome;Autism, susceptibility to, X-linked 3;X-linked intellectual disability-psychosis-macroorchidism syndrome|MECP2-related disorder",300005
MECP2,not specified|History of neurodevelopmental disorder|not provided|Severe neonatal-onset encephalopathy with microcephaly|Rett syndrome,300005
MECP2,not specified|Severe neonatal-onset encephalopathy with microcephaly|not provided|Inborn genetic diseases|Rett syndrome,300005
MECP2,not provided|Rett syndrome|Severe neonatal-onset encephalopathy with microcephaly,300005
MECP2,not specified|Severe neonatal-onset encephalopathy with microcephaly|not provided|History of neurodevelopmental disorder|Rett syndrome|MECP2-related disorder,300005
MECP2,not specified|not provided|Severe neonatal-onset encephalopathy with microcephaly|Rett syndrome|Inborn genetic diseases|MECP2-related disorder,300005
MECP2,Rett syndrome|Inborn genetic diseases|not provided,300005
MECP2,not specified|Rett syndrome|Severe neonatal-onset encephalopathy with microcephaly|not provided,300005
MECP2,"X-linked intellectual disability-psychosis-macroorchidism syndrome|not provided|Rett syndrome|Severe neonatal-onset encephalopathy with microcephaly|Inborn genetic diseases|Severe neonatal-onset encephalopathy with microcephaly;Syndromic X-linked intellectual disability Lubs type;X-linked intellectual disability-psychosis-macroorchidism syndrome;Rett syndrome|not specified|Syndromic X-linked intellectual disability Lubs type|See cases|Autism, susceptibility to, X-linked 3;Severe neonatal-onset encephalopathy with microcephaly;Syndromic X-linked intellectual disability Lubs type;X-linked intellectual disability-psychosis-macroorchidism syndrome;Rett syndrome",300005
MECP2,not specified|not provided|Severe neonatal-onset encephalopathy with microcephaly|Rett syndrome,300005
MECP2,not specified|not provided|Severe neonatal-onset encephalopathy with microcephaly|MECP2-related disorder,300005
MECP2,"not specified|not provided|History of neurodevelopmental disorder|Severe neonatal-onset encephalopathy with microcephaly|Rett syndrome|Severe neonatal-onset encephalopathy with microcephaly;X-linked intellectual disability-psychosis-macroorchidism syndrome;Autism, susceptibility to, X-linked 3;Syndromic X-linked intellectual disability Lubs type;Rett syndrome",300005
MECP2,not provided,300005
FOXG1,not specified|not provided,164874
FOXG1,"not specified|Rett syndrome, congenital variant|Inborn genetic diseases|not provided",164874
FOXG1,"not provided|not specified|Rett syndrome, congenital variant|FOXG1-related disorder|FOXG1 disorder|Inborn genetic diseases",164874
FOXG1,"not provided|Rett syndrome, congenital variant|FOXG1 disorder|Inborn genetic diseases",164874
FOXG1,"not specified|not provided|Rett syndrome, congenital variant|FOXG1 disorder",164874
FOXG1,"not provided|Rett syndrome, congenital variant|Inborn genetic diseases|FOXG1-related disorder|FOXG1 disorder|Abnormal cerebral morphology",164874
FOXG1,"not provided|Intellectual disability|Rett syndrome, congenital variant|FOXG1 disorder",164874
SLC2A1,"not specified|Encephalopathy due to GLUT1 deficiency|Dystonia 9|GLUT1 deficiency syndrome 1, autosomal recessive|Hereditary cryohydrocytosis with reduced stomatin|Childhood onset GLUT1 deficiency syndrome 2|Inborn genetic diseases|Epilepsy, idiopathic generalized, susceptibility to, 12|not provided",138140
SLC2A1,"not specified|Encephalopathy due to GLUT1 deficiency|GLUT1 deficiency syndrome 1, autosomal recessive|Dystonia 9|not provided|Inborn genetic diseases|Childhood onset GLUT1 deficiency syndrome 2|Hereditary cryohydrocytosis with reduced stomatin|Epilepsy, idiopathic generalized, susceptibility to, 12",138140
SLC2A1,"not specified|GLUT1 deficiency syndrome 1, autosomal recessive|Inborn genetic diseases|not provided|Hereditary cryohydrocytosis with reduced stomatin|Encephalopathy due to GLUT1 deficiency|Childhood onset GLUT1 deficiency syndrome 2|Dystonia 9|Epilepsy, idiopathic generalized, susceptibility to, 12",138140
SLC2A1,"not provided|GLUT1 deficiency syndrome 1, autosomal recessive",138140
SLC2A1,"not specified|not provided|GLUT1 deficiency syndrome 1, autosomal recessive",138140
SLC2A1,"not specified|Encephalopathy due to GLUT1 deficiency|Dystonia 9|not provided|GLUT1 deficiency syndrome 1, autosomal recessive|Inborn genetic diseases|Hereditary cryohydrocytosis with reduced stomatin|Epilepsy, idiopathic generalized, susceptibility to, 12|Childhood onset GLUT1 deficiency syndrome 2",138140
SLC2A1,"not specified|Dystonia 9|Encephalopathy due to GLUT1 deficiency|GLUT1 deficiency syndrome 1, autosomal recessive|not provided|Childhood onset GLUT1 deficiency syndrome 2|Epilepsy, idiopathic generalized, susceptibility to, 12|Inborn genetic diseases|Hereditary cryohydrocytosis with reduced stomatin",138140
SLC2A1,"not specified|Dystonia 9|Encephalopathy due to GLUT1 deficiency|not provided|Hereditary cryohydrocytosis with reduced stomatin|Childhood onset GLUT1 deficiency syndrome 2|GLUT1 deficiency syndrome 1, autosomal recessive|Inborn genetic diseases",138140
SLC2A1,"not specified|Dystonia 9|Encephalopathy due to GLUT1 deficiency|not provided|GLUT1 deficiency syndrome 1, autosomal recessive|Inborn genetic diseases|Epilepsy, idiopathic generalized, susceptibility to, 12|Hereditary cryohydrocytosis with reduced stomatin|Childhood onset GLUT1 deficiency syndrome 2|Uterine carcinosarcoma|Malignant lymphoma, large B-cell, diffuse",138140
SLC2A1,"GLUT1 deficiency syndrome 1, autosomal recessive|not provided",138140
SLC2A1,"Encephalopathy due to GLUT1 deficiency|not specified|Dystonia 9|not provided|GLUT1 deficiency syndrome 1, autosomal recessive|Hereditary cryohydrocytosis with reduced stomatin|Epilepsy, idiopathic generalized, susceptibility to, 12|Childhood onset GLUT1 deficiency syndrome 2",138140
SLC2A1,"not specified|Encephalopathy due to GLUT1 deficiency|Dystonia 9|not provided|Inborn genetic diseases|GLUT1 deficiency syndrome 1, autosomal recessive",138140
SLC2A1,"not specified|Encephalopathy due to GLUT1 deficiency|GLUT1 deficiency syndrome 1, autosomal recessive|Dystonia 9|Inborn genetic diseases|Hereditary cryohydrocytosis with reduced stomatin|Childhood onset GLUT1 deficiency syndrome 2|Epilepsy, idiopathic generalized, susceptibility to, 12|not provided",138140
SLC2A1,not provided,138140
SCN3A,"not specified|not provided|Developmental and epileptic encephalopathy, 62|Epilepsy, familial focal, with variable foci 4",182391
SCN3A,"not specified|not provided|Epilepsy, familial focal, with variable foci 4|Developmental and epileptic encephalopathy, 62",182391
PLCB1,"not specified|not provided|Developmental and epileptic encephalopathy, 12|Inborn genetic diseases|PLCB1-related disorder",607120
ARX,not provided,300382
ARX,"not specified|not provided|Intellectual disability, X-linked, with or without seizures, ARX-related;Developmental and epileptic encephalopathy, 1",300382
ARX,"not specified|Intellectual disability, X-linked, with or without seizures, ARX-related;Developmental and epileptic encephalopathy, 1|Inborn genetic diseases|not provided",300382
ARX,"not specified|Developmental and epileptic encephalopathy, 1;Intellectual disability, X-linked, with or without seizures, ARX-related|not provided|Inborn genetic diseases",300382
ARX,"Intellectual disability, X-linked, with or without seizures, ARX-related|not specified|Developmental and epileptic encephalopathy, 1;Intellectual disability, X-linked, with or without seizures, ARX-related|Inborn genetic diseases|not provided",300382
ARX,"not provided|X-linked lissencephaly with abnormal genitalia|Developmental and epileptic encephalopathy, 1;Intellectual disability, X-linked, with or without seizures, ARX-related|Developmental and epileptic encephalopathy, 1;Corpus callosum agenesis-abnormal genitalia syndrome;X-linked lissencephaly with abnormal genitalia;Intellectual disability, X-linked, with or without seizures, ARX-related;Partington syndrome|Partington syndrome",300382
ARX,"not provided|Intellectual disability, X-linked, with or without seizures, ARX-related;Developmental and epileptic encephalopathy, 1",300382
ARX,Inborn genetic diseases,300382
ARX,"Intellectual disability, X-linked, with or without seizures, ARX-related;Developmental and epileptic encephalopathy, 1",300382
PRRT2,"not specified|not provided|Episodic kinesigenic dyskinesia|Inborn genetic diseases|Seizure|Infantile convulsions and choreoathetosis;Seizures, benign familial infantile, 2;Episodic kinesigenic dyskinesia 1",614386
SLC2A1,"Epilepsy, idiopathic generalized, susceptibility to, 12|not provided|GLUT1 deficiency syndrome 1, autosomal recessive|Dystonia 9;Epilepsy, idiopathic generalized, susceptibility to, 12;Hereditary cryohydrocytosis with reduced stomatin;Encephalopathy due to GLUT1 deficiency;Childhood onset GLUT1 deficiency syndrome 2|Encephalopathy due to GLUT1 deficiency",138140
TBC1D24,Autosomal recessive nonsyndromic hearing loss 86|DOORS syndrome,613577
TBC1D24,Autosomal recessive nonsyndromic hearing loss 86,613577
KCNQ2,"Developmental and epileptic encephalopathy, 7|not provided|KCNQ2-related disorder|Developmental and epileptic encephalopathy|Inborn genetic diseases|Seizures, benign familial neonatal, 1;Developmental and epileptic encephalopathy, 7|Intellectual disability|Seizure",602235
GABRA1,"Developmental and epileptic encephalopathy, 19|Idiopathic generalized epilepsy;Epilepsy, childhood absence 4;Epilepsy, idiopathic generalized, susceptibility to, 13",137160
GABRA1,"Developmental and epileptic encephalopathy, 19|not provided|Inborn genetic diseases|Epilepsy, idiopathic generalized, susceptibility to, 13;Idiopathic generalized epilepsy;Epilepsy, childhood absence 4|Epilepsy, idiopathic generalized, susceptibility to, 13;Developmental and epileptic encephalopathy, 19|Epilepsy",137160
GABRA1,"Developmental and epileptic encephalopathy, 19",137160
STXBP1,"Developmental and epileptic encephalopathy, 4|not provided|Developmental and epileptic encephalopathy",602926
GABRG2,not provided,137164
ALDH7A1,not specified|Pyridoxine-dependent epilepsy|Inborn genetic diseases,107323
ALDH7A1,"not specified|Pyridoxine-dependent epilepsy|Inborn genetic diseases|Uveal melanoma|Adrenocortical carcinoma, hereditary|Colorectal cancer|Uterine carcinosarcoma|Thymoma|Cholangiocarcinoma",107323
ALDH7A1,not specified|Pyridoxine-dependent epilepsy|Inborn genetic diseases|not provided,107323
GABRA1,"not specified|Epilepsy, idiopathic generalized, susceptibility to, 13|not provided|Idiopathic generalized epilepsy;Epilepsy, childhood absence 4;Epilepsy, idiopathic generalized, susceptibility to, 13|Developmental and epileptic encephalopathy, 19|Inborn genetic diseases",137160
GABRA1,"not specified|Epilepsy, idiopathic generalized, susceptibility to, 13|not provided|Idiopathic generalized epilepsy;Epilepsy, childhood absence 4;Epilepsy, idiopathic generalized, susceptibility to, 13",137160
GABRA1,"not specified|not provided|Idiopathic generalized epilepsy;Epilepsy, childhood absence 4;Epilepsy, idiopathic generalized, susceptibility to, 13|Epilepsy, idiopathic generalized, susceptibility to, 13|Inborn genetic diseases",137160
GABRG2,"not provided|EPILEPSY, CHILDHOOD ABSENCE, SUSCEPTIBILITY TO, 2;Febrile seizures, familial, 8|GABRG2-related disorder|Inborn genetic diseases",137164
GABRG2,"not specified|EPILEPSY, CHILDHOOD ABSENCE, SUSCEPTIBILITY TO, 2|Febrile seizures, familial, 8|EPILEPSY, CHILDHOOD ABSENCE, SUSCEPTIBILITY TO, 2;Febrile seizures, familial, 8|Inborn genetic diseases|not provided",137164
GABRG2,"not specified|EPILEPSY, CHILDHOOD ABSENCE, SUSCEPTIBILITY TO, 2;Febrile seizures, familial, 8|EPILEPSY, CHILDHOOD ABSENCE, SUSCEPTIBILITY TO, 2|not provided|Inborn genetic diseases",137164
GABRG2,"not specified|EPILEPSY, CHILDHOOD ABSENCE, SUSCEPTIBILITY TO, 2|EPILEPSY, CHILDHOOD ABSENCE, SUSCEPTIBILITY TO, 2;Febrile seizures, familial, 8|Inborn genetic diseases|not provided",137164
KCNQ2,not specified|Developmental and epileptic encephalopathy|Inborn genetic diseases|not provided,602235
KCNQ2,"Developmental and epileptic encephalopathy, 7",602235
KCNQ2,not specified|Developmental and epileptic encephalopathy|not provided|Inborn genetic diseases|KCNQ2-related disorder,602235
KCNQ2,not specified|Developmental and epileptic encephalopathy|Inborn genetic diseases|Complex neurodevelopmental disorder|not provided,602235
KCNQ2,not provided|Developmental and epileptic encephalopathy|Inborn genetic diseases,602235
KCNQ2,not provided|Developmental and epileptic encephalopathy,602235
KCNQ2,not provided|Developmental and epileptic encephalopathy|Inborn genetic diseases|KCNQ2-related disorder,602235
KCNQ2,"not specified|Seizures, benign familial neonatal, 1|Developmental and epileptic encephalopathy|not provided|Inborn genetic diseases",602235
KCNQ2,not specified|Developmental and epileptic encephalopathy|Inborn genetic diseases,602235
KCNQ2,not specified|Developmental and epileptic encephalopathy|not provided|Inborn genetic diseases,602235
KCNQ2,"not specified|Seizures, benign familial neonatal, 1|Developmental and epileptic encephalopathy|not provided|Developmental and epileptic encephalopathy, 7|Inborn genetic diseases",602235
KCNQ2,"not specified|Developmental and epileptic encephalopathy, 7|Seizures, benign familial neonatal, 1|Developmental and epileptic encephalopathy|not provided",602235
KCNQ2,not provided|not specified|Developmental and epileptic encephalopathy|Inborn genetic diseases,602235
KCNQ2,not specified|not provided|Developmental and epileptic encephalopathy|Inborn genetic diseases,602235
KCNQ3,"not specified|Benign neonatal seizures|not provided|Inborn genetic diseases|Seizures, benign familial neonatal, 2",602232
KCNQ3,"not specified|Benign neonatal seizures|Seizures, benign familial neonatal, 2|not provided|Inborn genetic diseases",602232
KCNQ3,"not specified|Seizures, benign familial neonatal, 2|Benign neonatal seizures|Inborn genetic diseases|KCNQ3-related disorder|not provided",602232
KCNQ3,"not specified|Benign neonatal seizures|not provided|Seizures, benign familial neonatal, 2|Inborn genetic diseases",602232
KCNQ3,"not specified|Benign neonatal seizures|Seizures, benign familial neonatal, 2|Inborn genetic diseases|not provided",602232
PLCB1,"not provided|Developmental and epileptic encephalopathy, 12",607120
PLCB1,"not specified|not provided|Developmental and epileptic encephalopathy, 12|Ovarian serous cystadenocarcinoma|Inborn genetic diseases|Clear cell carcinoma of kidney",607120
PLCB1,"not specified|Early Infantile Epileptic Encephalopathy, Autosomal Recessive|Developmental and epileptic encephalopathy, 12|not provided|Inborn genetic diseases",607120
PLCB1,"not specified|not provided|Developmental and epileptic encephalopathy, 12",607120
PLCB1,"not specified|Early Infantile Epileptic Encephalopathy, Autosomal Recessive|not provided|Developmental and epileptic encephalopathy, 12|Inborn genetic diseases",607120
PLCB1,"not specified|not provided|Early Infantile Epileptic Encephalopathy, Autosomal Recessive|Developmental and epileptic encephalopathy, 12|Inborn genetic diseases|PLCB1-related disorder",607120
PLCB1,"not specified|Early Infantile Epileptic Encephalopathy, Autosomal Recessive|Developmental and epileptic encephalopathy, 12|Inborn genetic diseases|not provided",607120
PLCB1,"not specified|not provided|Early Infantile Epileptic Encephalopathy, Autosomal Recessive|Developmental and epileptic encephalopathy, 12|Inborn genetic diseases",607120
PLCB1,"not specified|Developmental and epileptic encephalopathy, 12|Inborn genetic diseases|not provided",607120
PLCB1,not provided,607120
PLCB1,"not specified|Developmental and epileptic encephalopathy, 12|not provided",607120
PLCB1,"not specified|Developmental and epileptic encephalopathy, 12|not provided|Inborn genetic diseases|Ovarian serous cystadenocarcinoma|Clear cell carcinoma of kidney|PLCB1-related disorder",607120
PLCB1,"not specified|not provided|Developmental and epileptic encephalopathy, 12|Inborn genetic diseases",607120
PLCB1,"not specified|Developmental and epileptic encephalopathy, 12|not provided|Early Infantile Epileptic Encephalopathy, Autosomal Recessive",607120
PRRT2,not specified|not provided|Episodic kinesigenic dyskinesia 1|Episodic kinesigenic dyskinesia|Inborn genetic diseases,614386
PRRT2,"not provided|Infantile convulsions and choreoathetosis;Episodic kinesigenic dyskinesia 1;Seizures, benign familial infantile, 2|PRRT2-related disorder|Episodic kinesigenic dyskinesia|Inborn genetic diseases",614386
SCN1A,not provided|not specified|Developmental and epileptic encephalopathy|Inborn genetic diseases,182389
SCN1A,"Generalized epilepsy with febrile seizures plus, type 2|Developmental and epileptic encephalopathy|not provided|Generalized epilepsy with febrile seizures plus",182389
SCN2A,"not provided|Seizures, benign familial infantile, 3|not specified|Seizures, benign familial infantile, 3;Developmental and epileptic encephalopathy, 11|Seizures, benign familial infantile, 3;Episodic ataxia, type 9;Developmental and epileptic encephalopathy, 11|Inborn genetic diseases",182390
SCN2A,not provided|Complex neurodevelopmental disorder,182390
SCN2A,"not specified|Pyridoxine-dependent epilepsy|not provided|Seizures, benign familial infantile, 3;Developmental and epileptic encephalopathy, 11|Inborn genetic diseases|Complex neurodevelopmental disorder|Febrile seizure (within the age range of 3 months to 6 years)",182390
SCN2A,"not specified|Seizures, benign familial infantile, 3|not provided|Developmental and epileptic encephalopathy, 11;Seizures, benign familial infantile, 3|Inborn genetic diseases",182390
SCN2A,not specified,182390
SCN2A,"not specified|Seizures, benign familial infantile, 3|Seizures, benign familial infantile, 3;Developmental and epileptic encephalopathy, 11|Inborn genetic diseases|not provided|Episodic ataxia, type 9|Developmental and epileptic encephalopathy, 11",182390
SCN2A,"not specified|Developmental and epileptic encephalopathy, 11;Seizures, benign familial infantile, 3|Seizures, benign familial infantile, 3|not provided|Inborn genetic diseases",182390
SCN2A,"not specified|Seizures, benign familial infantile, 3|Seizures, benign familial infantile, 3;Developmental and epileptic encephalopathy, 11|Inborn genetic diseases|Seizures, benign familial infantile, 3;Developmental and epileptic encephalopathy, 11;Episodic ataxia, type 9|Lung cancer|not provided|Clear cell carcinoma of kidney",182390
SCN2A,"not provided|Developmental and epileptic encephalopathy, 11;Seizures, benign familial infantile, 3|not specified|Seizures, benign familial infantile, 3|Inborn genetic diseases|Episodic ataxia, type 9;Developmental and epileptic encephalopathy, 11;Seizures, benign familial infantile, 3|Complex neurodevelopmental disorder",182390
SCN2A,"not specified|Seizures, benign familial infantile, 3|not provided|Seizures, benign familial infantile, 3;Developmental and epileptic encephalopathy, 11",182390
SCN2A,not provided,182390
SCN2A,"not specified|Seizures, benign familial infantile, 3|Seizures, benign familial infantile, 3;Developmental and epileptic encephalopathy, 11|Developmental and epileptic encephalopathy, 11|not provided|Episodic ataxia, type 9|Inborn genetic diseases",182390
SCN2A,"not specified|Seizures, benign familial infantile, 3|Developmental and epileptic encephalopathy, 11;Seizures, benign familial infantile, 3|not provided|Inborn genetic diseases|Nonpapillary renal cell carcinoma|Complex neurodevelopmental disorder|Cholangiocarcinoma|Adrenocortical carcinoma, hereditary",182390
SCN2A,"not specified|Seizures, benign familial infantile, 3;Developmental and epileptic encephalopathy, 11|Seizures, benign familial infantile, 3|not provided|Inborn genetic diseases",182390
SCN2A,"not specified|Seizures, benign familial infantile, 3;Developmental and epileptic encephalopathy, 11|Seizures, benign familial infantile, 3;Developmental and epileptic encephalopathy, 11;Episodic ataxia, type 9|SCN2A-related disorder|Seizures, benign familial infantile, 3|not provided|Inborn genetic diseases",182390
SCN8A,"not specified|Developmental and epileptic encephalopathy|Inborn genetic diseases|not provided|Cognitive impairment with or without cerebellar ataxia;Developmental and epileptic encephalopathy, 13;Seizures, benign familial infantile, 5;Myoclonus, familial, 2",600702
SCN8A,not specified|Developmental and epileptic encephalopathy,600702
SCN8A,"Developmental and epileptic encephalopathy|not specified|not provided|Developmental and epileptic encephalopathy, 13|Inborn genetic diseases",600702
SCN8A,not provided|Developmental and epileptic encephalopathy,600702
SCN8A,"not specified|Developmental and epileptic encephalopathy|not provided|Inborn genetic diseases|Cognitive impairment with or without cerebellar ataxia;Developmental and epileptic encephalopathy, 13;Seizures, benign familial infantile, 5;Myoclonus, familial, 2",600702
SCN8A,"not specified|not provided|Seizures, benign familial infantile, 5|Cognitive impairment with or without cerebellar ataxia|Developmental and epileptic encephalopathy, 13|Developmental and epileptic encephalopathy|Inborn genetic diseases|Myoclonus, familial, 2",600702
SCN8A,"not provided|Developmental and epileptic encephalopathy, 13|Developmental and epileptic encephalopathy|Inborn genetic diseases|not specified",600702
SCN8A,"Developmental and epileptic encephalopathy, 13",600702
SCN8A,not specified|Developmental and epileptic encephalopathy|Inborn genetic diseases|not provided,600702
SCN8A,"not specified|not provided|Developmental and epileptic encephalopathy, 13|Inborn genetic diseases|Seizures, benign familial infantile, 5|Myoclonus, familial, 2|Cognitive impairment with or without cerebellar ataxia|Developmental and epileptic encephalopathy",600702
SCN8A,"not provided|Developmental and epileptic encephalopathy, 13|Seizure|Complex neurodevelopmental disorder|Seizures, benign familial infantile, 5|Focal epilepsy|Developmental and epileptic encephalopathy|SCN8A-related disorder",600702
SCN8A,"not specified|not provided|Myoclonus, familial, 2|Developmental and epileptic encephalopathy|Developmental and epileptic encephalopathy, 13|Seizures, benign familial infantile, 5|Cognitive impairment with or without cerebellar ataxia|Inborn genetic diseases",600702
SCN9A,"not specified|Paroxysmal extreme pain disorder|Primary erythromelalgia|not provided|Channelopathy-associated congenital insensitivity to pain, autosomal recessive|Neuropathy, hereditary sensory and autonomic, type 2A;Generalized epilepsy with febrile seizures plus, type 7|Inherited Erythromelalgia",603415
SCN9A,"not specified|Small fiber neuropathy|Channelopathy-associated congenital insensitivity to pain, autosomal recessive|Generalized epilepsy with febrile seizures plus, type 7;Neuropathy, hereditary sensory and autonomic, type 2A|Primary erythromelalgia|Paroxysmal extreme pain disorder|Melanoma|Hepatocellular carcinoma|Acute myeloid leukemia|Cervical cancer|not provided|Ovarian serous cystadenocarcinoma|Thyroid cancer, nonmedullary, 1",603415
SCN9A,"not specified|Neuropathy, hereditary sensory and autonomic, type 2A;Generalized epilepsy with febrile seizures plus, type 7|not provided|Channelopathy-associated congenital insensitivity to pain, autosomal recessive|Paroxysmal extreme pain disorder|Primary erythromelalgia|Inherited Erythromelalgia",603415
SCN9A,"not specified|Small fiber neuropathy|Paroxysmal extreme pain disorder|Primary erythromelalgia|Channelopathy-associated congenital insensitivity to pain, autosomal recessive|not provided|Neuropathy, hereditary sensory and autonomic, type 2A;Generalized epilepsy with febrile seizures plus, type 7",603415
SCN9A,"not specified|Paroxysmal extreme pain disorder|Neuropathy, hereditary sensory and autonomic, type 2A;Generalized epilepsy with febrile seizures plus, type 7|Primary erythromelalgia|Channelopathy-associated congenital insensitivity to pain, autosomal recessive|Small fiber neuropathy|not provided",603415
SCN9A,"not specified|Channelopathy-associated congenital insensitivity to pain, autosomal recessive|Primary erythromelalgia|Paroxysmal extreme pain disorder|Small fiber neuropathy|Neuropathy, hereditary sensory and autonomic, type 2A;Generalized epilepsy with febrile seizures plus, type 7|not provided",603415
SCN9A,"not provided|not specified|Paroxysmal extreme pain disorder|Small fiber neuropathy|Channelopathy-associated congenital insensitivity to pain, autosomal recessive|Primary erythromelalgia|Self-limited epilepsy with centrotemporal spikes|Generalized epilepsy with febrile seizures plus, type 7;Neuropathy, hereditary sensory and autonomic, type 2A|Inborn genetic diseases",603415
SCN9A,"not specified|Neuropathy, hereditary sensory and autonomic, type 2A;Generalized epilepsy with febrile seizures plus, type 7|Inborn genetic diseases|SCN9A-related disorder|not provided",603415
SCN9A,"not specified|Paroxysmal extreme pain disorder|Primary erythromelalgia|Channelopathy-associated congenital insensitivity to pain, autosomal recessive|Neuropathy, hereditary sensory and autonomic, type 2A;Generalized epilepsy with febrile seizures plus, type 7|Small fiber neuropathy|not provided",603415
SCN9A,"not provided|not specified|Neuropathy, hereditary sensory and autonomic, type 2A;Generalized epilepsy with febrile seizures plus, type 7|SCN9A-related disorder|Inborn genetic diseases",603415
SCN9A,"not specified|Small fiber neuropathy|Primary erythromelalgia|Neuropathy, hereditary sensory and autonomic, type 2A;Generalized epilepsy with febrile seizures plus, type 7|Channelopathy-associated congenital insensitivity to pain, autosomal recessive|not provided|Paroxysmal extreme pain disorder",603415
SCN9A,"Severe myoclonic epilepsy in infancy|Channelopathy-associated congenital insensitivity to pain, autosomal recessive|Paroxysmal extreme pain disorder|not provided|Neuropathy, hereditary sensory and autonomic, type 2A|Neuropathy, hereditary sensory and autonomic, type 2A;Generalized epilepsy with febrile seizures plus, type 7|not specified|Primary erythromelalgia|Paroxysmal extreme pain disorder;Primary erythromelalgia;Channelopathy-associated congenital insensitivity to pain, autosomal recessive|Inherited Erythromelalgia|Hereditary ataxia|Inborn genetic diseases|Paroxysmal extreme pain disorder;Primary erythromelalgia;Severe myoclonic epilepsy in infancy;Generalized epilepsy with febrile seizures plus, type 7;Channelopathy-associated congenital insensitivity to pain, autosomal recessive",603415
SCN9A,"not specified|Primary erythromelalgia|Paroxysmal extreme pain disorder|Inherited Erythromelalgia|Channelopathy-associated congenital insensitivity to pain, autosomal recessive|Neuropathy, hereditary sensory and autonomic, type 2A;Generalized epilepsy with febrile seizures plus, type 7|not provided",603415
SCN9A,"not specified|Paroxysmal extreme pain disorder|Primary erythromelalgia|Channelopathy-associated congenital insensitivity to pain, autosomal recessive|Small fiber neuropathy|Neuropathy, hereditary sensory and autonomic, type 2A;Generalized epilepsy with febrile seizures plus, type 7|not provided",603415
SCN9A,"not provided|Neuropathy, hereditary sensory and autonomic, type 2A;Generalized epilepsy with febrile seizures plus, type 7|Inborn genetic diseases",603415
SCN9A,"not specified|Channelopathy-associated congenital insensitivity to pain, autosomal recessive|Primary erythromelalgia|Small fiber neuropathy|Paroxysmal extreme pain disorder|Neuropathy, hereditary sensory and autonomic, type 2A;Generalized epilepsy with febrile seizures plus, type 7|not provided",603415
SCN9A,"not specified|Channelopathy-associated congenital insensitivity to pain, autosomal recessive|Paroxysmal extreme pain disorder|Primary erythromelalgia|Neuropathy, hereditary sensory and autonomic, type 2A;Generalized epilepsy with febrile seizures plus, type 7|Inherited Erythromelalgia|not provided",603415
SCN9A,"not provided|Generalized epilepsy with febrile seizures plus, type 7;Neuropathy, hereditary sensory and autonomic, type 2A|6 conditions|Generalized epilepsy with febrile seizures plus, type 7|Inborn genetic diseases",603415
SCN9A,"not specified|not provided|Channelopathy-associated congenital insensitivity to pain, autosomal recessive|Paroxysmal extreme pain disorder|Generalized epilepsy with febrile seizures plus, type 7;Neuropathy, hereditary sensory and autonomic, type 2A|Primary erythromelalgia|Inborn genetic diseases",603415
TBC1D24,"not specified|Familial infantile myoclonic epilepsy|Autosomal dominant nonsyndromic hearing loss 65;Developmental and epileptic encephalopathy, 1;Caused by mutation in the TBC1 domain family, member 24|not provided|6 conditions",613577
TBC1D24,"not provided|not specified|6 conditions|Familial infantile myoclonic epilepsy|Developmental and epileptic encephalopathy, 1;Autosomal dominant nonsyndromic hearing loss 65;Caused by mutation in the TBC1 domain family, member 24|Inborn genetic diseases",613577
TBC1D24,"not specified|Familial infantile myoclonic epilepsy|Autosomal dominant nonsyndromic hearing loss 65;Developmental and epileptic encephalopathy, 1;Caused by mutation in the TBC1 domain family, member 24|not provided|Inborn genetic diseases",613577
TBC1D24,"not specified|not provided|Inborn genetic diseases|TBC1D24-related disorder|Developmental and epileptic encephalopathy, 1;Autosomal dominant nonsyndromic hearing loss 65;Caused by mutation in the TBC1 domain family, member 24|Familial infantile myoclonic epilepsy",613577
TBC1D24,"not specified|not provided|Familial infantile myoclonic epilepsy|Autosomal dominant nonsyndromic hearing loss 65;Developmental and epileptic encephalopathy, 1;Caused by mutation in the TBC1 domain family, member 24|Inborn genetic diseases|Malignant tumor of urinary bladder|6 conditions",613577
TBC1D24,"not specified|Familial infantile myoclonic epilepsy|Autosomal dominant nonsyndromic hearing loss 65;Developmental and epileptic encephalopathy, 1;Caused by mutation in the TBC1 domain family, member 24|Inborn genetic diseases|not provided",613577
TBC1D24,"not provided|not specified|Caused by mutation in the TBC1 domain family, member 24;Developmental and epileptic encephalopathy, 1;Autosomal dominant nonsyndromic hearing loss 65|Inborn genetic diseases|6 conditions",613577
TSC2,not specified|Tuberous sclerosis 2|Hereditary cancer-predisposing syndrome|Tuberous sclerosis syndrome|not provided,191092
TBC1D24,"Autosomal recessive nonsyndromic hearing loss 86|Autosomal dominant nonsyndromic hearing loss 65|not provided|DOORS syndrome|Developmental and epileptic encephalopathy, 1;Caused by mutation in the TBC1 domain family, member 24;Autosomal dominant nonsyndromic hearing loss 65",613577
MECP2,"Autism, susceptibility to, X-linked 3|Rett syndrome|not provided",300005
TSC1,not specified,605284
TSC1,not specified|not provided|Hereditary cancer-predisposing syndrome,605284
TSC2,not specified|not provided|Tuberous sclerosis 2|Isolated focal cortical dysplasia type II|Tuberous sclerosis syndrome,191092
TSC2,not specified|Tuberous sclerosis 2|Tuberous sclerosis 2;Lymphangiomyomatosis;Isolated focal cortical dysplasia type II,191092
TSC2,not specified,191092
TSC2,not specified|not provided,191092
TSC1,not specified|Hereditary cancer-predisposing syndrome|Tuberous sclerosis 1|Isolated focal cortical dysplasia type II,605284
TSC1,not specified|Tuberous sclerosis 1|Hereditary cancer-predisposing syndrome|Tuberous sclerosis syndrome|not provided|Ovarian cancer,605284
TSC1,not specified|Hereditary cancer-predisposing syndrome|Tuberous sclerosis 1|not provided|TSC1-related disorder|Tuberous sclerosis syndrome,605284
TSC1,not specified|Tuberous sclerosis 1|Hereditary cancer-predisposing syndrome,605284
TSC1,not specified|Tuberous sclerosis 1|Hereditary cancer-predisposing syndrome|Isolated focal cortical dysplasia type II;Lymphangiomyomatosis;Tuberous sclerosis 1,605284
TSC1,not specified|Tuberous sclerosis 1|not provided|Hereditary cancer-predisposing syndrome|Tuberous sclerosis syndrome,605284
TSC2,not specified|Tuberous sclerosis 2|Hereditary cancer-predisposing syndrome|not provided,191092
TSC2,not specified|Hereditary cancer-predisposing syndrome|Tuberous sclerosis syndrome|not provided|Tuberous sclerosis 2,191092
TSC2,not specified|not provided|Hereditary cancer-predisposing syndrome|Tuberous sclerosis 2|Tuberous sclerosis syndrome,191092
TSC2,not specified|Hereditary cancer-predisposing syndrome|Tuberous sclerosis syndrome|Tuberous sclerosis 2|TSC2-related disorder,191092
TSC2,not specified|Hereditary cancer-predisposing syndrome|Tuberous sclerosis 2|TSC2-related disorder,191092
TSC2,not specified|Tuberous sclerosis 2|not provided|Hereditary cancer-predisposing syndrome|Isolated focal cortical dysplasia type II|Tuberous sclerosis syndrome,191092
TSC2,not specified|Hereditary cancer-predisposing syndrome|Tuberous sclerosis 2|not provided|Tuberous sclerosis syndrome|TSC2-related disorder|Tuberous sclerosis 2;Isolated focal cortical dysplasia type II;Lymphangiomyomatosis,191092
TSC2,not specified|Tuberous sclerosis 2|Lymphangiomyomatosis;Tuberous sclerosis 2;Isolated focal cortical dysplasia type II,191092
TSC2,not specified|Tuberous sclerosis 2|Hereditary cancer-predisposing syndrome|Tuberous sclerosis syndrome,191092
TSC2,not specified|Hereditary cancer-predisposing syndrome|Tuberous sclerosis 2,191092
TSC2,not specified|Hereditary cancer-predisposing syndrome|Tuberous sclerosis 2|Tuberous sclerosis syndrome,191092
TSC2,not specified|Tuberous sclerosis 2|Tuberous sclerosis syndrome|Hereditary cancer-predisposing syndrome|not provided|TSC2-related disorder,191092
TSC2,Tuberous sclerosis 2|Hereditary cancer-predisposing syndrome|not specified|not provided,191092
SCN8A,"Developmental and epileptic encephalopathy, 13|not provided|Inborn genetic diseases|Developmental and epileptic encephalopathy|Developmental and epileptic encephalopathy, 13;Seizures, benign familial infantile, 5;Cognitive impairment with or without cerebellar ataxia|West syndrome|Cognitive impairment with or without cerebellar ataxia|Complex neurodevelopmental disorder",600702
ALDH7A1,not specified|Pyridoxine-dependent epilepsy|Inborn genetic diseases|not provided|ALDH7A1-related disorder,107323
ALDH7A1,not specified|Pyridoxine-dependent epilepsy,107323
ALDH7A1,not specified|not provided|Pyridoxine-dependent epilepsy,107323
ALDH7A1,not specified|ALDH7A1-related disorder|Pyridoxine-dependent epilepsy,107323
ARX,"not specified|Developmental and epileptic encephalopathy, 1;Intellectual disability, X-linked, with or without seizures, ARX-related",300382
ARX,"not specified|not provided|Developmental and epileptic encephalopathy, 1;Intellectual disability, X-linked, with or without seizures, ARX-related|Inborn genetic diseases",300382
CDKL5,"not provided|Developmental and epileptic encephalopathy, 2|not specified|Developmental and epileptic encephalopathy, 2;Angelman syndrome-like|CDKL5 disorder",300203
CDKL5,"not specified|Developmental and epileptic encephalopathy, 2;Angelman syndrome-like",300203
CDKL5,"not specified|not provided|Developmental and epileptic encephalopathy, 2;Angelman syndrome-like|History of neurodevelopmental disorder",300203
CDKL5,"not specified|Developmental and epileptic encephalopathy, 2;Angelman syndrome-like|not provided|Inborn genetic diseases|CDKL5 disorder",300203
CDKL5,"not specified|History of neurodevelopmental disorder|Developmental and epileptic encephalopathy, 2;Angelman syndrome-like|Developmental and epileptic encephalopathy, 2|CDKL5 disorder|not provided",300203
CDKL5,"not specified|Developmental and epileptic encephalopathy, 2;Angelman syndrome-like|not provided|Inborn genetic diseases",300203
CDKL5,"not specified|Angelman syndrome-like;Developmental and epileptic encephalopathy, 2",300203
CDKL5,"not specified|not provided|History of neurodevelopmental disorder|Angelman syndrome-like;Developmental and epileptic encephalopathy, 2|Developmental and epileptic encephalopathy, 2",300203
FOXG1,"not specified|Rett syndrome, congenital variant|FOXG1 disorder|not provided|Inborn genetic diseases|FOXG1-related disorder",164874
FOXG1,"FOXG1 disorder|Inborn genetic diseases|not specified|FOXG1-related disorder|not provided|Rett syndrome, congenital variant",164874
FOXG1,"not specified|Rett syndrome, congenital variant|not provided|FOXG1 disorder|Inborn genetic diseases|FOXG1-related disorder",164874
FOXG1,"not specified|Rett syndrome, congenital variant|not provided|FOXG1 disorder|Inborn genetic diseases",164874
GABRA1,not specified,137160
GABRA1,"not specified|Epilepsy, idiopathic generalized, susceptibility to, 13",137160
GABRA1,"not specified|Epilepsy, idiopathic generalized, susceptibility to, 13|Idiopathic generalized epilepsy;Epilepsy, idiopathic generalized, susceptibility to, 13;Epilepsy, childhood absence 4",137160
GABRA1,"not specified|not provided|Epilepsy, childhood absence 4;Idiopathic generalized epilepsy;Epilepsy, idiopathic generalized, susceptibility to, 13|Inborn genetic diseases|GABRA1-related disorder",137160
GABRA1,"not provided|Epilepsy, idiopathic generalized, susceptibility to, 13|not specified|Idiopathic generalized epilepsy;Epilepsy, idiopathic generalized, susceptibility to, 13;Epilepsy, childhood absence 4|Inborn genetic diseases|GABRA1-related disorder",137160
GABRA1,"not specified|Epilepsy, childhood absence 4;Idiopathic generalized epilepsy;Epilepsy, idiopathic generalized, susceptibility to, 13|not provided",137160
GABRA1,"not specified|Epilepsy, idiopathic generalized, susceptibility to, 13|Epilepsy, childhood absence 4;Idiopathic generalized epilepsy;Epilepsy, idiopathic generalized, susceptibility to, 13|not provided",137160
GABRA1,"not specified|Idiopathic generalized epilepsy;Epilepsy, idiopathic generalized, susceptibility to, 13;Epilepsy, childhood absence 4|Inborn genetic diseases",137160
GABRA1,"not specified|not provided|Idiopathic generalized epilepsy;Epilepsy, idiopathic generalized, susceptibility to, 13;Epilepsy, childhood absence 4|Epilepsy, idiopathic generalized, susceptibility to, 13|GABRA1-related disorder|Inborn genetic diseases",137160
GABRA1,"not specified|Epilepsy, idiopathic generalized, susceptibility to, 13|not provided|Epilepsy, childhood absence 4;Idiopathic generalized epilepsy;Epilepsy, idiopathic generalized, susceptibility to, 13|Inborn genetic diseases",137160
GABRG2,"not specified|EPILEPSY, CHILDHOOD ABSENCE, SUSCEPTIBILITY TO, 2|not provided|EPILEPSY, CHILDHOOD ABSENCE, SUSCEPTIBILITY TO, 2;Febrile seizures, familial, 8|Inborn genetic diseases|GABRG2-related disorder",137164
GABRG2,"not specified|EPILEPSY, CHILDHOOD ABSENCE, SUSCEPTIBILITY TO, 2;Febrile seizures, familial, 8",137164
GABRG2,"not specified|EPILEPSY, CHILDHOOD ABSENCE, SUSCEPTIBILITY TO, 2;Febrile seizures, familial, 8|EPILEPSY, CHILDHOOD ABSENCE, SUSCEPTIBILITY TO, 2|Inborn genetic diseases|not provided",137164
GABRG2,not specified|not provided,137164
GABRG2,not specified|GABRG2-related disorder,137164
GABRG2,not specified,137164
GABRG2,"not specified|EPILEPSY, CHILDHOOD ABSENCE, SUSCEPTIBILITY TO, 2|EPILEPSY, CHILDHOOD ABSENCE, SUSCEPTIBILITY TO, 2;Febrile seizures, familial, 8|not provided|GABRG2-related disorder",137164
GABRG2,"not specified|not provided|EPILEPSY, CHILDHOOD ABSENCE, SUSCEPTIBILITY TO, 2;Febrile seizures, familial, 8|Inborn genetic diseases",137164
GABRG2,"not specified|EPILEPSY, CHILDHOOD ABSENCE, SUSCEPTIBILITY TO, 2;Febrile seizures, familial, 8|not provided|Inborn genetic diseases|GABRG2-related disorder",137164
GABRG2,"not specified|EPILEPSY, CHILDHOOD ABSENCE, SUSCEPTIBILITY TO, 2;Febrile seizures, familial, 8|not provided",137164
TSC1,not specified|Isolated focal cortical dysplasia type II|Tuberous sclerosis 1,605284
TSC1,not specified|Hereditary cancer-predisposing syndrome|Tuberous sclerosis 1|not provided|Tuberous sclerosis syndrome,605284
TSC1,Hereditary cancer-predisposing syndrome|not specified|not provided|Tuberous sclerosis 1|Isolated focal cortical dysplasia type II|Tuberous sclerosis syndrome,605284
TSC1,Hereditary cancer-predisposing syndrome|not specified|Isolated focal cortical dysplasia type II|not provided|Tuberous sclerosis 1|Isolated focal cortical dysplasia type II;Lymphangiomyomatosis;Tuberous sclerosis 1|Tuberous sclerosis syndrome,605284
TSC1,not specified|Tuberous sclerosis 1,605284
TSC1,not specified|Isolated focal cortical dysplasia type II;Lymphangiomyomatosis;Tuberous sclerosis 1|Tuberous sclerosis 1|Hereditary cancer-predisposing syndrome|not provided,605284
TSC2,not specified|Tuberous sclerosis syndrome|Tuberous sclerosis 2,191092
TSC2,not specified|not provided|Tuberous sclerosis 2,191092
TSC2,not specified|Tuberous sclerosis 2|not provided,191092
TSC2,not specified|Tuberous sclerosis 2,191092
TSC2,Hereditary cancer-predisposing syndrome|not specified|Tuberous sclerosis 2|Tuberous sclerosis syndrome|not provided|Tuberous sclerosis 2;Lymphangiomyomatosis;Isolated focal cortical dysplasia type II,191092
TSC2,not specified|Tuberous sclerosis 2|Hereditary cancer-predisposing syndrome|not provided|Tuberous sclerosis 2;Isolated focal cortical dysplasia type II;Lymphangiomyomatosis|Tuberous sclerosis syndrome|TSC2-related disorder,191092
TSC2,not specified|Tuberous sclerosis 2|Hereditary cancer-predisposing syndrome|not provided|TSC2-related disorder,191092
TSC2,not specified|Tuberous sclerosis 2|Tuberous sclerosis syndrome|Hereditary cancer-predisposing syndrome|not provided,191092
TSC2,Hereditary cancer-predisposing syndrome|not specified|Tuberous sclerosis 2|not provided|Tuberous sclerosis syndrome|TSC2-related disorder,191092
TSC2,not specified|Tuberous sclerosis 2|not provided|Hereditary cancer-predisposing syndrome|Tuberous sclerosis syndrome,191092
KCNQ2,not specified|not provided|Developmental and epileptic encephalopathy,602235
KCNQ2,not specified|Developmental and epileptic encephalopathy|Inborn genetic diseases|KCNQ2-related disorder|not provided,602235
KCNQ2,not specified|Developmental and epileptic encephalopathy|Inborn genetic diseases|KCNQ2-related disorder,602235
KCNQ2,not specified|Developmental and epileptic encephalopathy,602235
KCNQ2,not specified|not provided,602235
KCNQ2,not specified|Developmental and epileptic encephalopathy|not provided,602235
KCNQ2,"not specified|not provided|Developmental and epileptic encephalopathy, 7|Inborn genetic diseases|Developmental and epileptic encephalopathy",602235
KCNQ2,not specified|Developmental and epileptic encephalopathy|Inborn genetic diseases|not provided|KCNQ2-related disorder,602235
KCNQ3,not specified|Benign neonatal seizures,602232
KCNQ3,"not specified|Seizures, benign familial neonatal, 2|Benign neonatal seizures|not provided|Inborn genetic diseases",602232
KCNQ3,not specified|Benign neonatal seizures|not provided,602232
KCNQ3,"not specified|Benign neonatal seizures|Seizures, benign familial neonatal, 2",602232
KCNQ3,not specified|Benign neonatal seizures|Inborn genetic diseases|KCNQ3-related disorder|not provided,602232
KCNQ3,not specified|not provided|Benign neonatal seizures,602232
KCNQ3,"not specified|Seizures, benign familial neonatal, 2|Benign neonatal seizures|KCNQ3-related disorder",602232
KCNQ3,"not specified|Inborn genetic diseases|KCNQ3-related disorder|not provided|Benign neonatal seizures|Seizures, benign familial neonatal, 2",602232
KCNQ3,"not specified|Benign neonatal seizures|Benign Neonatal Epilepsy|Seizures, benign familial neonatal, 2|Inborn genetic diseases|not provided",602232
MECP2,"not specified|History of neurodevelopmental disorder|Severe neonatal-onset encephalopathy with microcephaly|Rett syndrome;Severe neonatal-onset encephalopathy with microcephaly;Syndromic X-linked intellectual disability Lubs type;Autism, susceptibility to, X-linked 3;X-linked intellectual disability-psychosis-macroorchidism syndrome|Rett syndrome|MECP2-related disorder",300005
MECP2,not specified|not provided|Rett syndrome|X-linked intellectual disability-psychosis-macroorchidism syndrome|Severe neonatal-onset encephalopathy with microcephaly|Inborn genetic diseases|MECP2-related disorder,300005
MECP2,"not specified|Rett syndrome|not provided|History of neurodevelopmental disorder|Severe neonatal-onset encephalopathy with microcephaly|Rett syndrome;Syndromic X-linked intellectual disability Lubs type;Autism, susceptibility to, X-linked 3;Severe neonatal-onset encephalopathy with microcephaly;X-linked intellectual disability-psychosis-macroorchidism syndrome",300005
MECP2,not specified|Severe neonatal-onset encephalopathy with microcephaly|Rett syndrome|MECP2-related disorder|not provided,300005
MECP2,not specified|not provided|Severe neonatal-onset encephalopathy with microcephaly|Rett syndrome|Inborn genetic diseases,300005
MECP2,not specified,300005
MECP2,not specified|not provided|Rett syndrome|History of neurodevelopmental disorder|Severe neonatal-onset encephalopathy with microcephaly,300005
MECP2,not specified|not provided|Severe neonatal-onset encephalopathy with microcephaly|Rett syndrome|MECP2-related disorder,300005
MECP2,"not specified|not provided|Severe neonatal-onset encephalopathy with microcephaly|Rett syndrome|Inborn genetic diseases|X-linked intellectual disability-psychosis-macroorchidism syndrome;Rett syndrome;Autism, susceptibility to, X-linked 3;Severe neonatal-onset encephalopathy with microcephaly;Syndromic X-linked intellectual disability Lubs type|MECP2-related disorder",300005
MECP2,not specified|Severe neonatal-onset encephalopathy with microcephaly|not provided|Rett syndrome,300005
MECP2,not specified|MECP2-related disorder|Severe neonatal-onset encephalopathy with microcephaly|not provided|Inborn genetic diseases|Rett syndrome,300005
PCDH19,"not specified|Developmental and epileptic encephalopathy, 9|Inborn genetic diseases",300460
PCDH19,"not specified|not provided|Inborn genetic diseases|Developmental and epileptic encephalopathy, 9",300460
PCDH19,"not specified|Developmental and epileptic encephalopathy, 9",300460
PCDH19,"not specified|Developmental and epileptic encephalopathy, 9|not provided",300460
PCDH19,not specified,300460
PCDH19,"not specified|Developmental and epileptic encephalopathy, 9|Inborn genetic diseases|PCDH19-related disorder|Thyroid cancer, nonmedullary, 1",300460
PCDH19,"not specified|not provided|Developmental and epileptic encephalopathy, 9|Inborn genetic diseases|PCDH19-related disorder",300460
PRRT2,"not specified|Episodic kinesigenic dyskinesia 1|Episodic kinesigenic dyskinesia|not provided|Episodic kinesigenic dyskinesia 1;Seizures, benign familial infantile, 2;Infantile convulsions and choreoathetosis|Inborn genetic diseases",614386
PRRT2,not specified|Episodic kinesigenic dyskinesia|Inborn genetic diseases,614386
PRRT2,not specified|not provided|Episodic kinesigenic dyskinesia,614386
PRRT2,not specified|Episodic kinesigenic dyskinesia,614386
SCN1A,"not specified|Migraine, familial hemiplegic, 3|Epilepsy|Generalized epilepsy with febrile seizures plus, type 2|Developmental and epileptic encephalopathy|not provided",182389
SCN1A,"not specified|Developmental and epileptic encephalopathy|Migraine, familial hemiplegic, 3|Generalized epilepsy with febrile seizures plus, type 2|not provided|Inborn genetic diseases|SCN1A-related disorder",182389
SCN1A,not specified|not provided|Developmental and epileptic encephalopathy|SCN1A-related disorder,182389
SCN1A,"not specified|Migraine, familial hemiplegic, 3|Developmental and epileptic encephalopathy|Generalized epilepsy with febrile seizures plus, type 2",182389
SCN1A,not specified|Developmental and epileptic encephalopathy|Inborn genetic diseases|SCN1A-related disorder,182389
SCN1A,not specified|Developmental and epileptic encephalopathy|Inborn genetic diseases|SCN1A-related disorder|not provided,182389
SCN1A,not specified|Developmental and epileptic encephalopathy|Inborn genetic diseases|Severe myoclonic epilepsy in infancy|not provided,182389
SCN1A,not specified|Developmental and epileptic encephalopathy|Inborn genetic diseases|not provided,182389
SCN1A,"not specified|not provided|Generalized epilepsy with febrile seizures plus, type 2|Developmental and epileptic encephalopathy|Migraine, familial hemiplegic, 3|Inborn genetic diseases|SCN1A-related disorder",182389
SCN1A,"not specified|not provided|Migraine, familial hemiplegic, 3|Generalized epilepsy with febrile seizures plus, type 2|Developmental and epileptic encephalopathy|Inborn genetic diseases",182389
SCN1A,not specified|Developmental and epileptic encephalopathy|SCN1A-related disorder,182389
SCN2A,"not specified|Seizures, benign familial infantile, 3;Developmental and epileptic encephalopathy, 11",182390
SCN2A,"not specified|not provided|Developmental and epileptic encephalopathy, 11;Seizures, benign familial infantile, 3",182390
SCN2A,"not specified|Seizures, benign familial infantile, 3|Developmental and epileptic encephalopathy, 11;Seizures, benign familial infantile, 3|not provided|Inborn genetic diseases",182390
SCN2A,"not specified|Seizures, benign familial infantile, 3|Developmental and epileptic encephalopathy, 11;Seizures, benign familial infantile, 3|not provided",182390
SCN2A,"Developmental and epileptic encephalopathy, 11;Seizures, benign familial infantile, 3|not specified|Seizures, benign familial infantile, 3|not provided|Inborn genetic diseases",182390
SCN2A,"not specified|not provided|Developmental and epileptic encephalopathy, 11;Seizures, benign familial infantile, 3|Inborn genetic diseases",182390
SCN2A,"not specified|Developmental and epileptic encephalopathy, 11;Seizures, benign familial infantile, 3|Inborn genetic diseases|not provided|Seizures, benign familial infantile, 3",182390
SCN2A,"not specified|Seizures, benign familial infantile, 3;Developmental and epileptic encephalopathy, 11|not provided",182390
SCN2A,"not specified|Developmental and epileptic encephalopathy, 11;Seizures, benign familial infantile, 3|not provided|SCN2A-related disorder",182390
SCN2A,"not specified|not provided|Seizures, benign familial infantile, 3;Developmental and epileptic encephalopathy, 11|Inborn genetic diseases",182390
SCN2A,"not specified|Seizures, benign familial infantile, 3|Developmental and epileptic encephalopathy, 11;Seizures, benign familial infantile, 3|not provided|Inborn genetic diseases|SCN2A-related disorder|Developmental and epileptic encephalopathy, 11;Seizures, benign familial infantile, 3;Episodic ataxia, type 9",182390
SCN2A,"not specified|Seizures, benign familial infantile, 3;Developmental and epileptic encephalopathy, 11|not provided|Seizures, benign familial infantile, 3|Seizures, benign familial infantile, 3;Episodic ataxia, type 9;Developmental and epileptic encephalopathy, 11|Inborn genetic diseases|SCN2A-related disorder",182390
SCN2A,"not specified|Seizures, benign familial infantile, 3;Developmental and epileptic encephalopathy, 11|SCN2A-related disorder|Inborn genetic diseases",182390
SCN2A,"not specified|Seizures, benign familial infantile, 3|Developmental and epileptic encephalopathy, 11;Seizures, benign familial infantile, 3|Inborn genetic diseases|not provided",182390
SCN2A,"not specified|Developmental and epileptic encephalopathy, 11;Seizures, benign familial infantile, 3|not provided",182390
SCN2A,"not specified|Seizures, benign familial infantile, 3|Inborn genetic diseases|Developmental and epileptic encephalopathy, 11;Seizures, benign familial infantile, 3|not provided|SCN2A-related disorder",182390
SCN2A,"not specified|Seizures, benign familial infantile, 3;Developmental and epileptic encephalopathy, 11|Inborn genetic diseases",182390
SCN2A,"not specified|Seizures, benign familial infantile, 3|Seizures, benign familial infantile, 3;Developmental and epileptic encephalopathy, 11|Inborn genetic diseases|not provided",182390
SCN8A,not specified|Developmental and epileptic encephalopathy|not provided,600702
SCN8A,"not specified|Developmental and epileptic encephalopathy|not provided|Cognitive impairment with or without cerebellar ataxia;Developmental and epileptic encephalopathy, 13;Seizures, benign familial infantile, 5;Myoclonus, familial, 2|Inborn genetic diseases",600702
SCN8A,Developmental and epileptic encephalopathy|not specified,600702
SCN8A,not specified|Developmental and epileptic encephalopathy|not provided|Inborn genetic diseases,600702
SCN8A,"not specified|not provided|Developmental and epileptic encephalopathy, 13|Developmental and epileptic encephalopathy|Inborn genetic diseases",600702
SCN8A,not specified|Developmental and epileptic encephalopathy|Cholangiocarcinoma|Acute myeloid leukemia|not provided,600702
SCN8A,"not specified|Developmental and epileptic encephalopathy|Seizures, benign familial infantile, 5;Developmental and epileptic encephalopathy, 13;Myoclonus, familial, 2;Cognitive impairment with or without cerebellar ataxia|Inborn genetic diseases|not provided",600702
SCN9A,"Small fiber neuropathy|not specified|Channelopathy-associated congenital insensitivity to pain, autosomal recessive|Primary erythromelalgia|Paroxysmal extreme pain disorder|Neuropathy, hereditary sensory and autonomic, type 2A;Generalized epilepsy with febrile seizures plus, type 7|not provided",603415
SLC2A1,"not specified|Dystonia 9|Encephalopathy due to GLUT1 deficiency|GLUT1 deficiency syndrome 1, autosomal recessive",138140
SLC2A1,"Encephalopathy due to GLUT1 deficiency|Dystonia 9|not specified|Inborn genetic diseases|not provided|Epilepsy, idiopathic generalized, susceptibility to, 12|GLUT1 deficiency syndrome 1, autosomal recessive|Hereditary cryohydrocytosis with reduced stomatin|Childhood onset GLUT1 deficiency syndrome 2",138140
SLC2A1,"not specified|GLUT1 deficiency syndrome 1, autosomal recessive|Dystonia 9|Epilepsy, idiopathic generalized, susceptibility to, 12|Hereditary cryohydrocytosis with reduced stomatin;Dystonia 9;Encephalopathy due to GLUT1 deficiency;Childhood onset GLUT1 deficiency syndrome 2;Epilepsy, idiopathic generalized, susceptibility to, 12|Encephalopathy due to GLUT1 deficiency|Hereditary cryohydrocytosis with reduced stomatin|Childhood onset GLUT1 deficiency syndrome 2",138140
SLC2A1,"not specified|not provided|GLUT1 deficiency syndrome 1, autosomal recessive|SLC2A1-related disorder",138140
SLC2A1,"not specified|not provided|Childhood onset GLUT1 deficiency syndrome 2|Epilepsy, idiopathic generalized, susceptibility to, 12|GLUT1 deficiency syndrome 1, autosomal recessive|Dystonia 9|Inborn genetic diseases|Hereditary cryohydrocytosis with reduced stomatin|Encephalopathy due to GLUT1 deficiency",138140
SLC2A1,"not specified|Encephalopathy due to GLUT1 deficiency|GLUT1 deficiency syndrome 1, autosomal recessive|Inborn genetic diseases",138140
SLC2A1,"not provided|GLUT1 deficiency syndrome 1, autosomal recessive|Inborn genetic diseases|not specified|SLC2A1-related disorder",138140
SLC2A1,"Encephalopathy due to GLUT1 deficiency|Dystonia 9|not specified|GLUT1 deficiency syndrome 1, autosomal recessive|Hereditary cryohydrocytosis with reduced stomatin|Childhood onset GLUT1 deficiency syndrome 2|Epilepsy, idiopathic generalized, susceptibility to, 12",138140
SLC2A1,"not specified|GLUT1 deficiency syndrome 1, autosomal recessive|Hereditary cryohydrocytosis with reduced stomatin;Dystonia 9;Encephalopathy due to GLUT1 deficiency;Childhood onset GLUT1 deficiency syndrome 2;Epilepsy, idiopathic generalized, susceptibility to, 12|Childhood onset GLUT1 deficiency syndrome 2|Epilepsy, idiopathic generalized, susceptibility to, 12|Dystonia 9|Hereditary cryohydrocytosis with reduced stomatin|Encephalopathy due to GLUT1 deficiency",138140
SLC2A1,"not specified|not provided|GLUT1 deficiency syndrome 1, autosomal recessive|Inborn genetic diseases",138140
SLC2A1,"not specified|GLUT1 deficiency syndrome 1, autosomal recessive|Childhood onset GLUT1 deficiency syndrome 2|Dystonia 9|Epilepsy, idiopathic generalized, susceptibility to, 12|Encephalopathy due to GLUT1 deficiency|Hereditary cryohydrocytosis with reduced stomatin|not provided",138140
SLC2A1,"not specified|GLUT1 deficiency syndrome 1, autosomal recessive|Hereditary cryohydrocytosis with reduced stomatin|Inborn genetic diseases|Encephalopathy due to GLUT1 deficiency|Dystonia 9|Childhood onset GLUT1 deficiency syndrome 2|Epilepsy, idiopathic generalized, susceptibility to, 12",138140
SLC2A1,"not specified|Encephalopathy due to GLUT1 deficiency|GLUT1 deficiency syndrome 1, autosomal recessive|Dystonia 9|Inborn genetic diseases|Hereditary cryohydrocytosis with reduced stomatin|Childhood onset GLUT1 deficiency syndrome 2|Epilepsy, idiopathic generalized, susceptibility to, 12",138140
SLC2A1,"not specified|Encephalopathy due to GLUT1 deficiency|Dystonia 9|Inborn genetic diseases|Hereditary cryohydrocytosis with reduced stomatin|not provided|GLUT1 deficiency syndrome 1, autosomal recessive|Epilepsy, idiopathic generalized, susceptibility to, 12|Childhood onset GLUT1 deficiency syndrome 2",138140
SLC2A1,"not specified|Encephalopathy due to GLUT1 deficiency|Dystonia 9|GLUT1 deficiency syndrome 1, autosomal recessive|Inborn genetic diseases|not provided|Epilepsy, idiopathic generalized, susceptibility to, 12|Childhood onset GLUT1 deficiency syndrome 2|Hereditary cryohydrocytosis with reduced stomatin",138140
STXBP1,not specified|Developmental and epileptic encephalopathy|not provided|Inborn genetic diseases,602926
STXBP1,"not specified|Developmental and epileptic encephalopathy, 4|not provided|Developmental and epileptic encephalopathy",602926
STXBP1,"not specified|Developmental and epileptic encephalopathy|not provided|Developmental and epileptic encephalopathy, 4",602926
STXBP1,not specified|not provided|Developmental and epileptic encephalopathy,602926
STXBP1,not specified|Developmental and epileptic encephalopathy|not provided|STXBP1-related disorder|Inborn genetic diseases,602926
STXBP1,not specified|Developmental and epileptic encephalopathy,602926
STXBP1,not specified|Developmental and epileptic encephalopathy|Inborn genetic diseases,602926
STXBP1,not specified|Developmental and epileptic encephalopathy|Inborn genetic diseases|not provided,602926
STXBP1,"not specified|Developmental and epileptic encephalopathy, 4|Developmental and epileptic encephalopathy|Inborn genetic diseases|not provided",602926
TBC1D24,not specified|Familial infantile myoclonic epilepsy|not provided,613577
TBC1D24,"not specified|Familial infantile myoclonic epilepsy|Autosomal dominant nonsyndromic hearing loss 65;Developmental and epileptic encephalopathy, 1;Caused by mutation in the TBC1 domain family, member 24|Inborn genetic diseases|not provided|TBC1D24-related disorder",613577
TBC1D24,"not specified|Autosomal dominant nonsyndromic hearing loss 65;Developmental and epileptic encephalopathy, 1;Caused by mutation in the TBC1 domain family, member 24|Familial infantile myoclonic epilepsy|not provided|Inborn genetic diseases|TBC1D24-related disorder",613577
TBC1D24,"not specified|Developmental and epileptic encephalopathy, 1;Autosomal dominant nonsyndromic hearing loss 65;Caused by mutation in the TBC1 domain family, member 24|Inborn genetic diseases",613577
TBC1D24,"not specified|Familial infantile myoclonic epilepsy|not provided|Developmental and epileptic encephalopathy, 1;Autosomal dominant nonsyndromic hearing loss 65;Caused by mutation in the TBC1 domain family, member 24|Inborn genetic diseases",613577
TBC1D24,"not specified|Familial infantile myoclonic epilepsy|Developmental and epileptic encephalopathy, 1;Autosomal dominant nonsyndromic hearing loss 65;Caused by mutation in the TBC1 domain family, member 24|Inborn genetic diseases",613577
TBC1D24,"not specified|Familial infantile myoclonic epilepsy|Developmental and epileptic encephalopathy, 1;Autosomal dominant nonsyndromic hearing loss 65;Caused by mutation in the TBC1 domain family, member 24",613577
TBC1D24,"not specified|Autosomal dominant nonsyndromic hearing loss 65;Caused by mutation in the TBC1 domain family, member 24;Developmental and epileptic encephalopathy, 1|not provided",613577
TBC1D24,not provided,613577
DEPDC5,"Epilepsy, familial focal, with variable foci 1|not provided|Familial focal epilepsy with variable foci",614191
TSC2,Hereditary cancer-predisposing syndrome|Tuberous sclerosis 2|not specified,191092
TSC2,Hereditary cancer-predisposing syndrome|Tuberous sclerosis 2|not provided,191092
TSC2,Hereditary cancer-predisposing syndrome|not specified|Tuberous sclerosis 2,191092
TSC2,Hereditary cancer-predisposing syndrome|not provided|Tuberous sclerosis 2|Tuberous sclerosis syndrome,191092
TSC2,Hereditary cancer-predisposing syndrome|Tuberous sclerosis 2|TSC2-related disorder,191092
TSC2,Hereditary cancer-predisposing syndrome|Tuberous sclerosis 2|not provided|not specified|TSC2-related disorder|Tuberous sclerosis syndrome,191092
TSC1,Hereditary cancer-predisposing syndrome|Isolated focal cortical dysplasia type II|not specified|Tuberous sclerosis 1|not provided|TSC1-related disorder|Isolated focal cortical dysplasia type II;Tuberous sclerosis 1;Lymphangiomyomatosis,605284
TSC1,Hereditary cancer-predisposing syndrome|Isolated focal cortical dysplasia type II;Lymphangiomyomatosis;Tuberous sclerosis 1|Tuberous sclerosis 1|not provided|Tuberous sclerosis syndrome,605284
MECP2,not specified|Rett syndrome,300005
MECP2,"Autism, susceptibility to, X-linked 3|not provided|Rett syndrome",300005
MECP2,not specified|Rett syndrome|not provided,300005
MECP2,"Autism, susceptibility to, X-linked 3|Rett syndrome",300005
MECP2,not provided|Rett syndrome,300005
MECP2,not specified|MECP2-related disorder|Rett syndrome,300005
MECP2,not specified|History of neurodevelopmental disorder|not provided|MECP2-related disorder|Rett syndrome,300005
MECP2,Rett syndrome|Severe neonatal-onset encephalopathy with microcephaly,300005
MECP2,not provided|Severe neonatal-onset encephalopathy with microcephaly|Rett syndrome,300005
MECP2,Rett syndrome|Severe neonatal-onset encephalopathy with microcephaly|not provided|MECP2-related disorder|Inborn genetic diseases,300005
MECP2,not specified|Rett syndrome|MECP2-related disorder|Severe neonatal-onset encephalopathy with microcephaly,300005
MECP2,not specified|Severe neonatal-onset encephalopathy with microcephaly|Inborn genetic diseases|Rett syndrome|MECP2-related disorder,300005
MECP2,not specified|Severe neonatal-onset encephalopathy with microcephaly|Rett syndrome|Inborn genetic diseases|MECP2-related disorder,300005
MECP2,Rett syndrome|Rett syndrome;X-linked intellectual disability-psychosis-macroorchidism syndrome;Angelman syndrome|Severe neonatal-onset encephalopathy with microcephaly|not provided,300005
MECP2,Rett syndrome|not provided|Severe neonatal-onset encephalopathy with microcephaly|MECP2-related disorder,300005
MECP2,"Autism, susceptibility to, X-linked 3|Severe neonatal-onset encephalopathy with microcephaly|Rett syndrome",300005
MECP2,Rett syndrome|Severe neonatal-onset encephalopathy with microcephaly|Inborn genetic diseases|not provided|MECP2-related disorder,300005
MECP2,not specified|Severe neonatal-onset encephalopathy with microcephaly|not provided|Rett syndrome|MECP2-related disorder,300005
MECP2,X-linked intellectual disability-psychosis-macroorchidism syndrome|not provided|Intellectual disability|Severe neonatal-onset encephalopathy with microcephaly|Rett syndrome,300005
MECP2,"not provided|Severe neonatal-onset encephalopathy with microcephaly|X-linked intellectual disability-psychosis-macroorchidism syndrome|Rett syndrome|Autism, susceptibility to, X-linked 3;Rett syndrome;X-linked intellectual disability-psychosis-macroorchidism syndrome;Severe neonatal-onset encephalopathy with microcephaly;Syndromic X-linked intellectual disability Lubs type|MECP2-related disorder|Inborn genetic diseases",300005
MECP2,not provided|Rett syndrome|Intellectual disability|Severe neonatal-onset encephalopathy with microcephaly,300005
MECP2,Rett syndrome|Severe neonatal-onset encephalopathy with microcephaly|not provided,300005
MECP2,Rett syndrome|Inborn genetic diseases,300005
MECP2,"Rett syndrome|not provided|Severe neonatal-onset encephalopathy with microcephaly|Syndromic X-linked intellectual disability Lubs type|Autism, susceptibility to, X-linked 3;Rett syndrome;X-linked intellectual disability-psychosis-macroorchidism syndrome;Severe neonatal-onset encephalopathy with microcephaly;Syndromic X-linked intellectual disability Lubs type",300005
MECP2,"Rett syndrome, zappella variant|not provided|Rett syndrome|X-linked intellectual disability-psychosis-macroorchidism syndrome|Autism, susceptibility to, X-linked 3|See cases|Severe neonatal-onset encephalopathy with microcephaly",300005
MECP2,Angelman syndrome|Rett syndrome|Severe neonatal-onset encephalopathy with microcephaly|not provided|MECP2-related disorder,300005
MECP2,"X-linked intellectual disability-psychosis-macroorchidism syndrome|not provided|Rett syndrome|not specified|Syndromic X-linked intellectual disability Lubs type;Rett syndrome;Autism, susceptibility to, X-linked 3;Severe neonatal-onset encephalopathy with microcephaly;X-linked intellectual disability-psychosis-macroorchidism syndrome|MECP2-related disorder|Severe neonatal-onset encephalopathy with microcephaly|Inborn genetic diseases",300005
MECP2,not provided|not specified|Severe neonatal-onset encephalopathy with microcephaly|Rett syndrome,300005
MECP2,not provided|Angelman syndrome|Rett syndrome|Severe neonatal-onset encephalopathy with microcephaly,300005
MECP2,Rett syndrome|Severe neonatal-onset encephalopathy with microcephaly|not provided|Inborn genetic diseases|Intellectual disability|MECP2-related disorder,300005
MECP2,X-linked intellectual disability-psychosis-macroorchidism syndrome|not provided|Intellectual disability|Severe neonatal-onset encephalopathy with microcephaly|Inborn genetic diseases|Rett syndrome,300005
MECP2,not specified|Rett syndrome|not provided|Severe neonatal-onset encephalopathy with microcephaly|MECP2-related disorder,300005
MECP2,Severe neonatal-onset encephalopathy with microcephaly|Rett syndrome,300005
MECP2,"Rett syndrome, zappella variant|Autism, susceptibility to, X-linked 3|Rett syndrome|Delayed gross motor development;Loss of ambulation;Delayed speech and language development|X-linked intellectual disability-psychosis-macroorchidism syndrome|Smith-Magenis Syndrome-like|Syndromic X-linked intellectual disability Lubs type;Rett syndrome;Autism, susceptibility to, X-linked 3;Severe neonatal-onset encephalopathy with microcephaly;X-linked intellectual disability-psychosis-macroorchidism syndrome|Severe neonatal-onset encephalopathy with microcephaly|not provided|MECP2-related disorder|Inborn genetic diseases|See cases|not specified|Syndromic X-linked intellectual disability Lubs type",300005
MECP2,not provided|not specified|Rett syndrome|Severe neonatal-onset encephalopathy with microcephaly|MECP2-related disorder,300005
MECP2,not specified|Rett syndrome|Severe neonatal-onset encephalopathy with microcephaly,300005
MECP2,not provided|Inborn genetic diseases|Severe neonatal-onset encephalopathy with microcephaly|Rett syndrome,300005
MECP2,not specified|Rett syndrome|Severe neonatal-onset encephalopathy with microcephaly|MECP2-related disorder,300005
MECP2,not specified|Severe neonatal-onset encephalopathy with microcephaly|Rett syndrome|not provided|MECP2-related disorder,300005
MECP2,Rett syndrome|not provided|X-linked intellectual disability-psychosis-macroorchidism syndrome|MECP2-related disorder|Severe neonatal-onset encephalopathy with microcephaly,300005
MECP2,"not provided|Encephalopathy, neonatal severeMental retardation, X-linked, syndromic 13Rett syndrome|Rett syndrome",300005
MECP2,not specified|Severe neonatal-onset encephalopathy with microcephaly|not provided|Rett syndrome|Inborn genetic diseases,300005
MECP2,not provided|X-linked intellectual disability-psychosis-macroorchidism syndrome|Rett syndrome|Severe neonatal-onset encephalopathy with microcephaly|MECP2-related disorder,300005
MECP2,Severe neonatal-onset encephalopathy with microcephaly|not provided|Rett syndrome,300005
MECP2,"not specified|Severe neonatal-onset encephalopathy with microcephaly|Syndromic X-linked intellectual disability Lubs type;Severe neonatal-onset encephalopathy with microcephaly;X-linked intellectual disability-psychosis-macroorchidism syndrome;Rett syndrome;Autism, susceptibility to, X-linked 3|Rett syndrome|MECP2-related disorder",300005
MECP2,not specified|Severe neonatal-onset encephalopathy with microcephaly|Rett syndrome,300005
MECP2,not specified|not provided|Severe neonatal-onset encephalopathy with microcephaly|MECP2-related disorder|Rett syndrome,300005
MECP2,"X-linked intellectual disability-psychosis-macroorchidism syndrome|not specified|Attention deficit hyperactivity disorder|not provided|Severe neonatal-onset encephalopathy with microcephaly|Autism, susceptibility to, X-linked 3|Inborn genetic diseases|Rett syndrome|MECP2-related disorder",300005
MECP2,Rett syndrome|Severe neonatal-onset encephalopathy with microcephaly|not specified,300005
MECP2,Rett syndrome|Intellectual disability|not provided,300005
MECP2,X-linked intellectual disability-psychosis-macroorchidism syndrome|not provided|Rett syndrome,300005
MECP2,not specified|Rett syndrome|Severe neonatal-onset encephalopathy with microcephaly|not provided|MECP2-related disorder,300005
MECP2,not specified|Severe neonatal-onset encephalopathy with microcephaly|not provided|MECP2-related disorder|Rett syndrome,300005
MECP2,not provided|Rett syndrome|X-linked intellectual disability-psychosis-macroorchidism syndrome,300005
MECP2,not specified|Severe neonatal-onset encephalopathy with microcephaly|Rett syndrome|not provided,300005
MECP2,not specified|Severe neonatal-onset encephalopathy with microcephaly|not provided|Rett syndrome|Inborn genetic diseases|MECP2-related disorder,300005
MECP2,not specified|not provided|Severe neonatal-onset encephalopathy with microcephaly|Inborn genetic diseases|Rett syndrome,300005
MECP2,Rett syndrome|Abnormality of the nervous system,300005
MECP2,not specified|Rett syndrome|Severe neonatal-onset encephalopathy with microcephaly|Inborn genetic diseases|MECP2-related disorder,300005
MECP2,"Rett syndrome|Thyroid cancer, nonmedullary, 1",300005
MECP2,Angelman syndrome|Rett syndrome|Severe neonatal-onset encephalopathy with microcephaly,300005
MECP2,Rett syndrome|not specified,300005
MECP2,Rett syndrome|MECP2-related disorder,300005
MECP2,Rett syndrome|not provided|X-linked intellectual disability-psychosis-macroorchidism syndrome;Rett syndrome|Syndromic X-linked intellectual disability Lubs type|Severe neonatal-onset encephalopathy with microcephaly,300005
MECP2,Rett syndrome|Syndromic X-linked intellectual disability Lubs type,300005
MECP2,not provided|History of neurodevelopmental disorder|Rett syndrome|Severe neonatal-onset encephalopathy with microcephaly,300005
MECP2,Rett syndrome|Inborn genetic diseases|Severe neonatal-onset encephalopathy with microcephaly,300005
MECP2,not specified|not provided|History of neurodevelopmental disorder|Severe neonatal-onset encephalopathy with microcephaly|Rett syndrome|MECP2-related disorder,300005
MECP2,Rett syndrome|not provided|Severe neonatal-onset encephalopathy with microcephaly|Inborn genetic diseases|MECP2-related disorder,300005
MECP2,Rett syndrome|not provided|Inborn genetic diseases|Severe neonatal-onset encephalopathy with microcephaly,300005
MECP2,not provided|Severe neonatal-onset encephalopathy with microcephaly|Rett syndrome|MECP2-related disorder,300005
MECP2,"Rett syndrome|not provided|not specified|Severe neonatal-onset encephalopathy with microcephaly|X-linked intellectual disability-psychosis-macroorchidism syndrome|Inborn genetic diseases|Severe neonatal-onset encephalopathy with microcephaly;Syndromic X-linked intellectual disability Lubs type;Autism, susceptibility to, X-linked 3;Rett syndrome;X-linked intellectual disability-psychosis-macroorchidism syndrome|MECP2-related disorder",300005
MECP2,not specified|not provided|Rett syndrome|Severe neonatal-onset encephalopathy with microcephaly|MECP2-related disorder|Familial cancer of breast,300005
MECP2,"Autism, susceptibility to, X-linked 3|Rett syndrome|MECP2-related disorder",300005
MECP2,X-linked intellectual disability-psychosis-macroorchidism syndrome|not provided|Rett syndrome|Severe neonatal-onset encephalopathy with microcephaly|Inborn genetic diseases|MECP2-related disorder|See cases,300005
MECP2,X-linked intellectual disability-psychosis-macroorchidism syndrome|Severe neonatal-onset encephalopathy with microcephaly|Rett syndrome,300005
MECP2,not specified|Severe neonatal-onset encephalopathy with microcephaly|Inborn genetic diseases|MECP2-related disorder|Rett syndrome,300005
MECP2,"Rett syndrome|not provided|Autism, susceptibility to, X-linked 3;Rett syndrome;X-linked intellectual disability-psychosis-macroorchidism syndrome;Severe neonatal-onset encephalopathy with microcephaly;Syndromic X-linked intellectual disability Lubs type|MECP2-related disorder|Severe neonatal-onset encephalopathy with microcephaly",300005
MECP2,not provided|Severe neonatal-onset encephalopathy with microcephaly|Rett syndrome|Inborn genetic diseases|MECP2-related disorder,300005
MECP2,not specified|Rett syndrome|MECP2-related disorder,300005
MECP2,not specified|Severe neonatal-onset encephalopathy with microcephaly|Inborn genetic diseases|not provided|Rett syndrome|MECP2-related disorder,300005
MECP2,"not specified|Severe neonatal-onset encephalopathy with microcephaly|History of neurodevelopmental disorder|Rett syndrome|not provided|Autism, susceptibility to, X-linked 3;Rett syndrome;X-linked intellectual disability-psychosis-macroorchidism syndrome;Severe neonatal-onset encephalopathy with microcephaly;Syndromic X-linked intellectual disability Lubs type|MECP2-related disorder",300005
MECP2,not specified|Severe neonatal-onset encephalopathy with microcephaly|Inborn genetic diseases|Rett syndrome,300005
MECP2,Schizophrenia|Severe neonatal-onset encephalopathy with microcephaly|Rett syndrome|MECP2-related disorder,300005
MECP2,not specified|Severe neonatal-onset encephalopathy with microcephaly|MECP2-related disorder|Rett syndrome|not provided,300005
MECP2,"Autism, susceptibility to, X-linked 3|Severe neonatal-onset encephalopathy with microcephaly|Rett syndrome|MECP2-related disorder|not provided|not specified",300005
MECP2,not specified|Severe neonatal-onset encephalopathy with microcephaly|Inborn genetic diseases|Rett syndrome|not provided|MECP2-related disorder,300005
MECP2,not specified|Severe neonatal-onset encephalopathy with microcephaly|Rett syndrome|MECP2-related disorder,300005
MECP2,Rett syndrome|Developmental regression;Seizure;Irregular respiration;Absent speech;Severe global developmental delay|Severe neonatal-onset encephalopathy with microcephaly|not provided|Intellectual disability|MECP2-related disorder,300005
MECP2,not specified|Severe neonatal-onset encephalopathy with microcephaly|History of neurodevelopmental disorder|not provided|Rett syndrome|MECP2-related disorder,300005
MECP2,not specified|Severe neonatal-onset encephalopathy with microcephaly|not provided|Rett syndrome|Intellectual disability,300005
MECP2,"Rett syndrome|Severe neonatal-onset encephalopathy with microcephaly|not provided|Autism, susceptibility to, X-linked 3",300005
MECP2,"Rett syndrome|Severe neonatal-onset encephalopathy with microcephaly|Autism, susceptibility to, X-linked 3|not provided",300005
MECP2,not specified|Severe neonatal-onset encephalopathy with microcephaly|not provided|Rett syndrome|MECP2-related disorder|Inborn genetic diseases,300005
MECP2,Rett syndrome|Seizure|not provided|Severe neonatal-onset encephalopathy with microcephaly|MECP2-related disorder,300005
MECP2,"not provided|Severe neonatal-onset encephalopathy with microcephaly|X-linked intellectual disability-psychosis-macroorchidism syndrome|Rett syndrome;Severe neonatal-onset encephalopathy with microcephaly;Syndromic X-linked intellectual disability Lubs type;X-linked intellectual disability-psychosis-macroorchidism syndrome;Autism, susceptibility to, X-linked 3|Inborn genetic diseases|MECP2-related disorder|Rett syndrome",300005
MECP2,"Severe neonatal-onset encephalopathy with microcephaly|Rett syndrome|not provided|Syndromic X-linked intellectual disability Lubs type;Severe neonatal-onset encephalopathy with microcephaly;X-linked intellectual disability-psychosis-macroorchidism syndrome;Rett syndrome;Autism, susceptibility to, X-linked 3|MECP2-related disorder",300005
MECP2,not specified|Rett syndrome|Severe neonatal-onset encephalopathy with microcephaly|not provided|Inborn genetic diseases|MECP2-related disorder,300005
MECP2,not specified|not provided|Severe neonatal-onset encephalopathy with microcephaly|MECP2-related disorder|Rett syndrome|Inborn genetic diseases,300005
MECP2,Rett syndrome|Syndromic X-linked intellectual disability Lubs type;Severe neonatal-onset encephalopathy with microcephaly;X-linked intellectual disability-psychosis-macroorchidism syndrome;Rett syndrome|Severe neonatal-onset encephalopathy with microcephaly,300005
MECP2,not specified|Severe neonatal-onset encephalopathy with microcephaly|not provided|Inborn genetic diseases|Rett syndrome|MECP2-related disorder,300005
MECP2,Rett syndrome|Severe neonatal-onset encephalopathy with microcephaly|Inborn genetic diseases,300005
MECP2,Rett syndrome|not specified|Severe neonatal-onset encephalopathy with microcephaly,300005
MECP2,not specified|not provided|Rett syndrome,300005
MECP2,Rett syndrome|X-linked intellectual disability-psychosis-macroorchidism syndrome|not provided,300005
MECP2,Rett syndrome|not provided|Severe neonatal-onset encephalopathy with microcephaly|Neurodevelopmental disorder,300005
MECP2,"not provided|X-linked intellectual disability-psychosis-macroorchidism syndrome|Autism, susceptibility to, X-linked 3|Rett syndrome|Inborn genetic diseases|Intellectual disability|Severe neonatal-onset encephalopathy with microcephaly|Syndromic X-linked intellectual disability Lubs type|Non-syndromic X-linked intellectual disability",300005
MECP2,"not specified|Severe neonatal-onset encephalopathy with microcephaly|History of neurodevelopmental disorder|not provided|Autism, susceptibility to, X-linked 3;Rett syndrome;X-linked intellectual disability-psychosis-macroorchidism syndrome;Severe neonatal-onset encephalopathy with microcephaly;Syndromic X-linked intellectual disability Lubs type|Rett syndrome",300005
MECP2,"Rett syndrome|not provided|Severe neonatal-onset encephalopathy with microcephaly|Syndromic X-linked intellectual disability Lubs type;Severe neonatal-onset encephalopathy with microcephaly;X-linked intellectual disability-psychosis-macroorchidism syndrome;Rett syndrome;Autism, susceptibility to, X-linked 3",300005
MECP2,not specified|Severe neonatal-onset encephalopathy with microcephaly|not provided|MECP2-related disorder|Inborn genetic diseases|Rett syndrome,300005
MECP2,not specified|not provided|Severe neonatal-onset encephalopathy with microcephaly|Inborn genetic diseases|Rett syndrome|MECP2-related disorder,300005
CDKL5,"Developmental and epileptic encephalopathy, 2|CDKL5 disorder",300203
CDKL5,"Atypical Rett syndrome|not provided|Developmental and epileptic encephalopathy, 2|CDKL5 disorder|not specified",300203
CDKL5,"not provided|Developmental and epileptic encephalopathy, 2|CDKL5 disorder",300203
CDKL5,"not specified|Developmental and epileptic encephalopathy, 2;Angelman syndrome-like|CDKL5 disorder",300203
CDKL5,Atypical Rett syndrome|CDKL5 disorder,300203
CDKL5,"not specified|Angelman syndrome-like;Developmental and epileptic encephalopathy, 2|Inborn genetic diseases|not provided|CDKL5-related disorder|Craniosynostosis syndrome|CDKL5 disorder",300203
CDKL5,"Autism|Developmental and epileptic encephalopathy, 2;Angelman syndrome-like|not provided|Inborn genetic diseases|CDKL5 disorder|CDKL5-related disorder",300203
CDKL5,"Atypical Rett syndrome|Developmental and epileptic encephalopathy, 2|Developmental and epileptic encephalopathy, 2;Angelman syndrome-like|CDKL5 disorder",300203
CDKL5,"not provided|Developmental and epileptic encephalopathy, 2|Atypical Rett syndrome|Angelman syndrome-like;Developmental and epileptic encephalopathy, 2|CDKL5 disorder",300203
CDKL5,"not provided|Atypical Rett syndrome|Developmental and epileptic encephalopathy, 2|Developmental and epileptic encephalopathy, 2;Angelman syndrome-like|CDKL5 disorder",300203
CDKL5,"Developmental and epileptic encephalopathy, 2|Atypical Rett syndrome|not provided|Developmental and epileptic encephalopathy, 2;Angelman syndrome-like|CDKL5-related disorder|CDKL5 disorder",300203
CDKL5,"not specified|Developmental and epileptic encephalopathy, 2|Developmental and epileptic encephalopathy, 2;Angelman syndrome-like|not provided|CDKL5 disorder",300203
CDKL5,"Developmental and epileptic encephalopathy, 2|Autism|Atypical Rett syndrome|CDKL5 disorder",300203
CDKL5,"not specified|Developmental and epileptic encephalopathy, 2|not provided|Developmental and epileptic encephalopathy, 2;Angelman syndrome-like|CDKL5 disorder|Inborn genetic diseases",300203
CDKL5,"not specified|not provided|Developmental and epileptic encephalopathy, 2;Angelman syndrome-like|CDKL5 disorder|CDKL5-related disorder",300203
CDKL5,"Rett syndrome|Developmental and epileptic encephalopathy, 2|Developmental and epileptic encephalopathy, 2;Angelman syndrome-like|CDKL5 disorder",300203
CDKL5,Atypical Rett syndrome,300203
CDKL5,not specified|CDKL5 disorder,300203
CDKL5,"Atypical Rett syndrome|Developmental and epileptic encephalopathy, 2;Angelman syndrome-like|CDKL5 disorder",300203
CDKL5,"not provided|Developmental and epileptic encephalopathy, 2",300203
CDKL5,"Developmental and epileptic encephalopathy, 2|Inborn genetic diseases|CDKL5 disorder",300203
CDKL5,"Atypical Rett syndrome|not provided|Developmental and epileptic encephalopathy, 2|Angelman syndrome-like;Developmental and epileptic encephalopathy, 2|CDKL5 disorder|Seizure",300203
CDKL5,Atypical Rett syndrome|CDKL5 disorder|not provided,300203
CDKL5,"Atypical Rett syndrome|not provided|Angelman syndrome-like;Developmental and epileptic encephalopathy, 2|CDKL5-related disorder|CDKL5 disorder",300203
CDKL5,"not provided|Developmental and epileptic encephalopathy, 2|Angelman syndrome-like;Developmental and epileptic encephalopathy, 2|CDKL5 disorder",300203
CDKL5,"not provided|Developmental and epileptic encephalopathy, 2|CDKL5 disorder|Developmental and epileptic encephalopathy, 2;Angelman syndrome-like|Thyroid cancer, nonmedullary, 1",300203
CDKL5,"not provided|Atypical Rett syndrome|Developmental and epileptic encephalopathy, 2;Angelman syndrome-like|Developmental and epileptic encephalopathy, 2|Intellectual disability|Inborn genetic diseases|CDKL5 disorder",300203
CDKL5,"Developmental and epileptic encephalopathy, 2|not provided|CDKL5 disorder",300203
CDKL5,"Developmental and epileptic encephalopathy, 2|not provided|Developmental and epileptic encephalopathy, 2;Angelman syndrome-like|Epileptic encephalopathy|CDKL5 disorder",300203
CDKL5,"Developmental and epileptic encephalopathy, 2|Angelman syndrome|CDKL5 disorder",300203
MECP2,"not provided|Autism, susceptibility to, X-linked 3|Rett syndrome",300005
MECP2,"not provided|Autism, susceptibility to, X-linked 3|not specified|Rett syndrome|Severe neonatal-onset encephalopathy with microcephaly",300005
MECP2,not provided|Rett syndrome|Bruxism;Delayed speech and language development;Stereotypic movement disorder;Delayed gross motor development,300005
MECP2,not provided|not specified|Rett syndrome,300005
MECP2,not provided|X-linked intellectual disability-psychosis-macroorchidism syndrome|Severe neonatal-onset encephalopathy with microcephaly|Rett syndrome,300005
MECP2,not provided|Rett syndrome|Nonpapillary renal cell carcinoma,300005
MECP2,not provided|not specified|Rett syndrome|Acute myeloid leukemia,300005
MECP2,not provided|not specified|Rett syndrome|Severe neonatal-onset encephalopathy with microcephaly|Inborn genetic diseases,300005
MECP2,not provided|Rett syndrome|MECP2-related disorder,300005
MECP2,"not provided|Rett syndrome|Severe neonatal-onset encephalopathy with microcephaly|Inborn genetic diseases|Syndromic X-linked intellectual disability Lubs type;Severe neonatal-onset encephalopathy with microcephaly;X-linked intellectual disability-psychosis-macroorchidism syndrome;Rett syndrome;Autism, susceptibility to, X-linked 3|Syndromic X-linked intellectual disability Lubs type|MECP2-related disorder",300005
MECP2,not provided|Severe neonatal-onset encephalopathy with microcephaly,300005
MECP2,not provided|X-linked intellectual disability-psychosis-macroorchidism syndrome|Rett syndrome,300005
MECP2,not provided|not specified|Rett syndrome|Inborn genetic diseases,300005
CDKL5,"not provided|Developmental and epileptic encephalopathy, 2|Developmental and epileptic encephalopathy, 2;Angelman syndrome-like|CDKL5 disorder",300203
CDKL5,not provided|Atypical Rett syndrome|CDKL5 disorder,300203
CDKL5,not provided|not specified|CDKL5 disorder,300203
CDKL5,"not provided|Atypical Rett syndrome|Developmental and epileptic encephalopathy, 2;Angelman syndrome-like|Developmental and epileptic encephalopathy, 2|CDKL5 disorder",300203
CDKL5,not specified|not provided|CDKL5 disorder,300203
CDKL5,"not provided|Developmental and epileptic encephalopathy, 2|Rett syndrome",300203
CDKL5,"not provided|Atypical Rett syndrome|Angelman syndrome-like;Developmental and epileptic encephalopathy, 2|Thyroid cancer, nonmedullary, 1|CDKL5 disorder",300203
CDKL5,"not provided|Developmental and epileptic encephalopathy, 2|Inborn genetic diseases|CDKL5 disorder",300203
CDKL5,"not provided|not specified|Developmental and epileptic encephalopathy, 2;Angelman syndrome-like|CDKL5 disorder",300203
CDKL5,"not provided|Developmental and epileptic encephalopathy, 2|West syndrome|CDKL5 disorder",300203
SCN8A,"Developmental and epileptic encephalopathy, 13|not provided|developmental delay with seizures|Developmental and epileptic encephalopathy|Inborn genetic diseases|Complex neurodevelopmental disorder",600702
CDKL5,not provided,300203
CDKL5,not provided|CDKL5 disorder,300203
CDKL5,CDKL5 disorder,300203
CDKL5,"not provided|Developmental and epileptic encephalopathy, 2;Angelman syndrome-like|Developmental and epileptic encephalopathy, 2|CDKL5 disorder",300203
MECP2,Severe neonatal-onset encephalopathy with microcephaly|not provided|Rett syndrome|MECP2-related disorder,300005
MECP2,not specified|Severe neonatal-onset encephalopathy with microcephaly|MECP2-related disorder|Inborn genetic diseases,300005
MECP2,not provided|Severe neonatal-onset encephalopathy with microcephaly|Inborn genetic diseases|MECP2-related disorder|Rett syndrome,300005
MECP2,"not provided|Autism, susceptibility to, X-linked 3;Rett syndrome;X-linked intellectual disability-psychosis-macroorchidism syndrome;Severe neonatal-onset encephalopathy with microcephaly;Syndromic X-linked intellectual disability Lubs type|not specified|Rett syndrome|Severe neonatal-onset encephalopathy with microcephaly|MECP2-related disorder|Inborn genetic diseases",300005
MECP2,"not specified|not provided|Rett syndrome;Autism, susceptibility to, X-linked 3;Severe neonatal-onset encephalopathy with microcephaly;X-linked intellectual disability-psychosis-macroorchidism syndrome;Syndromic X-linked intellectual disability Lubs type|Severe neonatal-onset encephalopathy with microcephaly|Rett syndrome|Inborn genetic diseases",300005
CDKL5,"not provided|Developmental and epileptic encephalopathy, 2;Angelman syndrome-like",300203
CDKL5,"not provided|CDKL5 disorder|Developmental and epileptic encephalopathy, 2",300203
CDKL5,not provided|CDKL5-related disorder,300203
MECP2,not specified|X-linked intellectual disability-psychosis-macroorchidism syndrome|Severe neonatal-onset encephalopathy with microcephaly|Rett syndrome,300005
MECP2,not specified|X-linked intellectual disability-psychosis-macroorchidism syndrome|Severe neonatal-onset encephalopathy with microcephaly|Rett syndrome|MECP2-related disorder,300005
MECP2,not provided|Inborn genetic diseases,300005
MECP2,not provided|Inborn genetic diseases|Severe neonatal-onset encephalopathy with microcephaly|MECP2-related disorder,300005
MECP2,"not specified|Severe neonatal-onset encephalopathy with microcephaly|Rett syndrome;Autism, susceptibility to, X-linked 3;Severe neonatal-onset encephalopathy with microcephaly;X-linked intellectual disability-psychosis-macroorchidism syndrome;Syndromic X-linked intellectual disability Lubs type|MECP2-related disorder",300005
MECP2,History of neurodevelopmental disorder|not provided|Rett syndrome|Rett syndrome;X-linked intellectual disability-psychosis-macroorchidism syndrome|Severe neonatal-onset encephalopathy with microcephaly|MECP2-related disorder,300005
MECP2,not provided|Inborn genetic diseases|Severe neonatal-onset encephalopathy with microcephaly|MECP2-related disorder|Rett syndrome,300005
MECP2,not provided|Severe neonatal-onset encephalopathy with microcephaly|Inborn genetic diseases|Microcephaly;Intellectual disability;Psychomotor retardation;Severe underweight in infancy childhood and adolescence|Rett syndrome|MECP2-related disorder|not specified,300005
ARX,"not specified|not provided|Intellectual disability, X-linked, with or without seizures, ARX-related;Developmental and epileptic encephalopathy, 1|ARX-related disorder|Inborn genetic diseases",300382
ARX,not specified,300382
CDKL5,"Developmental and epileptic encephalopathy, 2;Angelman syndrome-like|CDKL5-related disorder|Inborn genetic diseases|Nonpapillary renal cell carcinoma",300203
CDKL5,"Developmental and epileptic encephalopathy, 2;Angelman syndrome-like|not provided|Inborn genetic diseases|CDKL5 disorder",300203
CDKL5,"not provided|Developmental and epileptic encephalopathy, 2;Angelman syndrome-like|Thyroid cancer, nonmedullary, 1",300203
CDKL5,"Developmental and epileptic encephalopathy, 2;Angelman syndrome-like",300203
CDKL5,"Abnormal cerebral morphology|not specified|Developmental and epileptic encephalopathy, 2|Angelman syndrome-like;Developmental and epileptic encephalopathy, 2|CDKL5 disorder",300203
CDKL5,"not provided|Developmental and epileptic encephalopathy, 2;Angelman syndrome-like|CDKL5 disorder|Developmental and epileptic encephalopathy, 2|Inborn genetic diseases",300203
CDKL5,"not provided|Developmental and epileptic encephalopathy, 2|Developmental and epileptic encephalopathy, 2;Angelman syndrome-like",300203
CDKL5,"not provided|Thyroid cancer, nonmedullary, 1",300203
CDKL5,"not specified|Angelman syndrome-like;Developmental and epileptic encephalopathy, 2|CDKL5-related disorder|CDKL5 disorder",300203
CDKL5,"Angelman syndrome-like;Developmental and epileptic encephalopathy, 2|Inborn genetic diseases",300203
SCN9A,"Paroxysmal extreme pain disorder|not specified|Small fiber neuropathy|Channelopathy-associated congenital insensitivity to pain, autosomal recessive|Primary erythromelalgia|Neuropathy, hereditary sensory and autonomic, type 2A;Generalized epilepsy with febrile seizures plus, type 7|not provided",603415
SCN9A,"Small fiber neuropathy|not specified|Inherited Erythromelalgia|Paroxysmal extreme pain disorder|Channelopathy-associated congenital insensitivity to pain, autosomal recessive|not provided|Neuropathy, hereditary sensory and autonomic, type 2A|Neuropathy, hereditary sensory and autonomic, type 2A;Generalized epilepsy with febrile seizures plus, type 7|Primary erythromelalgia|Inborn genetic diseases|SCN9A-related disorder",603415
SCN9A,"Neuropathy, hereditary sensory and autonomic, type IId|Charcot-Marie-Tooth disease|Channelopathy-associated congenital insensitivity to pain, autosomal recessive",603415
ARX,"not provided|Developmental and epileptic encephalopathy, 1;Intellectual disability, X-linked, with or without seizures, ARX-related",300382
ARX,"epileptic encephalopathy, early infanitle, 1|Intellectual disability, X-linked, with or without seizures, ARX-related;Developmental and epileptic encephalopathy, 1",300382
ARX,"not provided|not specified|Inborn genetic diseases|Developmental and epileptic encephalopathy, 1;Intellectual disability, X-linked, with or without seizures, ARX-related",300382
ARX,"epileptic encephalopathy, early infanitle, 1",300382
ARX,"Developmental and epileptic encephalopathy, 1|X-linked lissencephaly with abnormal genitalia",300382
ARX,not specified|not provided|Inborn genetic diseases,300382
ARX,"epileptic encephalopathy, early infanitle, 1|not provided|Intellectual disability, X-linked, with or without seizures, ARX-related;Developmental and epileptic encephalopathy, 1|Inborn genetic diseases",300382
ARX,"not provided|not specified|Inborn genetic diseases|Developmental and epileptic encephalopathy, 1|Intellectual disability, X-linked, with or without seizures, ARX-related;Developmental and epileptic encephalopathy, 1|ARX-related disorder",300382
ARX,"not provided|Intellectual disability, X-linked, with or without seizures, ARX-related;Developmental and epileptic encephalopathy, 1|Inborn genetic diseases",300382
ARX,"epileptic encephalopathy, early infanitle, 1|not provided|Developmental and epileptic encephalopathy, 1;Intellectual disability, X-linked, with or without seizures, ARX-related",300382
ARX,"epileptic encephalopathy, early infanitle, 1|not specified",300382
ARX,"not specified|Developmental and epileptic encephalopathy, 1;Intellectual disability, X-linked, with or without seizures, ARX-related|Inborn genetic diseases|X-linked lissencephaly with abnormal genitalia;Developmental and epileptic encephalopathy, 1;Corpus callosum agenesis-abnormal genitalia syndrome;Intellectual disability, X-linked, with or without seizures, ARX-related;Partington syndrome",300382
SLC2A1,not specified,138140
SLC2A1,Encephalopathy due to GLUT1 deficiency|Seizure|not provided,138140
SLC2A1,"not specified|GLUT1 deficiency syndrome 1, autosomal recessive|Dystonia 9|not provided|Inborn genetic diseases|Encephalopathy due to GLUT1 deficiency|SLC2A1-related disorder",138140
SLC2A1,Encephalopathy due to GLUT1 deficiency|not provided,138140
SLC2A1,"not specified|not provided|Inborn genetic diseases|GLUT1 deficiency syndrome 1, autosomal recessive",138140
SLC2A1,"Encephalopathy due to GLUT1 deficiency|Dystonia 9|not specified|GLUT1 deficiency syndrome 1, autosomal recessive",138140
SLC2A1,"Encephalopathy due to GLUT1 deficiency|not specified|GLUT1 deficiency syndrome 1, autosomal recessive|SLC2A1-related disorder",138140
SLC2A1,"Encephalopathy due to GLUT1 deficiency|Encephalopathy due to GLUT1 deficiency;Dystonia 9|GLUT1 deficiency syndrome 1, autosomal recessive",138140
SLC2A1,not specified|not provided|Inborn genetic diseases,138140
STXBP1,"Developmental and epileptic encephalopathy, 4|Developmental and epileptic encephalopathy|Infantile epilepsy syndrome",602926
STXBP1,Developmental and epileptic encephalopathy|not specified|not provided,602926
FOXG1,"Rett syndrome, congenital variant",164874
FOXG1,"not specified|Rett syndrome, congenital variant|Inborn genetic diseases|FOXG1-related disorder",164874
FOXG1,"not specified|Rett syndrome, congenital variant",164874
FOXG1,"not specified|Rett syndrome, congenital variant|Inborn genetic diseases|FOXG1 disorder|not provided",164874
FOXG1,"Rett syndrome, congenital variant|not specified|not provided|Inborn genetic diseases|FOXG1 disorder",164874
FOXG1,"Rett syndrome, congenital variant|not provided|Rett syndrome",164874
FOXG1,"Rett syndrome, congenital variant|not specified|not provided|FOXG1 disorder|FOXG1-related disorder",164874
FOXG1,"Rett syndrome, congenital variant|not provided|Inborn genetic diseases|FOXG1 disorder",164874
FOXG1,"Rett syndrome, congenital variant|not provided|Intellectual disability|FOXG1 disorder",164874
FOXG1,"Rett syndrome, congenital variant|not provided|FOXG1 disorder",164874
FOXG1,"Rett syndrome, congenital variant|not specified|not provided|FOXG1 disorder",164874
PCDH19,"Developmental and epileptic encephalopathy, 9|not provided",300460
PCDH19,"Developmental and epileptic encephalopathy, 9|not specified",300460
MECP2,"Encephalopathy, neonatal severeMental retardation, X-linked, syndromic 13Rett syndrome|Syndromic X-linked intellectual disability Lubs type",300005
CDKL5,"Developmental and epileptic encephalopathy, 2|Developmental and epileptic encephalopathy, 2;Angelman syndrome-like|not provided|CDKL5 disorder",300203
CDKL5,"Developmental and epileptic encephalopathy, 2|8 conditions",300203
CDKL5,"Developmental and epileptic encephalopathy, 2",300203
CDKL5,"Developmental and epileptic encephalopathy, 2;Angelman syndrome-like|not specified|not provided",300203
CDKL5,"not specified|not provided|Developmental and epileptic encephalopathy, 2|CDKL5 disorder",300203
CDKL5,"Developmental and epileptic encephalopathy, 2|Developmental and epileptic encephalopathy, 2;Angelman syndrome-like",300203
TSC2,Tuberous sclerosis syndrome|Hereditary cancer-predisposing syndrome|Tuberous sclerosis 2|not provided|Ovarian cancer|TSC2-related disorder,191092
TSC2,Tuberous sclerosis syndrome|not provided|Hereditary cancer-predisposing syndrome|Tuberous sclerosis 2|not specified|TSC2-related disorder,191092
SCN8A,"Developmental and epileptic encephalopathy, 13|Seizures, benign familial infantile, 5",600702
TSC1,not specified|Tuberous sclerosis 1|not provided|Hereditary cancer-predisposing syndrome|TSC1-related disorder,605284
SCN1A,not provided|Developmental and epileptic encephalopathy|Severe myoclonic epilepsy in infancy,182389
SCN8A,not specified|Developmental and epileptic encephalopathy|Inborn genetic diseases|not provided|SCN8A-related disorder,600702
PRRT2,not provided|Inborn genetic diseases,614386
SCN1A,"Severe myoclonic epilepsy in infancy|not provided|Developmental and epileptic encephalopathy|Inborn genetic diseases|Migraine, familial hemiplegic, 3;Generalized epilepsy with febrile seizures plus, type 2;Developmental and epileptic encephalopathy 6B;Severe myoclonic epilepsy in infancy|Seizure",182389
SCN1A,"Developmental and epileptic encephalopathy|Generalized epilepsy with febrile seizures plus, type 2;Migraine, familial hemiplegic, 3;Severe myoclonic epilepsy in infancy|not provided|Inborn genetic diseases|not specified",182389
GABRA1,"not provided|Epilepsy, idiopathic generalized, susceptibility to, 13;Idiopathic generalized epilepsy;Epilepsy, childhood absence 4",137160
FOXG1,"not provided|Rett syndrome, congenital variant|FOXG1 disorder|Rett syndrome",164874
KCNQ2,not provided,602235
FOXG1,"not specified|Rett syndrome, congenital variant|not provided|Inborn genetic diseases|FOXG1-related disorder",164874
SCN9A,"not provided|Generalized epilepsy with febrile seizures plus, type 7;Neuropathy, hereditary sensory and autonomic, type 2A|not specified|Inborn genetic diseases",603415
KCNQ2,"not provided|Developmental and epileptic encephalopathy, 7|Developmental and epileptic encephalopathy|Seizures, benign familial neonatal, 1|Complex neurodevelopmental disorder|West syndrome",602235
CDKL5,"not specified|not provided|Developmental and epileptic encephalopathy, 2;Angelman syndrome-like|CDKL5 disorder",300203
FOXG1,"not provided|not specified|Rett syndrome, congenital variant|FOXG1-related disorder|Inborn genetic diseases|Intellectual disability|FOXG1 disorder",164874
FOXG1,not provided,164874
GABRG2,"Inborn genetic diseases|not provided|Febrile seizures, familial, 8;EPILEPSY, CHILDHOOD ABSENCE, SUSCEPTIBILITY TO, 2",137164
KCNQ2,not specified|not provided|Inborn genetic diseases|KCNQ2-related disorder,602235
KCNQ2,not provided|Inborn genetic diseases|Developmental and epileptic encephalopathy,602235
PCDH19,"not provided|Developmental and epileptic encephalopathy, 9|Inborn genetic diseases",300460
PCDH19,not provided,300460
PRRT2,"not specified|Seizures, benign familial infantile, 2|Episodic kinesigenic dyskinesia|Episodic kinesigenic dyskinesia 1|Infantile convulsions and choreoathetosis|not provided",614386
PRRT2,not specified|Episodic kinesigenic dyskinesia|not provided|Inborn genetic diseases|PRRT2-related disorder,614386
PRRT2,not provided,614386
SCN1A,not provided|Autosomal dominant SCN1A-related disorder,182389
SCN3A,not provided,182391
SCN8A,not specified|not provided|Developmental and epileptic encephalopathy,600702
SCN9A,"not provided|Generalized epilepsy with febrile seizures plus, type 7;Neuropathy, hereditary sensory and autonomic, type 2A|Inborn genetic diseases",603415
SCN9A,"not specified|Inherited Erythromelalgia|Paroxysmal extreme pain disorder|Small fiber neuropathy|Congenital Indifference to Pain|not provided|Generalized epilepsy with febrile seizures plus, type 7;Neuropathy, hereditary sensory and autonomic, type 2A|Primary erythromelalgia|Channelopathy-associated congenital insensitivity to pain, autosomal recessive",603415
SCN9A,"not specified|Primary erythromelalgia|Paroxysmal extreme pain disorder|Channelopathy-associated congenital insensitivity to pain, autosomal recessive|Inherited Erythromelalgia|not provided|Generalized epilepsy with febrile seizures plus, type 7;Neuropathy, hereditary sensory and autonomic, type 2A",603415
SCN9A,"not specified|Primary erythromelalgia|Paroxysmal extreme pain disorder|Inherited Erythromelalgia|Channelopathy-associated congenital insensitivity to pain, autosomal recessive|not provided|Generalized epilepsy with febrile seizures plus, type 7;Neuropathy, hereditary sensory and autonomic, type 2A",603415
SCN9A,"not specified|Severe myoclonic epilepsy in infancy|Generalized epilepsy with febrile seizures plus, type 7;Neuropathy, hereditary sensory and autonomic, type 2A|Febrile seizures, familial|Generalized epilepsy with febrile seizures plus, type 7;Severe myoclonic epilepsy in infancy;Primary erythromelalgia|Congenital Indifference to Pain|Paroxysmal extreme pain disorder|Generalized epilepsy with febrile seizures plus|Inherited Erythromelalgia|Small fiber neuropathy|not provided|Neuropathy, hereditary sensory and autonomic, type 2A",603415
SCN9A,"not specified|Paroxysmal extreme pain disorder|Channelopathy-associated congenital insensitivity to pain, autosomal recessive|Small fiber neuropathy|Primary erythromelalgia|not provided|Neuropathy, hereditary sensory and autonomic, type 2A;Generalized epilepsy with febrile seizures plus, type 7|Inborn genetic diseases",603415
SLC2A1,"not specified|GLUT1 deficiency syndrome 1, autosomal recessive|not provided|Epilepsy, idiopathic generalized, susceptibility to, 12|Inborn genetic diseases|Hereditary cryohydrocytosis with reduced stomatin|Encephalopathy due to GLUT1 deficiency|Childhood onset GLUT1 deficiency syndrome 2|Dystonia 9",138140
STXBP1,"not provided|Developmental and epileptic encephalopathy, 4|Developmental and epileptic encephalopathy",602926
DEPDC5,"Epilepsy, familial focal, with variable foci 1|not provided|DEPDC5-related disorder|Familial focal epilepsy with variable foci",614191
DEPDC5,"Epilepsy, familial focal, with variable foci 1|Familial focal epilepsy with variable foci|not provided|Familial focal epilepsy with variable foci;Autosomal dominant nocturnal frontal lobe epilepsy|Inborn genetic diseases",614191
PRRT2,"Seizures, benign familial infantile, 2|not provided",614386
DEPDC5,"Epilepsy, familial focal, with variable foci 1|Inborn genetic diseases|Familial focal epilepsy with variable foci",614191
TBC1D24,"DOORS syndrome|Developmental and epileptic encephalopathy, 1;Autosomal dominant nonsyndromic hearing loss 65;Caused by mutation in the TBC1 domain family, member 24",613577
TBC1D24,"DOORS syndrome|Developmental and epileptic encephalopathy, 1;Autosomal dominant nonsyndromic hearing loss 65;Caused by mutation in the TBC1 domain family, member 24|not provided",613577
TBC1D24,"Epilepsy, progressive myoclonic, 1B|Intellectual disability;Neurodevelopmental delay;Periodic paralysis|Developmental and epileptic encephalopathy, 16|Developmental and epileptic encephalopathy, 1;Autosomal dominant nonsyndromic hearing loss 65;Caused by mutation in the TBC1 domain family, member 24|Abnormality of the nervous system",613577
TSC1,Hereditary cancer-predisposing syndrome|not specified|Tuberous sclerosis 1|Isolated focal cortical dysplasia type II|not provided|Isolated focal cortical dysplasia type II;Lymphangiomyomatosis;Tuberous sclerosis 1|Tuberous sclerosis syndrome,605284
TSC1,Hereditary cancer-predisposing syndrome|Tuberous sclerosis 1|Tuberous sclerosis syndrome|Isolated focal cortical dysplasia type II,605284
TSC1,Hereditary cancer-predisposing syndrome|Tuberous sclerosis 1|not provided|Tuberous sclerosis syndrome,605284
TSC1,Hereditary cancer-predisposing syndrome|not provided|Tuberous sclerosis 1,605284
TSC1,Hereditary cancer-predisposing syndrome|Tuberous sclerosis 1|Isolated focal cortical dysplasia type II|not provided|not specified|TSC1-related disorder|Tuberous sclerosis syndrome|Tuberous sclerosis 1;Lymphangiomyomatosis;Isolated focal cortical dysplasia type II,605284
TSC1,Hereditary cancer-predisposing syndrome|Tuberous sclerosis 1,605284
TSC1,Hereditary cancer-predisposing syndrome|Tuberous sclerosis 1|Tuberous sclerosis syndrome,605284
TSC1,Hereditary cancer-predisposing syndrome|Tuberous sclerosis 1|Tuberous sclerosis 1;Isolated focal cortical dysplasia type II;Lymphangiomyomatosis|Tuberous sclerosis syndrome,605284
TSC1,Hereditary cancer-predisposing syndrome|Isolated focal cortical dysplasia type II|Tuberous sclerosis 1,605284
TSC1,Hereditary cancer-predisposing syndrome|Tuberous sclerosis 1|not specified|not provided,605284
TSC1,Hereditary cancer-predisposing syndrome|Tuberous sclerosis 1|Tuberous sclerosis syndrome|Tuberous sclerosis 1;Lymphangiomyomatosis;Isolated focal cortical dysplasia type II,605284
TSC1,Hereditary cancer-predisposing syndrome|not specified|not provided|Tuberous sclerosis 1,605284
TSC1,Hereditary cancer-predisposing syndrome|Tuberous sclerosis 1|not provided|Tuberous sclerosis syndrome|TSC1-related disorder,605284
TSC2,Hereditary cancer-predisposing syndrome|not provided|Tuberous sclerosis 2;Isolated focal cortical dysplasia type II;Lymphangiomyomatosis|Tuberous sclerosis 2|Tuberous sclerosis syndrome,191092
TSC2,Hereditary cancer-predisposing syndrome|not specified|Tuberous sclerosis 2|Tuberous sclerosis syndrome|not provided|Isolated focal cortical dysplasia type II;Lymphangiomyomatosis;Tuberous sclerosis 2,191092
TSC2,Hereditary cancer-predisposing syndrome|Tuberous sclerosis 2|not provided|Tuberous sclerosis syndrome,191092
TSC2,Hereditary cancer-predisposing syndrome|Tuberous sclerosis syndrome|not provided|Tuberous sclerosis 2,191092
TSC2,Hereditary cancer-predisposing syndrome|Tuberous sclerosis 2|not provided|Isolated focal cortical dysplasia type II;Lymphangiomyomatosis;Tuberous sclerosis 2|Tuberous sclerosis syndrome,191092
TSC2,Hereditary cancer-predisposing syndrome|not provided|Tuberous sclerosis 2|TSC2-related disorder,191092
TSC2,Hereditary cancer-predisposing syndrome|Tuberous sclerosis 2,191092
TSC2,Hereditary cancer-predisposing syndrome|Tuberous sclerosis 2|Tuberous sclerosis syndrome|not provided,191092
TSC2,Hereditary cancer-predisposing syndrome|not specified|Tuberous sclerosis 2|Tuberous sclerosis syndrome|TSC2-related disorder,191092
TSC2,Hereditary cancer-predisposing syndrome|Tuberous sclerosis 2|not specified|Tuberous sclerosis 2;Lymphangiomyomatosis;Isolated focal cortical dysplasia type II|Tuberous sclerosis syndrome,191092
TSC2,Hereditary cancer-predisposing syndrome|Tuberous sclerosis 2|Tuberous sclerosis syndrome,191092
TSC2,Hereditary cancer-predisposing syndrome|Tuberous sclerosis 2|Isolated focal cortical dysplasia type II,191092
TSC2,Hereditary cancer-predisposing syndrome|not specified|Tuberous sclerosis 2|Tuberous sclerosis syndrome|TSC2-related disorder|not provided,191092
TSC2,Hereditary cancer-predisposing syndrome|not specified|Tuberous sclerosis 2|not provided|Tuberous sclerosis syndrome,191092
TSC2,Hereditary cancer-predisposing syndrome|not provided|Tuberous sclerosis 2,191092
TSC2,Hereditary cancer-predisposing syndrome|not provided|Tuberous sclerosis 2|TSC2-related disorder|not specified,191092
TSC2,Hereditary cancer-predisposing syndrome|Tuberous sclerosis 2|not provided|Tuberous sclerosis syndrome|Tuberous sclerosis 2;Lymphangiomyomatosis;Isolated focal cortical dysplasia type II,191092
TSC2,Hereditary cancer-predisposing syndrome|Tuberous sclerosis 2|not specified|not provided|Tuberous sclerosis syndrome,191092
TSC2,Hereditary cancer-predisposing syndrome|not specified|not provided|Tuberous sclerosis 2|Tuberous sclerosis syndrome|TSC2-related disorder,191092
TSC2,Hereditary cancer-predisposing syndrome|not specified|Tuberous sclerosis 2|TSC2-related disorder|not provided,191092
TSC2,Hereditary cancer-predisposing syndrome|Tuberous sclerosis 2|Isolated focal cortical dysplasia type II;Lymphangiomyomatosis;Tuberous sclerosis 2|not provided,191092
TSC2,Hereditary cancer-predisposing syndrome|Tuberous sclerosis 2|not provided|TSC2-related disorder,191092
TSC2,Hereditary cancer-predisposing syndrome|Tuberous sclerosis 2|TSC2-related disorder|not provided,191092
TSC2,Hereditary cancer-predisposing syndrome|Tuberous sclerosis syndrome|not provided|Tuberous sclerosis 2|TSC2-related disorder,191092
ARX,"not provided|Partington syndrome;Corpus callosum agenesis-abnormal genitalia syndrome;Developmental and epileptic encephalopathy, 1;Intellectual disability, X-linked, with or without seizures, ARX-related;X-linked lissencephaly with abnormal genitalia",300382
MECP2,"not specified|Syndromic X-linked intellectual disability Lubs type;Autism, susceptibility to, X-linked 3;Severe neonatal-onset encephalopathy with microcephaly;Rett syndrome;X-linked intellectual disability-psychosis-macroorchidism syndrome|Severe neonatal-onset encephalopathy with microcephaly",300005
FOXG1,"not provided|Rett syndrome, congenital variant|FOXG1 disorder",164874
FOXG1,"not specified|not provided|FOXG1 disorder|Rett syndrome, congenital variant|FOXG1-related disorder",164874
FOXG1,"Rett syndrome, congenital variant|not provided|Rett syndrome|FOXG1 disorder",164874
FOXG1,"Rett syndrome, congenital variant|not provided|Abnormality of the nervous system|FOXG1 disorder|FOXG1-related disorder",164874
FOXG1,"Inborn genetic diseases|Rett syndrome, congenital variant|FOXG1 disorder",164874
FOXG1,not provided|FOXG1 disorder,164874
CDKL5,"Developmental and epileptic encephalopathy, 2|Atypical Rett syndrome",300203
CDKL5,"Atypical Rett syndrome|Developmental and epileptic encephalopathy, 2",300203
MECP2,Atypical Rett syndrome|Angelman syndrome|Severe neonatal-onset encephalopathy with microcephaly|Rett syndrome|not provided,300005
MECP2,Rett syndrome|Syndromic X-linked intellectual disability Lubs type;Severe neonatal-onset encephalopathy with microcephaly;Rett syndrome;X-linked intellectual disability-psychosis-macroorchidism syndrome,300005
MECP2,Attention deficit hyperactivity disorder|Rett syndrome,300005
MECP2,Rett syndrome|Severe neonatal-onset encephalopathy with microcephaly|not provided|MECP2-related disorder,300005
MECP2,Rett syndrome|not provided|See cases|MECP2-related disorder,300005
MECP2,Rett syndrome|not provided|Inborn genetic diseases,300005
MECP2,Rett syndrome|not specified|Severe neonatal-onset encephalopathy with microcephaly|not provided,300005
MECP2,"not provided|not specified|Severe neonatal-onset encephalopathy with microcephaly|Rett syndrome|Autism, susceptibility to, X-linked 3|Rett syndrome;Severe neonatal-onset encephalopathy with microcephaly;Autism, susceptibility to, X-linked 3;X-linked intellectual disability-psychosis-macroorchidism syndrome;Syndromic X-linked intellectual disability Lubs type|MECP2-related disorder|Inborn genetic diseases",300005
MECP2,X-linked intellectual disability-psychosis-macroorchidism syndrome|Severe neonatal-onset encephalopathy with microcephaly|Inborn genetic diseases|Rett syndrome,300005
CDKL5,Atypical Rett syndrome|not provided|CDKL5 disorder,300203
CDKL5,"not provided|Developmental and epileptic encephalopathy, 2;Angelman syndrome-like|CDKL5 disorder",300203
CDKL5,not specified,300203
CDKL5,"Developmental and epileptic encephalopathy, 2|CDKL5 disorder|Developmental and epileptic encephalopathy, 2;Angelman syndrome-like|CDKL5-related disorder",300203
CDKL5,Atypical Rett syndrome|Inborn genetic diseases|CDKL5 disorder,300203
CDKL5,"Atypical Rett syndrome|CDKL5 disorder|Developmental and epileptic encephalopathy, 2",300203
CDKL5,"not provided|Epileptic encephalopathy|Inborn genetic diseases|CDKL5 disorder|Developmental and epileptic encephalopathy, 2;Angelman syndrome-like|Developmental and epileptic encephalopathy, 2",300203
CDKL5,"Atypical Rett syndrome|Developmental and epileptic encephalopathy, 2;Angelman syndrome-like|CDKL5 disorder|not provided",300203
CDKL5,"not specified|Developmental and epileptic encephalopathy, 2;Angelman syndrome-like|Developmental and epileptic encephalopathy, 2|not provided|Inborn genetic diseases|CDKL5 disorder",300203
CDKL5,"Developmental and epileptic encephalopathy, 2|Thyroid cancer, nonmedullary, 1|CDKL5 disorder",300203
CDKL5,"not specified|Developmental and epileptic encephalopathy, 2;Angelman syndrome-like|not provided|CDKL5 disorder",300203
MECP2,X-linked intellectual disability-psychosis-macroorchidism syndrome,300005
SCN1A,"Severe myoclonic epilepsy in infancy|not provided|Developmental and epileptic encephalopathy|Migraine, familial hemiplegic, 3|Generalized epilepsy with febrile seizures plus, type 2|Generalized epilepsy with febrile seizures plus, type 2;Migraine, familial hemiplegic, 3;Severe myoclonic epilepsy in infancy;Developmental and epileptic encephalopathy 6B",182389
SCN1A,"not provided|Severe myoclonic epilepsy in infancy|Developmental and epileptic encephalopathy|SCN1A Seizure Disorders|Inborn genetic diseases|Generalized epilepsy with febrile seizures plus, type 2|Developmental and epileptic encephalopathy 6B",182389
SCN1A,Severe myoclonic epilepsy in infancy|not provided|Developmental and epileptic encephalopathy|Epileptic encephalopathy|SCN1A-related disorder,182389
SCN1A,Severe myoclonic epilepsy in infancy|Inborn genetic diseases|not provided,182389
SCN1A,"Severe myoclonic epilepsy in infancy|Developmental and epileptic encephalopathy|not provided|Generalized epilepsy with febrile seizures plus, type 2|Migraine, familial hemiplegic, 3",182389
SCN1A,"Severe myoclonic epilepsy in infancy|not provided|Developmental and epileptic encephalopathy|Severe myoclonic epilepsy in infancy;Developmental and epileptic encephalopathy 6B;Generalized epilepsy with febrile seizures plus, type 2",182389
SCN1A,"Severe myoclonic epilepsy in infancy|not provided|Developmental and epileptic encephalopathy|Migraine, familial hemiplegic, 3|SCN1A-related disorder",182389
SCN1A,Severe myoclonic epilepsy in infancy|Intellectual disability,182389
SCN1A,"Severe myoclonic epilepsy in infancy|not provided|Developmental and epileptic encephalopathy|Seizure|Inborn genetic diseases|Migraine, familial hemiplegic, 3",182389
SCN1A,"Severe myoclonic epilepsy in infancy|Migraine, familial hemiplegic, 3;Severe myoclonic epilepsy in infancy;Generalized epilepsy with febrile seizures plus, type 2|not provided|Developmental and epileptic encephalopathy|Migraine, familial hemiplegic, 3",182389
SCN1A,Severe myoclonic epilepsy in infancy|Developmental and epileptic encephalopathy|SCN1A-related disorder,182389
SCN1A,Severe myoclonic epilepsy in infancy|Developmental and epileptic encephalopathy|not provided|Seizure|SCN1A-related disorder,182389
SCN1A,"Severe myoclonic epilepsy in infancy|not provided|Developmental and epileptic encephalopathy|Severe myoclonic epilepsy in infancy;Developmental and epileptic encephalopathy 6B;Migraine, familial hemiplegic, 3;Generalized epilepsy with febrile seizures plus, type 2|Seizure",182389
SCN1A,"Severe myoclonic epilepsy in infancy|not provided|Developmental and epileptic encephalopathy|Generalized epilepsy with febrile seizures plus, type 2|SCN1A-related disorder|Developmental and epileptic encephalopathy, 1|Inborn genetic diseases|Autosomal dominant epilepsy",182389
SCN1A,not provided|Severe myoclonic epilepsy in infancy|Developmental and epileptic encephalopathy|SCN1A-related disorder,182389
SCN1A,"not provided|Severe myoclonic epilepsy in infancy|Developmental and epileptic encephalopathy|Generalized epilepsy with febrile seizures plus, type 2|Inborn genetic diseases",182389
SCN1A,Severe myoclonic epilepsy in infancy|Developmental and epileptic encephalopathy|Generalized epilepsy with febrile seizures plus,182389
SCN1A,Severe myoclonic epilepsy in infancy|not provided|Developmental and epileptic encephalopathy|Seizure|SCN1A-related disorder,182389
SCN1A,"Severe myoclonic epilepsy in infancy|Developmental and epileptic encephalopathy, 6A",182389
SCN1A,"Generalized epilepsy with febrile seizures plus, type 2|not provided|Severe myoclonic epilepsy in infancy",182389
DEPDC5,"Epilepsy, familial focal, with variable foci 1|Familial focal epilepsy with variable foci",614191
FOXG1,not provided|Rett syndrome,164874
STXBP1,"not provided|not specified|Developmental and epileptic encephalopathy, 4|Infantile epilepsy syndrome|Inborn genetic diseases|Spastic ataxia|Early onset epileptic encephalopathy|Developmental and epileptic encephalopathy|West syndrome",602926
SCN8A,"Developmental and epileptic encephalopathy, 13|Global developmental delay;Seizure|Complex neurodevelopmental disorder",600702
SCN8A,"Developmental and epileptic encephalopathy, 13|Developmental and epileptic encephalopathy|Complex neurodevelopmental disorder|not provided|Inborn genetic diseases",600702
SLC6A1,not provided|Autosomal dominant epilepsy|Epilepsy with myoclonic atonic seizures,137165
SLC6A1,not provided|Epilepsy with myoclonic atonic seizures,137165
SLC6A1,Epilepsy with myoclonic atonic seizures,137165
SLC6A1,not provided|Inborn genetic diseases|Autism spectrum disorder;Epilepsy with myoclonic atonic seizures|Epilepsy with myoclonic atonic seizures,137165
PCDH19,not provided|not specified,300460
KCNQ3,not provided,602232
FOXG1,"not provided|FOXG1 disorder|Rett syndrome, congenital variant",164874
FOXG1,"Rett syndrome, congenital variant|not provided|not specified|FOXG1 disorder|Inborn genetic diseases",164874
FOXG1,not specified|not provided|Inborn genetic diseases|FOXG1 disorder,164874
PLCB1,not provided|Inborn genetic diseases,607120
ARX,not provided|See cases,300382
TSC2,not provided|Tuberous sclerosis 2|Hereditary cancer-predisposing syndrome,191092
GABRA1,"not specified|Epilepsy, childhood absence 4;Epilepsy, idiopathic generalized, susceptibility to, 13;Idiopathic generalized epilepsy|not provided",137160
GABRA1,"not specified|not provided|Epilepsy, childhood absence 4;Epilepsy, idiopathic generalized, susceptibility to, 13;Idiopathic generalized epilepsy",137160
SCN9A,"not provided|Generalized epilepsy with febrile seizures plus, type 7;Neuropathy, hereditary sensory and autonomic, type 2A|6 conditions|Inborn genetic diseases|not specified",603415
SCN9A,"not provided|Generalized epilepsy with febrile seizures plus, type 7;Neuropathy, hereditary sensory and autonomic, type 2A",603415
CDKL5,"not provided|Angelman syndrome-like;Developmental and epileptic encephalopathy, 2",300203
SLC2A1,"not provided|GLUT1 deficiency syndrome 1, autosomal recessive|Encephalopathy due to GLUT1 deficiency",138140
SCN1A,"Epilepsy|Migraine, familial hemiplegic, 3|not provided|Developmental and epileptic encephalopathy|Generalized epilepsy with febrile seizures plus, type 2",182389
SCN9A,"Small fiber neuropathy|Channelopathy-associated congenital insensitivity to pain, autosomal recessive|Primary erythromelalgia|not provided|Generalized epilepsy with febrile seizures plus, type 7;Neuropathy, hereditary sensory and autonomic, type 2A|Paroxysmal extreme pain disorder|Seizure|Generalized epilepsy with febrile seizures plus, type 7|Inborn genetic diseases|not specified",603415
SCN9A,"not specified|Generalized epilepsy with febrile seizures plus, type 7;Neuropathy, hereditary sensory and autonomic, type 2A|not provided|Inborn genetic diseases",603415
KCNQ3,"not provided|Seizures, benign familial neonatal, 2|Benign neonatal seizures|Inborn genetic diseases",602232
SCN1A,not specified|Developmental and epileptic encephalopathy|not provided,182389
ALDH7A1,not provided|Pyridoxine-dependent epilepsy|Ovarian serous cystadenocarcinoma|Clear cell carcinoma of kidney,107323
SCN3A,not specified|not provided|SCN3A-related disorder|Inborn genetic diseases,182391
SCN8A,not provided|Developmental and epileptic encephalopathy|Inborn genetic diseases,600702
SCN8A,not provided|Developmental and epileptic encephalopathy|Inborn genetic diseases|SCN8A-related disorder,600702
SCN9A,"Small fiber neuropathy|not specified|Neuropathy, hereditary sensory and autonomic, type 2A;Generalized epilepsy with febrile seizures plus, type 7|Severe myoclonic epilepsy in infancy|Generalized epilepsy with febrile seizures plus|Paroxysmal extreme pain disorder|Congenital Indifference to Pain|Febrile seizures, familial|Inherited Erythromelalgia|Malignant tumor of esophagus|Nonpapillary renal cell carcinoma",603415
SCN3A,"not provided|Developmental and epileptic encephalopathy, 62;Epilepsy, familial focal, with variable foci 4|Inborn genetic diseases",182391
SCN8A,not provided|Inborn genetic diseases|Developmental and epileptic encephalopathy,600702
SCN1A,"not specified|Developmental and epileptic encephalopathy|Epilepsy|Migraine, familial hemiplegic, 3|Generalized epilepsy with febrile seizures plus, type 2|Inborn genetic diseases|not provided",182389
SCN3A,not specified|not provided,182391
SCN8A,not provided|SCN8A-related disorder|Developmental and epileptic encephalopathy,600702
KCNQ2,"not provided|Seizures, benign familial neonatal, 1;Developmental and epileptic encephalopathy, 7|Seizures, benign familial neonatal, 1|Developmental and epileptic encephalopathy|Developmental and epileptic encephalopathy, 7|Inborn genetic diseases|Complex neurodevelopmental disorder",602235
SCN9A,"not specified|Paroxysmal extreme pain disorder|Channelopathy-associated congenital insensitivity to pain, autosomal recessive|Primary erythromelalgia|Inherited Erythromelalgia|not provided|Generalized epilepsy with febrile seizures plus, type 7;Neuropathy, hereditary sensory and autonomic, type 2A|Neuropathy, hereditary sensory and autonomic, type 2A",603415
CDKL5,"not provided|Developmental and epileptic encephalopathy, 2|CDKL5 disorder|Developmental and epileptic encephalopathy, 2;Angelman syndrome-like|Intellectual disability",300203
KCNQ3,"Seizures, benign familial neonatal, 2|not provided|Benign neonatal seizures|Inborn genetic diseases",602232
KCNQ3,not provided|Benign neonatal seizures,602232
SCN2A,"not provided|Developmental and epileptic encephalopathy, 11|West syndrome|Seizures, benign familial infantile, 3;Developmental and epileptic encephalopathy, 11|Complex neurodevelopmental disorder",182390
SCN1A,"not specified|Severe myoclonic epilepsy in infancy;Generalized epilepsy with febrile seizures plus, type 2;Migraine, familial hemiplegic, 3|SCN1A-related disorder|not provided|Developmental and epileptic encephalopathy|Inborn genetic diseases",182389
SCN9A,"Neuropathy, hereditary sensory and autonomic, type 2A;Generalized epilepsy with febrile seizures plus, type 7|not provided|Inborn genetic diseases",603415
SCN9A,"Self-limited epilepsy with centrotemporal spikes|not provided|Neuropathy, hereditary sensory and autonomic, type 2A|Inborn genetic diseases|Generalized epilepsy with febrile seizures plus, type 7;Neuropathy, hereditary sensory and autonomic, type 2A",603415
ALDH7A1,not specified|not provided|Pyridoxine-dependent epilepsy|Inborn genetic diseases,107323
SCN9A,"not specified|not provided|Generalized epilepsy with febrile seizures plus, type 7;Neuropathy, hereditary sensory and autonomic, type 2A",603415
SCN3A,"not specified|not provided|Developmental and epileptic encephalopathy, 62;Epilepsy, familial focal, with variable foci 4|Developmental and epileptic encephalopathy",182391
TSC2,not provided|Tuberous sclerosis 2|Hereditary cancer-predisposing syndrome|Isolated focal cortical dysplasia type II|Tuberous sclerosis syndrome,191092
SCN1A,"not provided|Generalized epilepsy with febrile seizures plus, type 2|Migraine, familial hemiplegic, 3|Developmental and epileptic encephalopathy|SCN1A-related disorder",182389
SCN9A,"not specified|not provided|Generalized epilepsy with febrile seizures plus, type 7;Neuropathy, hereditary sensory and autonomic, type 2A|Inborn genetic diseases|SCN9A-related disorder",603415
STXBP1,not specified|Developmental and epileptic encephalopathy|not provided|Inborn genetic diseases|STXBP1-related disorder,602926
SCN1A,"Developmental and epileptic encephalopathy|Severe myoclonic epilepsy in infancy;Migraine, familial hemiplegic, 3;Generalized epilepsy with febrile seizures plus, type 2|not provided|SCN1A-related disorder",182389
TBC1D24,not provided|Familial infantile myoclonic epilepsy|not specified,613577
TBC1D24,"not specified|Familial infantile myoclonic epilepsy|not provided|Caused by mutation in the TBC1 domain family, member 24;Autosomal dominant nonsyndromic hearing loss 65;Developmental and epileptic encephalopathy, 1|Inborn genetic diseases|TBC1D24-related disorder",613577
TBC1D24,"not specified|not provided|Developmental and epileptic encephalopathy, 1;Caused by mutation in the TBC1 domain family, member 24;Autosomal dominant nonsyndromic hearing loss 65|Inborn genetic diseases|TBC1D24-related disorder",613577
SLC2A1,not provided|Encephalopathy due to GLUT1 deficiency,138140
SCN8A,Developmental and epileptic encephalopathy|not provided,600702
TBC1D24,"not specified|Familial infantile myoclonic epilepsy|not provided|Self-limited epilepsy with centrotemporal spikes|Caused by mutation in the TBC1 domain family, member 24;Autosomal dominant nonsyndromic hearing loss 65;Developmental and epileptic encephalopathy, 1|Inborn genetic diseases|TBC1D24-related disorder",613577
ARX,"not provided|Developmental and epileptic encephalopathy, 1;Intellectual disability, X-linked, with or without seizures, ARX-related|Inborn genetic diseases",300382
PRRT2,not provided|Episodic kinesigenic dyskinesia,614386
TSC1,Tuberous sclerosis 1|not provided,605284
SCN9A,"Primary erythromelalgia|Channelopathy-associated congenital insensitivity to pain, autosomal recessive|Paroxysmal extreme pain disorder|Small fiber neuropathy|not provided|Neuropathy, hereditary sensory and autonomic, type 2A;Generalized epilepsy with febrile seizures plus, type 7|not specified",603415
PLCB1,"not provided|Developmental and epileptic encephalopathy, 12|Inborn genetic diseases",607120
TSC1,not specified|Tuberous sclerosis 1|not provided|Hereditary cancer-predisposing syndrome|Isolated focal cortical dysplasia type II;Lymphangiomyomatosis;Tuberous sclerosis 1|Tuberous sclerosis syndrome,605284
TSC1,not specified|Tuberous sclerosis 1|not provided|Lymphangiomyomatosis|Hereditary cancer-predisposing syndrome|Tuberous sclerosis 1;Isolated focal cortical dysplasia type II;Lymphangiomyomatosis|Tuberous sclerosis syndrome,605284
SCN1A,not provided|Developmental and epileptic encephalopathy|SCN1A-related disorder,182389
SCN9A,"not specified|Channelopathy-associated congenital insensitivity to pain, autosomal recessive|Paroxysmal extreme pain disorder|Primary erythromelalgia|Inherited Erythromelalgia|not provided|Self-limited epilepsy with centrotemporal spikes|Generalized epilepsy with febrile seizures plus, type 7;Neuropathy, hereditary sensory and autonomic, type 2A|Inborn genetic diseases",603415
SCN9A,"not provided|Generalized epilepsy with febrile seizures plus, type 7;Neuropathy, hereditary sensory and autonomic, type 2A|Inborn genetic diseases|Channelopathy-associated congenital insensitivity to pain, autosomal recessive;Neuropathy, hereditary sensory and autonomic, type 2A;Paroxysmal extreme pain disorder;Primary erythromelalgia",603415
SCN3A,not provided|SCN3A-related disorder,182391
SCN8A,"not provided|Cognitive impairment with or without cerebellar ataxia|Developmental and epileptic encephalopathy|Inborn genetic diseases|Developmental and epileptic encephalopathy, 13",600702
SCN8A,not provided,600702
SCN2A,"not provided|Developmental and epileptic encephalopathy, 11;Seizures, benign familial infantile, 3",182390
TSC1,Tuberous sclerosis 1|not provided|Isolated focal cortical dysplasia type II|Hereditary cancer-predisposing syndrome|Tuberous sclerosis syndrome|TSC1-related disorder,605284
TSC1,not provided|Tuberous sclerosis 1,605284
SCN9A,"not specified|Generalized epilepsy with febrile seizures plus, type 7;Neuropathy, hereditary sensory and autonomic, type 2A|not provided",603415
SCN9A,"Primary erythromelalgia|Inherited Erythromelalgia|not specified|Paroxysmal extreme pain disorder|Channelopathy-associated congenital insensitivity to pain, autosomal recessive|not provided|Generalized epilepsy with febrile seizures plus, type 7;Neuropathy, hereditary sensory and autonomic, type 2A|Inborn genetic diseases",603415
PLCB1,"not provided|Developmental and epileptic encephalopathy, 12|Inborn genetic diseases|PLCB1-related disorder",607120
SCN1A,"not specified|Migraine, familial hemiplegic, 3|Epilepsy|Developmental and epileptic encephalopathy|Generalized epilepsy with febrile seizures plus, type 2|Inborn genetic diseases|not provided",182389
SCN1A,not specified|Developmental and epileptic encephalopathy|not provided|Inborn genetic diseases,182389
SCN9A,"not specified|Inherited Erythromelalgia|Primary erythromelalgia|Channelopathy-associated congenital insensitivity to pain, autosomal recessive|Paroxysmal extreme pain disorder|not provided|Generalized epilepsy with febrile seizures plus, type 7;Neuropathy, hereditary sensory and autonomic, type 2A",603415
SCN8A,"not specified|Early Infantile Epileptic Encephalopathy, Autosomal Dominant|not provided|Developmental and epileptic encephalopathy|Inborn genetic diseases",600702
SCN2A,"Developmental and epileptic encephalopathy, 11|not provided|Epileptic encephalopathy|Complex neurodevelopmental disorder|Seizure|Developmental and epileptic encephalopathy, 11;Seizures, benign familial infantile, 3|Developmental and epileptic encephalopathy;West syndrome",182390
GABRA1,"not specified|Epilepsy, childhood absence 4;Epilepsy, idiopathic generalized, susceptibility to, 13;Idiopathic generalized epilepsy|not provided|GABRA1-related disorder|Inborn genetic diseases",137160
PCDH19,"not specified|not provided|Developmental and epileptic encephalopathy, 9",300460
SCN3A,"not specified|not provided|SCN3A-related disorder|Developmental and epileptic encephalopathy, 62;Epilepsy, familial focal, with variable foci 4",182391
TSC2,not provided|Tuberous sclerosis 2,191092
TSC2,not specified|Hereditary cancer-predisposing syndrome|not provided|Tuberous sclerosis 2|TSC2-related disorder|Tuberous sclerosis syndrome,191092
TSC2,not specified|Hereditary cancer-predisposing syndrome|Tuberous sclerosis 2|not provided,191092
GABRA1,"Epilepsy, childhood absence 4;Epilepsy, idiopathic generalized, susceptibility to, 13;Idiopathic generalized epilepsy|not provided|Developmental and epileptic encephalopathy, 19",137160
SCN1A,"Severe myoclonic epilepsy in infancy|not provided|Severe myoclonic epilepsy in infancy;Migraine, familial hemiplegic, 3;Generalized epilepsy with febrile seizures plus, type 2|Generalized epilepsy with febrile seizures plus, type 2|Seizure;Autism;Global developmental delay|Developmental and epileptic encephalopathy|Focal impaired awareness seizure|Migraine, familial hemiplegic, 3|Severe myoclonic epilepsy in infancy;Migraine, familial hemiplegic, 3;Developmental and epileptic encephalopathy 6B;Generalized epilepsy with febrile seizures plus, type 2|See cases|Developmental and epileptic encephalopathy, 76|Seizure",182389
TBC1D24,"not specified|not provided|Caused by mutation in the TBC1 domain family, member 24;Autosomal dominant nonsyndromic hearing loss 65;Developmental and epileptic encephalopathy, 1|Familial infantile myoclonic epilepsy|Inborn genetic diseases",613577
MECP2,not provided|Severe neonatal-onset encephalopathy with microcephaly|Inborn genetic diseases|Rett syndrome,300005
SLC2A1,"not provided|GLUT1 deficiency syndrome 1, autosomal recessive|Encephalopathy due to GLUT1 deficiency|Encephalopathy due to GLUT1 deficiency;Epilepsy, idiopathic generalized, susceptibility to, 12",138140
SCN3A,not provided|Inborn genetic diseases,182391
ARX,"Intellectual disability, X-linked, with or without seizures, ARX-related;Developmental and epileptic encephalopathy, 1|not provided|Inborn genetic diseases",300382
ARX,not provided|Inborn genetic diseases,300382
PRRT2,not specified|Episodic kinesigenic dyskinesia|not provided|Inborn genetic diseases,614386
GABRG2,"not provided|EPILEPSY, CHILDHOOD ABSENCE, SUSCEPTIBILITY TO, 2;Febrile seizures, familial, 8",137164
KCNQ2,"Developmental and epileptic encephalopathy, 7|not provided|Seizure|Developmental and epileptic encephalopathy",602235
KCNQ2,"not provided|Seizure|Developmental and epileptic encephalopathy|Developmental and epileptic encephalopathy, 7",602235
TSC2,not provided|Tuberous sclerosis 2|Hereditary cancer-predisposing syndrome|Tuberous sclerosis syndrome,191092
PCDH19,"Developmental and epileptic encephalopathy, 9|not specified|not provided|Inborn genetic diseases|PCDH19-related disorder",300460
SCN9A,"not provided|Generalized epilepsy with febrile seizures plus, type 7;Neuropathy, hereditary sensory and autonomic, type 2A|not specified|SCN9A-related disorder",603415
SCN9A,"not provided|not specified|Generalized epilepsy with febrile seizures plus, type 7;Neuropathy, hereditary sensory and autonomic, type 2A|6 conditions|Neuropathy, hereditary sensory and autonomic, type 2A|Primary erythromelalgia|Channelopathy-associated congenital insensitivity to pain, autosomal recessive|Paroxysmal extreme pain disorder|Inborn genetic diseases|Generalized epilepsy with febrile seizures plus, type 7|Channelopathy-associated congenital insensitivity to pain, autosomal recessive;Paroxysmal extreme pain disorder;Primary erythromelalgia",603415
STXBP1,"not provided|Developmental and epileptic encephalopathy, 4|7 conditions|Infantile epilepsy syndrome|Intellectual disability|Developmental and epileptic encephalopathy",602926
SLC2A1,"not provided|GLUT1 deficiency syndrome 1, autosomal recessive|Epilepsy, idiopathic generalized, susceptibility to, 12|Inborn genetic diseases|Dystonia 9|Hereditary cryohydrocytosis with reduced stomatin|Encephalopathy due to GLUT1 deficiency|Childhood onset GLUT1 deficiency syndrome 2|Parkinsonian disorder",138140
KCNQ2,"not provided|Developmental and epileptic encephalopathy, 7|Developmental and epileptic encephalopathy|Complex neurodevelopmental disorder|KCNQ2-related disorder",602235
STXBP1,not provided|Developmental and epileptic encephalopathy,602926
SLC2A1,"not specified|Dystonic disorder|GLUT1 deficiency syndrome|not provided|GLUT1 deficiency syndrome 1, autosomal recessive|Inborn genetic diseases",138140
SLC2A1,"not provided|Dystonia 9|GLUT1 deficiency syndrome 1, autosomal recessive|Encephalopathy due to GLUT1 deficiency",138140
GABRA1,"Epilepsy, childhood absence 4;Epilepsy, idiopathic generalized, susceptibility to, 13;Idiopathic generalized epilepsy|not provided",137160
SLC2A1,"not provided|GLUT1 deficiency syndrome|GLUT1 deficiency syndrome 1, autosomal recessive|Dystonia 9;Encephalopathy due to GLUT1 deficiency;Childhood onset GLUT1 deficiency syndrome 2;Epilepsy, idiopathic generalized, susceptibility to, 12;Hereditary cryohydrocytosis with reduced stomatin|Childhood onset GLUT1 deficiency syndrome 2|Encephalopathy due to GLUT1 deficiency|Inborn genetic diseases|Dystonia 9|SLC2A1-related disorder",138140
SLC2A1,"not specified|Hereditary cryohydrocytosis with reduced stomatin|not provided|Hereditary cryohydrocytosis with reduced stomatin;Childhood onset GLUT1 deficiency syndrome 2;Dystonia 9;Encephalopathy due to GLUT1 deficiency;Epilepsy, idiopathic generalized, susceptibility to, 12|GLUT1 deficiency syndrome 1, autosomal recessive|Epilepsy, idiopathic generalized, susceptibility to, 12|Inborn genetic diseases",138140
SLC2A1,"not provided|Epilepsy, idiopathic generalized, susceptibility to, 12|Hereditary cryohydrocytosis with reduced stomatin|Encephalopathy due to GLUT1 deficiency|Childhood onset GLUT1 deficiency syndrome 2|Dystonia 9|GLUT1 deficiency syndrome 1, autosomal recessive",138140
KCNQ2,"not provided|Seizures, benign familial neonatal, 1;Developmental and epileptic encephalopathy, 7",602235
GABRA1,not provided,137160
STXBP1,"not provided|Developmental and epileptic encephalopathy, 4;Cerebellar vermis hypoplasia|Developmental and epileptic encephalopathy, 4|Developmental and epileptic encephalopathy|Congenital cerebellar hypoplasia|Infantile epilepsy syndrome",602926
CDKL5,"not provided|not specified|Angelman syndrome-like;Developmental and epileptic encephalopathy, 2|CDKL5 disorder|Developmental and epileptic encephalopathy, 2",300203
SLC2A1,Encephalopathy due to GLUT1 deficiency|Intellectual disability|Childhood onset GLUT1 deficiency syndrome 2,138140
SCN9A,"Channelopathy-associated congenital insensitivity to pain, autosomal recessive|Generalized epilepsy with febrile seizures plus, type 7|Generalized epilepsy with febrile seizures plus, type 7;Neuropathy, hereditary sensory and autonomic, type 2A",603415
SLC2A1,"not provided|GLUT1 deficiency syndrome 1, autosomal recessive|Childhood onset GLUT1 deficiency syndrome 2|Epilepsy, idiopathic generalized, susceptibility to, 12|Hereditary cryohydrocytosis with reduced stomatin|Encephalopathy due to GLUT1 deficiency|Dystonia 9",138140
SLC2A1,"not provided|GLUT1 deficiency syndrome 1, autosomal recessive|Hereditary cryohydrocytosis with reduced stomatin|Encephalopathy due to GLUT1 deficiency|Childhood onset GLUT1 deficiency syndrome 2|Dystonia 9|Epilepsy, idiopathic generalized, susceptibility to, 12|Inborn genetic diseases",138140
SLC2A1,"not provided|GLUT1 deficiency syndrome 1, autosomal recessive|Childhood onset GLUT1 deficiency syndrome 2|Epilepsy, idiopathic generalized, susceptibility to, 12|Encephalopathy due to GLUT1 deficiency|Dystonia 9|Hereditary cryohydrocytosis with reduced stomatin",138140
SLC2A1,"not specified|not provided|GLUT1 deficiency syndrome 1, autosomal recessive|Encephalopathy due to GLUT1 deficiency|Hereditary cryohydrocytosis with reduced stomatin|Childhood onset GLUT1 deficiency syndrome 2|Dystonia 9|Epilepsy, idiopathic generalized, susceptibility to, 12",138140
SLC2A1,"not provided|GLUT1 deficiency syndrome 1, autosomal recessive|Hereditary cryohydrocytosis with reduced stomatin|Childhood onset GLUT1 deficiency syndrome 2|Dystonia 9|Epilepsy, idiopathic generalized, susceptibility to, 12|Encephalopathy due to GLUT1 deficiency",138140
SLC2A1,"GLUT1 deficiency syndrome 1, autosomal recessive|not provided|Inborn genetic diseases|Dystonia 9|Encephalopathy due to GLUT1 deficiency",138140
SLC2A1,"GLUT1 deficiency syndrome 1, autosomal recessive",138140
SLC2A1,"not provided|Encephalopathy due to GLUT1 deficiency|Hereditary cryohydrocytosis with reduced stomatin|Childhood onset GLUT1 deficiency syndrome 2|Dystonia 9|Epilepsy, idiopathic generalized, susceptibility to, 12",138140
SLC2A1,"not provided|GLUT1 deficiency syndrome 1, autosomal recessive|Hereditary cryohydrocytosis with reduced stomatin|Childhood onset GLUT1 deficiency syndrome 2|Encephalopathy due to GLUT1 deficiency|Dystonia 9|Epilepsy, idiopathic generalized, susceptibility to, 12",138140
SLC2A1,"not provided|See cases|GLUT1 deficiency syndrome 1, autosomal recessive|SLC2A1-related disorder",138140
SLC2A1,"not provided|Epilepsy;intellectual deficiency;Microcephaly|Inborn genetic diseases|Encephalopathy due to GLUT1 deficiency|GLUT1 deficiency syndrome 1, autosomal recessive|Childhood onset GLUT1 deficiency syndrome 2|Dystonia 9;Encephalopathy due to GLUT1 deficiency;Childhood onset GLUT1 deficiency syndrome 2;Hereditary cryohydrocytosis with reduced stomatin",138140
SLC2A1,"not provided|Dystonia 9|SLC2A1-related disorder|GLUT1 deficiency syndrome 1, autosomal recessive|Encephalopathy due to GLUT1 deficiency",138140
SLC2A1,"not provided|GLUT1 deficiency syndrome 1, autosomal recessive|Hereditary cryohydrocytosis with reduced stomatin|Inborn genetic diseases|not specified|Encephalopathy due to GLUT1 deficiency|Childhood onset GLUT1 deficiency syndrome 2|Dystonia 9|Epilepsy, idiopathic generalized, susceptibility to, 12",138140
SLC2A1,"Dystonia 9|GLUT1 deficiency syndrome 1, autosomal recessive|Encephalopathy due to GLUT1 deficiency|not provided|Inborn genetic diseases",138140
SLC2A1,"not provided|Encephalopathy due to GLUT1 deficiency|GLUT1 deficiency syndrome 1, autosomal recessive|GLUT1 deficiency syndrome|Intellectual disability",138140
SLC2A1,not provided|See cases,138140
SLC2A1,"GLUT1 deficiency syndrome 1, autosomal recessive|not provided|Dystonia 9;Epilepsy, idiopathic generalized, susceptibility to, 12;Encephalopathy due to GLUT1 deficiency;Childhood onset GLUT1 deficiency syndrome 2;Hereditary cryohydrocytosis with reduced stomatin",138140
SLC2A1,"not provided|Dystonia 9;Encephalopathy due to GLUT1 deficiency;Childhood onset GLUT1 deficiency syndrome 2;Epilepsy, idiopathic generalized, susceptibility to, 12;Hereditary cryohydrocytosis with reduced stomatin|GLUT1 deficiency syndrome 1, autosomal recessive|Encephalopathy due to GLUT1 deficiency|Childhood onset GLUT1 deficiency syndrome 2",138140
SLC2A1,not provided|Encephalopathy due to GLUT1 deficiency|Intellectual disability,138140
SLC2A1,"Dystonia 9|GLUT1 deficiency syndrome 1, autosomal recessive|Encephalopathy due to GLUT1 deficiency|Epilepsy, idiopathic generalized, susceptibility to, 12;Hereditary cryohydrocytosis with reduced stomatin;Encephalopathy due to GLUT1 deficiency;Childhood onset GLUT1 deficiency syndrome 2|SLC2A1-related disorder|not provided",138140
SLC2A1,"not specified|Hereditary cryohydrocytosis with reduced stomatin|Childhood onset GLUT1 deficiency syndrome 2|Epilepsy, idiopathic generalized, susceptibility to, 12|GLUT1 deficiency syndrome 1, autosomal recessive|Encephalopathy due to GLUT1 deficiency|Dystonia 9",138140
SLC2A1,"Encephalopathy due to GLUT1 deficiency|Dystonia 9|not provided|GLUT1 deficiency syndrome 1, autosomal recessive|not specified",138140
SLC2A1,"not specified|not provided|Dystonia 9|Childhood onset GLUT1 deficiency syndrome 2|Encephalopathy due to GLUT1 deficiency|GLUT1 deficiency syndrome 1, autosomal recessive|Hereditary cryohydrocytosis with reduced stomatin|Epilepsy, idiopathic generalized, susceptibility to, 12",138140
SLC2A1,"not provided|GLUT1 deficiency syndrome 1, autosomal recessive|Epilepsy, idiopathic generalized, susceptibility to, 12|Dystonia 9|Hereditary cryohydrocytosis with reduced stomatin|Encephalopathy due to GLUT1 deficiency|Childhood onset GLUT1 deficiency syndrome 2",138140
SLC2A1,"not provided|Encephalopathy due to GLUT1 deficiency|Dystonia 9|Hereditary cryohydrocytosis with reduced stomatin|GLUT1 deficiency syndrome 1, autosomal recessive|Childhood onset GLUT1 deficiency syndrome 2|Epilepsy, idiopathic generalized, susceptibility to, 12",138140
SLC2A1,"not provided|Dystonia 9|GLUT1 deficiency syndrome 1, autosomal recessive|Encephalopathy due to GLUT1 deficiency|not specified",138140
SLC2A1,"not provided|GLUT1 deficiency syndrome 1, autosomal recessive|Childhood onset GLUT1 deficiency syndrome 2|Epilepsy, idiopathic generalized, susceptibility to, 12|Dystonia 9|not specified|Hereditary cryohydrocytosis with reduced stomatin|Encephalopathy due to GLUT1 deficiency",138140
SLC2A1,"not provided|Dystonia 9;Epilepsy, idiopathic generalized, susceptibility to, 12;Hereditary cryohydrocytosis with reduced stomatin;Encephalopathy due to GLUT1 deficiency;Childhood onset GLUT1 deficiency syndrome 2|Encephalopathy due to GLUT1 deficiency",138140
SLC2A1,"not specified|Hereditary cryohydrocytosis with reduced stomatin|GLUT1 deficiency syndrome 1, autosomal recessive|Encephalopathy due to GLUT1 deficiency|Childhood onset GLUT1 deficiency syndrome 2|Dystonia 9|Epilepsy, idiopathic generalized, susceptibility to, 12",138140
SLC2A1,"not specified|Encephalopathy due to GLUT1 deficiency|Dystonia 9|Childhood onset GLUT1 deficiency syndrome 2|Hereditary cryohydrocytosis with reduced stomatin|Epilepsy, idiopathic generalized, susceptibility to, 12",138140
SCN2A,"Seizures, benign familial infantile, 3;Developmental and epileptic encephalopathy, 11|not provided",182390
SCN2A,"not provided|Developmental and epileptic encephalopathy, 11;Seizures, benign familial infantile, 3|Inborn genetic diseases",182390
SCN2A,"Seizures, benign familial infantile, 3|Developmental and epileptic encephalopathy, 11;Seizures, benign familial infantile, 3|SCN2A-related disorder|not provided|Inborn genetic diseases|Complex neurodevelopmental disorder|not specified",182390
SCN2A,"not specified|Seizures, benign familial infantile, 3|not provided|Developmental and epileptic encephalopathy, 11;Seizures, benign familial infantile, 3|SCN2A-related disorder|Inborn genetic diseases",182390
SCN2A,"not provided|Developmental and epileptic encephalopathy, 11;Seizures, benign familial infantile, 3|Complex neurodevelopmental disorder",182390
SCN2A,"Developmental and epileptic encephalopathy, 11|Seizures, benign familial infantile, 3;Developmental and epileptic encephalopathy, 11",182390
SCN2A,"not provided|Seizures, benign familial infantile, 3;Developmental and epileptic encephalopathy, 11|Inborn genetic diseases",182390
SCN2A,"not provided|Seizures, benign familial infantile, 3;Developmental and epileptic encephalopathy, 11|Inborn genetic diseases|Developmental disorder|Complex neurodevelopmental disorder|Autism",182390
SCN2A,"Developmental and epileptic encephalopathy, 11;Seizures, benign familial infantile, 3",182390
SCN2A,"not provided|Seizures, benign familial infantile, 3;Developmental and epileptic encephalopathy, 11",182390
SCN2A,"not specified|Seizures, benign familial infantile, 3;Developmental and epileptic encephalopathy, 11|not provided|Inborn genetic diseases",182390
SCN2A,"Developmental and epileptic encephalopathy, 11;Seizures, benign familial infantile, 3|Inborn genetic diseases|not provided|SCN2A-related disorder",182390
SCN2A,"not provided|Seizures, benign familial infantile, 3|Inborn genetic diseases|not specified|Seizures, benign familial infantile, 3;Developmental and epileptic encephalopathy, 11",182390
SCN2A,"not provided|Seizures, benign familial infantile, 3|Seizures, benign familial infantile, 3;Developmental and epileptic encephalopathy, 11",182390
SCN2A,"not provided|Developmental and epileptic encephalopathy, 11|Complex neurodevelopmental disorder|Seizures, benign familial infantile, 3;Developmental and epileptic encephalopathy, 11",182390
SCN2A,"not provided|Seizures, benign familial infantile, 3;Developmental and epileptic encephalopathy, 11|Developmental and epileptic encephalopathy",182390
SCN2A,"Developmental and epileptic encephalopathy, 11;Seizures, benign familial infantile, 3|Developmental and epileptic encephalopathy, 11|Inborn genetic diseases|not provided",182390
SCN2A,"Developmental and epileptic encephalopathy, 11|Developmental and epileptic encephalopathy, 11;Seizures, benign familial infantile, 3",182390
SCN2A,"not provided|Inborn genetic diseases|Seizures, benign familial infantile, 3;Developmental and epileptic encephalopathy, 11",182390
SCN2A,"Developmental and epileptic encephalopathy, 11;Seizures, benign familial infantile, 3|not provided|Complex neurodevelopmental disorder|not specified",182390
SCN2A,"Seizures, benign familial infantile, 3|Developmental and epileptic encephalopathy, 11;Seizures, benign familial infantile, 3|not specified|not provided|Inborn genetic diseases",182390
SCN2A,"not provided|Developmental and epileptic encephalopathy, 11|Seizures, benign familial infantile, 3;Developmental and epileptic encephalopathy, 11|SCN2A-related disorder",182390
SCN2A,"not provided|Seizures, benign familial infantile, 3|Seizures, benign familial infantile, 3;Developmental and epileptic encephalopathy, 11|Inborn genetic diseases",182390
SCN2A,"not specified|not provided|Inborn genetic diseases|Developmental and epileptic encephalopathy, 11;Seizures, benign familial infantile, 3",182390
SCN2A,"not provided|Seizures, benign familial infantile, 3;Developmental and epileptic encephalopathy, 11|Developmental and epileptic encephalopathy, 11",182390
SCN2A,"not provided|Seizures, benign familial infantile, 3;Developmental and epileptic encephalopathy, 11|Uterine corpus endometrial carcinoma",182390
SCN2A,"not specified|Inborn genetic diseases|Seizures, benign familial infantile, 3;Developmental and epileptic encephalopathy, 11",182390
SCN2A,"not provided|Seizures, benign familial infantile, 3;Developmental and epileptic encephalopathy, 11|Developmental and epileptic encephalopathy|Complex neurodevelopmental disorder",182390
SCN2A,"not provided|Inborn genetic diseases|Complex neurodevelopmental disorder|Seizures, benign familial infantile, 3;Developmental and epileptic encephalopathy, 11",182390
SCN2A,"not provided|Seizures, benign familial infantile, 3;Developmental and epileptic encephalopathy, 11|Seizures, benign familial infantile, 3;Episodic ataxia, type 9;Developmental and epileptic encephalopathy, 11",182390
SCN2A,"not provided|Seizures, benign familial infantile, 3;Developmental and epileptic encephalopathy, 11|Complex neurodevelopmental disorder|Developmental and epileptic encephalopathy, 11",182390
SCN2A,"not provided|Developmental and epileptic encephalopathy, 11|Seizure;Hereditary episodic ataxia;Vertigo|Inborn genetic diseases",182390
SCN2A,"not provided|Developmental and epileptic encephalopathy, 11|Developmental and epileptic encephalopathy, 11;Seizures, benign familial infantile, 3|Complex neurodevelopmental disorder|West syndrome|Developmental and epileptic encephalopathy, 30|Epilepsy of infancy with migrating focal seizures|SCN2A-related disorder",182390
SCN2A,"Seizures, benign familial infantile, 3;Developmental and epileptic encephalopathy, 11",182390
SCN2A,"Developmental and epileptic encephalopathy, 11;Seizures, benign familial infantile, 3|Developmental and epileptic encephalopathy, 11|not provided",182390
SCN2A,"not specified|Seizures, benign familial infantile, 3|not provided|Inborn genetic diseases|Developmental and epileptic encephalopathy, 11;Seizures, benign familial infantile, 3|SCN2A-related disorder",182390
SCN2A,"not provided|Developmental and epileptic encephalopathy, 11;Seizures, benign familial infantile, 3|Developmental and epileptic encephalopathy, 11",182390
SCN2A,"not specified|not provided|Developmental and epileptic encephalopathy, 11;Seizures, benign familial infantile, 3|SCN2A-related disorder|Inborn genetic diseases",182390
SCN2A,"not specified|Seizures, benign familial infantile, 3|Developmental and epileptic encephalopathy, 11;Seizures, benign familial infantile, 3|Self-limited epilepsy with centrotemporal spikes|not provided|Episodic ataxia, type 9;Developmental and epileptic encephalopathy, 11;Seizures, benign familial infantile, 3|SCN2A-related disorder|Developmental and epileptic encephalopathy, 11",182390
SCN2A,"not provided|Episodic ataxia, type 9|Seizures, benign familial infantile, 3;Developmental and epileptic encephalopathy, 11",182390
SCN2A,not provided|Epileptic encephalopathy,182390
SCN2A,"not provided|West syndrome|Complex neurodevelopmental disorder|Developmental and epileptic encephalopathy, 11",182390
SCN2A,"not provided|Seizures, benign familial infantile, 3;Developmental and epileptic encephalopathy, 11|West syndrome;Developmental and epileptic encephalopathy",182390
SCN2A,"not provided|Complex neurodevelopmental disorder|Benign familial neonatal-infantile seizures 1;Developmental and epileptic encephalopathy, 11;Seizures, benign familial infantile, 3;SCN2A-related generalized epilepsy with febrile seizures plus",182390
SCN2A,Complex neurodevelopmental disorder,182390
SCN2A,not specified|Complex neurodevelopmental disorder,182390
SCN2A,"Seizures, benign familial infantile, 3;Developmental and epileptic encephalopathy, 11|Complex neurodevelopmental disorder",182390
SCN2A,"not provided|Developmental and epileptic encephalopathy, 11|Seizures, benign familial infantile, 3;Developmental and epileptic encephalopathy, 11|Complex neurodevelopmental disorder|SCN2A-related disorder",182390
SCN2A,"not provided|Seizures, benign familial infantile, 3;Developmental and epileptic encephalopathy, 11|Developmental and epileptic encephalopathy, 11|Complex neurodevelopmental disorder|Developmental and epileptic encephalopathy|Epilepsy of infancy with migrating focal seizures|Seizures, benign familial infantile, 3|Inborn genetic diseases|SCN2A-related generalized epilepsy with febrile seizures plus|Genetic developmental and epileptic encephalopathy",182390
SCN2A,"Episodic ataxia, type 9",182390
SCN2A,"not provided|Developmental and epileptic encephalopathy, 11;Seizures, benign familial infantile, 3|Inborn genetic diseases|Developmental and epileptic encephalopathy, 11|West syndrome|Complex neurodevelopmental disorder|SCN2A-related disorder",182390
SCN2A,"not specified|Seizures, benign familial infantile, 3;Developmental and epileptic encephalopathy, 11|not provided|SCN2A-related disorder|Inborn genetic diseases",182390
SCN2A,"not provided|Episodic ataxia, type 9|Seizures, benign familial infantile, 3|Complex neurodevelopmental disorder|Developmental and epileptic encephalopathy, 11|Developmental and epileptic encephalopathy, 11;Seizures, benign familial infantile, 3",182390
SCN2A,"not specified|Seizures, benign familial infantile, 3|Seizures, benign familial infantile, 3;Developmental and epileptic encephalopathy, 11|Inborn genetic diseases",182390
SCN1A,not provided|Severe myoclonic epilepsy in infancy|Developmental and epileptic encephalopathy|Inborn genetic diseases,182389
SCN1A,"Generalized epilepsy with febrile seizures plus, type 2|Developmental and epileptic encephalopathy",182389
SCN1A,"not provided|Generalized epilepsy with febrile seizures plus, type 2",182389
SCN1A,"not provided|Developmental and epileptic encephalopathy|Inborn genetic diseases|See cases|Migraine, familial hemiplegic, 3|Generalized epilepsy with febrile seizures plus, type 2",182389
SCN1A,"not provided|Developmental and epileptic encephalopathy|Generalized epilepsy with febrile seizures plus, type 2",182389
SCN1A,"not provided|Developmental and epileptic encephalopathy|not specified|Generalized epilepsy with febrile seizures plus, type 2",182389
SCN1A,"not provided|Generalized epilepsy with febrile seizures plus, type 2|Severe myoclonic epilepsy in infancy|Developmental and epileptic encephalopathy 6B|Severe myoclonic epilepsy in infancy;Generalized epilepsy with febrile seizures plus, type 2;Developmental and epileptic encephalopathy 6B|Developmental and epileptic encephalopathy",182389
SCN1A,not provided|Developmental and epileptic encephalopathy|See cases,182389
SCN1A,"not provided|Autosomal dominant epilepsy|Developmental and epileptic encephalopathy|Generalized epilepsy with febrile seizures plus, type 2|Inborn genetic diseases",182389
SCN1A,not provided|SCN1A Seizure Disorders,182389
SCN1A,not provided|Developmental and epileptic encephalopathy|Inborn genetic diseases,182389
SCN1A,not specified|not provided|Severe myoclonic epilepsy in infancy|Developmental and epileptic encephalopathy|SCN1A-related disorder,182389
SCN1A,Developmental and epileptic encephalopathy|not provided|Inborn genetic diseases,182389
SCN1A,"not provided|Developmental and epileptic encephalopathy|Inborn genetic diseases|Generalized epilepsy with febrile seizures plus, type 2",182389
SCN1A,"not provided|Seizure|Migraine, familial hemiplegic, 3|Developmental and epileptic encephalopathy|Severe myoclonic epilepsy in infancy",182389
SCN1A,"not provided|Severe myoclonic epilepsy in infancy|Migraine, familial hemiplegic, 3;Severe myoclonic epilepsy in infancy;Generalized epilepsy with febrile seizures plus, type 2|Developmental and epileptic encephalopathy|Generalized epilepsy with febrile seizures plus, type 2|SCN1A-related disorder",182389
SCN1A,not specified|Developmental and epileptic encephalopathy|Inborn genetic diseases,182389
SCN1A,Developmental and epileptic encephalopathy|Severe myoclonic epilepsy in infancy|SCN1A-related disorder,182389
SCN1A,"not provided|Developmental and epileptic encephalopathy|Migraine, familial hemiplegic, 3|Inborn genetic diseases",182389
SCN1A,"not provided|Severe myoclonic epilepsy in infancy|Inborn genetic diseases|Developmental and epileptic encephalopathy, 6A|Generalized epilepsy with febrile seizures plus, type 2|Developmental and epileptic encephalopathy",182389
SCN1A,not specified|Developmental and epileptic encephalopathy|not provided|Severe myoclonic epilepsy in infancy|Intellectual disability|Inborn genetic diseases,182389
SCN1A,not provided|Severe myoclonic epilepsy in infancy|Developmental and epileptic encephalopathy|Inborn genetic diseases|not specified|SCN1A-related disorder,182389
SCN1A,not provided|Developmental and epileptic encephalopathy|Developmental and epileptic encephalopathy 6B,182389
SCN1A,"not specified|not provided|Generalized epilepsy with febrile seizures plus, type 2|Migraine, familial hemiplegic, 3|Developmental and epileptic encephalopathy|Inborn genetic diseases|Developmental and epileptic encephalopathy 6B;Migraine, familial hemiplegic, 3;Severe myoclonic epilepsy in infancy;Generalized epilepsy with febrile seizures plus, type 2",182389
SCN1A,"not provided|Developmental and epileptic encephalopathy|Developmental and epileptic encephalopathy 6B;Migraine, familial hemiplegic, 3;Severe myoclonic epilepsy in infancy;Generalized epilepsy with febrile seizures plus, type 2",182389
SCN1A,"not provided|Generalized epilepsy with febrile seizures plus, type 2|Developmental and epileptic encephalopathy|Migraine, familial hemiplegic, 3",182389
SCN1A,not provided|Severe myoclonic epilepsy in infancy|Developmental and epileptic encephalopathy|Developmental and epileptic encephalopathy 6B,182389
SCN1A,not provided|7 conditions|Developmental and epileptic encephalopathy|Inborn genetic diseases|SCN1A-related disorder|Epilepsy,182389
SCN1A,"not provided|Developmental and epileptic encephalopathy|Severe myoclonic epilepsy in infancy|Generalized epilepsy with febrile seizures plus, type 2",182389
SCN1A,not provided|Developmental and epileptic encephalopathy 6B,182389
SCN1A,"not provided|Migraine, familial hemiplegic, 3|Epilepsy|Developmental and epileptic encephalopathy|Generalized epilepsy with febrile seizures plus, type 2",182389
SCN1A,not provided|Developmental and epileptic encephalopathy|Inborn genetic diseases|SCN1A-related disorder,182389
SCN1A,"not provided|Generalized epilepsy with febrile seizures plus, type 2|Developmental and epileptic encephalopathy|Migraine, familial hemiplegic, 3|Severe myoclonic epilepsy in infancy",182389
SCN1A,"Migraine, familial hemiplegic, 3|Epilepsy|Developmental and epileptic encephalopathy|Generalized epilepsy with febrile seizures plus, type 2|not provided|not specified|Inborn genetic diseases",182389
SCN1A,not provided|Intellectual disability|Developmental and epileptic encephalopathy|Severe myoclonic epilepsy in infancy|Developmental and epileptic encephalopathy 6B,182389
SCN1A,Sudden unexplained death in childhood,182389
SCN1A,"not provided|Developmental and epileptic encephalopathy 6B;Migraine, familial hemiplegic, 3;Severe myoclonic epilepsy in infancy;Generalized epilepsy with febrile seizures plus, type 2",182389
SCN1A,"not provided|Developmental and epileptic encephalopathy|Developmental and epileptic encephalopathy 6B;Migraine, familial hemiplegic, 3;Severe myoclonic epilepsy in infancy;Generalized epilepsy with febrile seizures plus, type 2|Generalized epilepsy with febrile seizures plus, type 2|SCN1A-related disorder",182389
SCN1A,not specified|not provided|Developmental and epileptic encephalopathy|Inborn genetic diseases,182389
ALDH7A1,not provided|Pyridoxine-dependent epilepsy|Inborn genetic diseases,107323
ALDH7A1,not provided,107323
ALDH7A1,not provided|Pyridoxine-dependent epilepsy|not specified,107323
ALDH7A1,Inborn genetic diseases,107323
ALDH7A1,not specified,107323
ALDH7A1,Pyridoxine-dependent epilepsy|Inborn genetic diseases|not provided,107323
ALDH7A1,not specified|Pyridoxine-dependent epilepsy|not provided,107323
ALDH7A1,not provided|not specified,107323
ALDH7A1,not provided|Inborn genetic diseases|Pyridoxine-dependent epilepsy,107323
ALDH7A1,not provided|Pyridoxine-dependent epilepsy|Inborn genetic diseases|ALDH7A1-related disorder,107323
ALDH7A1,not provided|Pyridoxine-dependent epilepsy|Inborn genetic diseases|not specified,107323
ALDH7A1,not specified|Pyridoxine-dependent epilepsy|not provided|Inborn genetic diseases,107323
ALDH7A1,not provided|Pyridoxine-dependent epilepsy|Intractable seizure|Inborn genetic diseases,107323
ALDH7A1,not provided|ALDH7A1-related disorder|Pyridoxine-dependent epilepsy,107323
GABRA1,Juvenile myoclonic epilepsy|not provided|GABRA1-related disorder|not specified,137160
GABRA1,"not specified|Epilepsy, idiopathic generalized, susceptibility to, 13;Idiopathic generalized epilepsy;Epilepsy, childhood absence 4",137160
GABRA1,"not provided|Epilepsy, childhood absence 4;Epilepsy, idiopathic generalized, susceptibility to, 13;Idiopathic generalized epilepsy|Inborn genetic diseases",137160
GABRA1,"Epilepsy, childhood absence 4;Epilepsy, idiopathic generalized, susceptibility to, 13;Idiopathic generalized epilepsy",137160
GABRA1,"not provided|Epilepsy, idiopathic generalized, susceptibility to, 13;Developmental and epileptic encephalopathy, 19|Epilepsy, idiopathic generalized, susceptibility to, 13;Idiopathic generalized epilepsy;Epilepsy, childhood absence 4",137160
GABRA1,"not provided|Epilepsy, idiopathic generalized, susceptibility to, 13;Idiopathic generalized epilepsy;Epilepsy, childhood absence 4|Developmental and epileptic encephalopathy, 19",137160
GABRA1,"not provided|Inborn genetic diseases|Developmental and epileptic encephalopathy, 19|Epilepsy, idiopathic generalized, susceptibility to, 13;Idiopathic generalized epilepsy;Epilepsy, childhood absence 4",137160
GABRG2,"EPILEPSY, CHILDHOOD ABSENCE, SUSCEPTIBILITY TO, 2;Febrile seizures, familial, 8|GABRG2-related disorder|not provided|Inborn genetic diseases",137164
GABRG2,"not specified|EPILEPSY, CHILDHOOD ABSENCE, SUSCEPTIBILITY TO, 2|EPILEPSY, CHILDHOOD ABSENCE, SUSCEPTIBILITY TO, 2;Febrile seizures, familial, 8",137164
GABRG2,"not provided|EPILEPSY, CHILDHOOD ABSENCE, SUSCEPTIBILITY TO, 2;Febrile seizures, familial, 8|Developmental and epileptic encephalopathy, 74|Inborn genetic diseases|Developmental and epileptic encephalopathy, 74;Febrile seizures, familial, 8",137164
GABRG2,"Lennox-Gastaut syndrome|EPILEPSY, CHILDHOOD ABSENCE, SUSCEPTIBILITY TO, 2;Febrile seizures, familial, 8",137164
GABRG2,"Febrile seizures, familial, 8;EPILEPSY, CHILDHOOD ABSENCE, SUSCEPTIBILITY TO, 2|Febrile seizures, familial, 8;Developmental and epileptic encephalopathy, 74|Seizure",137164
GABRG2,"not provided|Self-limited epilepsy with centrotemporal spikes|EPILEPSY, CHILDHOOD ABSENCE, SUSCEPTIBILITY TO, 2;Febrile seizures, familial, 8",137164
GABRG2,"Inborn genetic diseases|EPILEPSY, CHILDHOOD ABSENCE, SUSCEPTIBILITY TO, 2;Febrile seizures, familial, 8",137164
GABRG2,not specified|not provided|GABRG2-related disorder,137164
GABRG2,not provided|Inborn genetic diseases,137164
GABRG2,"Developmental and epileptic encephalopathy, 74|Developmental and epileptic encephalopathy, 74;EPILEPSY, CHILDHOOD ABSENCE, SUSCEPTIBILITY TO, 2|EPILEPSY, CHILDHOOD ABSENCE, SUSCEPTIBILITY TO, 2;Febrile seizures, familial, 8",137164
GABRG2,"EPILEPSY, CHILDHOOD ABSENCE, SUSCEPTIBILITY TO, 2|EPILEPSY, CHILDHOOD ABSENCE, SUSCEPTIBILITY TO, 2;Febrile seizures, familial, 8|not provided|not specified",137164
GABRG2,"EPILEPSY, CHILDHOOD ABSENCE, SUSCEPTIBILITY TO, 2;Febrile seizures, familial, 8|Developmental and epileptic encephalopathy, 74;Febrile seizures, familial, 8|Intellectual disability|Febrile seizures, familial, 8|not provided",137164
GABRG2,"EPILEPSY, CHILDHOOD ABSENCE, SUSCEPTIBILITY TO, 2;Febrile seizures, familial, 8|not provided",137164
GABRG2,"not provided|EPILEPSY, CHILDHOOD ABSENCE, SUSCEPTIBILITY TO, 2;Febrile seizures, familial, 8|Inborn genetic diseases",137164
GABRG2,"not specified|EPILEPSY, CHILDHOOD ABSENCE, SUSCEPTIBILITY TO, 2;Febrile seizures, familial, 8|not provided|EPILEPSY, CHILDHOOD ABSENCE, SUSCEPTIBILITY TO, 2|Inborn genetic diseases|GABRG2-related disorder",137164
KCNQ3,not specified|Benign neonatal seizures|not provided|Inborn genetic diseases,602232
KCNQ3,not provided|Benign neonatal seizures|not specified,602232
KCNQ3,"Seizures, benign familial neonatal, 2|Benign neonatal seizures|not provided|Inborn genetic diseases",602232
KCNQ3,"Benign neonatal seizures|Seizures, benign familial neonatal, 2|Self-limited epilepsy with centrotemporal spikes|not provided|Inborn genetic diseases|KCNQ3-related disorder",602232
KCNQ3,not provided|Benign neonatal seizures|Inborn genetic diseases,602232
KCNQ3,"Benign neonatal seizures|Seizures, benign familial neonatal, 2|not provided|Inborn genetic diseases",602232
KCNQ3,"not specified|Benign neonatal seizures|Benign Neonatal Epilepsy|Seizures, benign familial neonatal, 2|not provided|Inborn genetic diseases",602232
KCNQ3,not provided|Inborn genetic diseases,602232
KCNQ3,"not specified|Benign neonatal seizures|Self-limited epilepsy with centrotemporal spikes|not provided|Seizures, benign familial neonatal, 2|Inborn genetic diseases",602232
KCNQ3,"not provided|Inborn genetic diseases|Benign neonatal seizures|Seizures, benign familial neonatal, 2",602232
KCNQ3,not provided|Intellectual disability;Seizure|Benign neonatal seizures,602232
KCNQ3,"not provided|Seizures, benign familial neonatal, 2|not specified",602232
KCNQ3,"not specified|Seizures, benign familial neonatal, 2|Benign neonatal seizures",602232
KCNQ3,"Seizures, benign familial neonatal, 2|not provided|Benign neonatal seizures",602232
KCNQ3,"not provided|Benign neonatal seizures|Seizures, benign familial neonatal, 2",602232
KCNQ3,Benign neonatal seizures|not provided|Intellectual disability,602232
KCNQ3,"Benign neonatal seizures|not provided|Seizures, benign familial neonatal, 2",602232
KCNQ3,"not provided|Seizures, benign familial neonatal, 2|Seizures, benign familial infantile, 5|Severe neurodevelopmental delay|Benign neonatal seizures|Benign neonatal seizures;Intellectual disability;Lennox-Gastaut syndrome|Intellectual disability|KCNQ3-related developmental disability|KCNQ3-related Autism and developmental disability|Intellectual disability, severe|Neurodevelopmental disorder|Inborn genetic diseases",602232
KCNQ3,not provided|Benign neonatal seizures|Inborn genetic diseases|KCNQ3-related disorder,602232
KCNQ3,not specified|Benign neonatal seizures|Inborn genetic diseases|not provided,602232
KCNQ3,Inborn genetic diseases,602232
KCNQ3,not specified|Benign neonatal seizures|Inborn genetic diseases,602232
KCNQ3,not specified,602232
STXBP1,not provided|Infantile epilepsy syndrome,602926
STXBP1,not specified,602926
STXBP1,not provided,602926
STXBP1,"Early onset epileptic encephalopathy|not specified|Developmental and epileptic encephalopathy, 4",602926
STXBP1,not specified|Developmental and epileptic encephalopathy|STXBP1-related disorder,602926
STXBP1,Infantile epilepsy syndrome|Developmental and epileptic encephalopathy,602926
STXBP1,not specified|not provided|Developmental and epileptic encephalopathy|Inborn genetic diseases|STXBP1-related disorder,602926
STXBP1,Developmental and epileptic encephalopathy|not provided|Inborn genetic diseases|STXBP1-related disorder,602926
STXBP1,"not provided|Intellectual disability;Seizure|Developmental and epileptic encephalopathy|Developmental and epileptic encephalopathy, 4|Intellectual disability|See cases",602926
STXBP1,"not provided|Developmental and epileptic encephalopathy, 4|Developmental and epileptic encephalopathy|Infantile epilepsy syndrome|Neurodevelopmental delay",602926
STXBP1,"not provided|Developmental and epileptic encephalopathy|Photosensitive tonic-clonic seizure;Neurodegeneration;Autism;Intellectual disability, severe|Developmental and epileptic encephalopathy, 4|Inborn genetic diseases",602926
STXBP1,"Developmental and epileptic encephalopathy|Inborn genetic diseases|Developmental and epileptic encephalopathy, 4",602926
STXBP1,"not provided|Developmental and epileptic encephalopathy, 4|Developmental and epileptic encephalopathy|Infantile epilepsy syndrome|STXBP1-related disorder",602926
STXBP1,"Developmental and epileptic encephalopathy, 4|Neurodevelopmental disorder",602926
STXBP1,not specified|Developmental and epileptic encephalopathy|not provided,602926
STXBP1,Developmental and epileptic encephalopathy|Inborn genetic diseases,602926
STXBP1,"not provided|Developmental and epileptic encephalopathy|Developmental and epileptic encephalopathy, 4|Inborn genetic diseases|Infantile epilepsy syndrome",602926
STXBP1,"not provided|Infantile epilepsy syndrome|Developmental and epileptic encephalopathy, 4",602926
STXBP1,"not provided|Epileptic encephalopathy|Developmental and epileptic encephalopathy|Intellectual disability|Infantile epilepsy syndrome|Cerebellar ataxia;Moderate global developmental delay;Tremor|Developmental and epileptic encephalopathy, 4",602926
STXBP1,"not provided|Epileptic encephalopathy|Developmental and epileptic encephalopathy|Infantile epilepsy syndrome|Inborn genetic diseases|Developmental and epileptic encephalopathy, 4",602926
STXBP1,"not provided|Developmental and epileptic encephalopathy|Developmental and epileptic encephalopathy, 4",602926
STXBP1,not provided|Developmental and epileptic encephalopathy|Inborn genetic diseases,602926
STXBP1,"not provided|Developmental and epileptic encephalopathy|Developmental and epileptic encephalopathy, 4|Intellectual disability|Inborn genetic diseases",602926
STXBP1,"not specified|Developmental and epileptic encephalopathy|Inborn genetic diseases|Developmental and epileptic encephalopathy, 4",602926
STXBP1,"not provided|Developmental and epileptic encephalopathy, 4",602926
STXBP1,"not provided|Developmental and epileptic encephalopathy|Developmental and epileptic encephalopathy, 4|Infantile epilepsy syndrome|See cases|Developmental disorder|Seizure",602926
STXBP1,"not provided|STXBP1-associated neurodevelopmental disorder|Developmental and epileptic encephalopathy|Infantile epilepsy syndrome|Developmental and epileptic encephalopathy, 4",602926
TSC1,not specified|Tuberous sclerosis 1|Hereditary cancer-predisposing syndrome|Tuberous sclerosis syndrome,605284
TSC1,not provided|Tuberous sclerosis 1|Hereditary cancer-predisposing syndrome|Tuberous sclerosis syndrome,605284
TSC1,Tuberous sclerosis 1|not provided|Hereditary cancer-predisposing syndrome|TSC1-related disorder,605284
TSC1,not specified|Hereditary cancer-predisposing syndrome|Tuberous sclerosis 1|TSC1-related disorder,605284
TSC1,not provided|Hereditary cancer-predisposing syndrome|Tuberous sclerosis 1|not specified|Tuberous sclerosis syndrome,605284
TSC1,Isolated focal cortical dysplasia type II|not provided|Hereditary cancer-predisposing syndrome|Tuberous sclerosis 1|TSC1-related disorder|Tuberous sclerosis syndrome|Epilepsy,605284
TSC1,not specified|Hereditary cancer-predisposing syndrome|Tuberous sclerosis 1,605284
TSC1,Tuberous sclerosis 1|Hereditary cancer-predisposing syndrome|not provided|Tuberous sclerosis syndrome|TSC1-related disorder,605284
TSC1,Tuberous sclerosis 1|Hereditary cancer-predisposing syndrome|Tuberous sclerosis syndrome,605284
TSC1,Hereditary cancer-predisposing syndrome|not provided|Tuberous sclerosis 1|Tuberous sclerosis syndrome,605284
TSC1,not specified|Hereditary cancer-predisposing syndrome|Tuberous sclerosis 1|not provided,605284
TSC1,not specified|not provided|Tuberous sclerosis 1,605284
TSC1,not provided|Tuberous sclerosis 1|Hereditary cancer-predisposing syndrome|Ovarian cancer,605284
TSC1,not specified|Tuberous sclerosis 1|Isolated focal cortical dysplasia type II|not provided|Hereditary cancer-predisposing syndrome|Tuberous sclerosis syndrome,605284
TSC1,not specified|not provided|Tuberous sclerosis 1|Tuberous sclerosis syndrome|Hereditary cancer-predisposing syndrome|TSC1-related disorder,605284
TSC1,not provided|Hereditary cancer-predisposing syndrome|Tuberous sclerosis 1|Isolated focal cortical dysplasia type II;Lymphangiomyomatosis;Tuberous sclerosis 1,605284
TSC1,Tuberous sclerosis 1|not provided|Hereditary cancer-predisposing syndrome|Tuberous sclerosis syndrome,605284
TSC1,not provided|Hereditary cancer-predisposing syndrome|Tuberous sclerosis 1|not specified,605284
TSC1,Hereditary cancer-predisposing syndrome|not provided|Tuberous sclerosis 1|Lymphangiomyomatosis;Isolated focal cortical dysplasia type II;Tuberous sclerosis 1,605284
TSC1,not provided|Hereditary cancer-predisposing syndrome|Tuberous sclerosis 1|TSC1-related disorder,605284
TSC1,not specified|Tuberous sclerosis 1|not provided|Hereditary cancer-predisposing syndrome,605284
TSC1,not provided|Hereditary cancer-predisposing syndrome|Tuberous sclerosis 1|TSC1-related disorder|Tuberous sclerosis syndrome,605284
TSC1,not specified|Tuberous sclerosis 1|Hereditary cancer-predisposing syndrome|Tuberous sclerosis syndrome|Tuberous sclerosis 1;Isolated focal cortical dysplasia type II;Lymphangiomyomatosis,605284
TSC1,Tuberous sclerosis 1|Hereditary cancer-predisposing syndrome|not provided|Tuberous sclerosis syndrome,605284
TSC1,not provided|Tuberous sclerosis 1|Hereditary cancer-predisposing syndrome|TSC1-related disorder,605284
TSC1,Tuberous sclerosis 1|Hereditary cancer-predisposing syndrome,605284
TSC1,not provided|Isolated focal cortical dysplasia type II|Tuberous sclerosis 1|Hereditary cancer-predisposing syndrome|Tuberous sclerosis syndrome,605284
TSC1,Tuberous sclerosis 1,605284
TSC1,not provided|Tuberous sclerosis 1|Hereditary cancer-predisposing syndrome|TSC1-related disorder|Tuberous sclerosis syndrome,605284
SCN8A,not specified|SCN8A-related disorder|not provided,600702
SCN8A,not provided|Inborn genetic diseases,600702
SCN8A,"not provided|Cognitive impairment with or without cerebellar ataxia;Seizures, benign familial infantile, 5;Developmental and epileptic encephalopathy, 13|Developmental and epileptic encephalopathy",600702
SCN8A,not provided|Developmental and epileptic encephalopathy|not specified,600702
SCN8A,not specified|Developmental and epileptic encephalopathy|Inborn genetic diseases,600702
SCN8A,not provided|See cases,600702
SCN8A,not specified|Developmental and epileptic encephalopathy|not provided|Inborn genetic diseases|SCN8A-related disorder,600702
SCN8A,not specified,600702
SCN8A,not provided|Cognitive impairment with or without cerebellar ataxia|Developmental and epileptic encephalopathy,600702
SCN8A,"not provided|Developmental and epileptic encephalopathy, 13|Developmental and epileptic encephalopathy",600702
SCN8A,"not provided|Developmental and epileptic encephalopathy|Inborn genetic diseases|Seizures, benign familial infantile, 5|SCN8A-related disorder",600702
SCN8A,not provided|Developmental and epileptic encephalopathy|SCN8A-related disorder|Inborn genetic diseases|Hereditary ataxia,600702
SCN8A,not provided|Developmental and epileptic encephalopathy|SCN8A-related disorder,600702
SCN8A,"Developmental and epileptic encephalopathy|Developmental and epileptic encephalopathy, 13",600702
SCN8A,not specified|Developmental and epileptic encephalopathy|Inborn genetic diseases|SCN8A-related disorder,600702
SCN8A,"Epileptic encephalopathy|not provided|Developmental and epileptic encephalopathy|Developmental and epileptic encephalopathy, 13|Epilepsy|Complex neurodevelopmental disorder",600702
SCN8A,"Developmental and epileptic encephalopathy, 13|SCN8A-related disorder",600702
SCN8A,"not provided|Seizures, benign familial infantile, 5|Complex neurodevelopmental disorder",600702
SCN8A,not provided|Developmental and epileptic encephalopathy|SCN8A-related disorder|Inborn genetic diseases,600702
SCN8A,not specified|not provided|Developmental and epileptic encephalopathy|Inborn genetic diseases,600702
SCN8A,"not provided|Developmental and epileptic encephalopathy|Epileptic encephalopathy|Developmental and epileptic encephalopathy, 13|See cases|Seizures, benign familial infantile, 5|Complex neurodevelopmental disorder",600702
SCN8A,not provided|Developmental and epileptic encephalopathy|Complex neurodevelopmental disorder,600702
SCN8A,Developmental and epileptic encephalopathy|not provided|Inborn genetic diseases,600702
SCN8A,not provided|Developmental and epileptic encephalopathy|Inborn genetic diseases|not specified,600702
SCN8A,"Developmental and epileptic encephalopathy|not provided|Developmental and epileptic encephalopathy, 13|Inborn genetic diseases",600702
FOXG1,"not provided|Rett syndrome, congenital variant",164874
FOXG1,"not specified|Rett syndrome, congenital variant|Inborn genetic diseases|FOXG1 disorder",164874
FOXG1,"not specified|not provided|Rett syndrome, congenital variant",164874
FOXG1,"not provided|Rett syndrome, congenital variant|Inborn genetic diseases|not specified",164874
FOXG1,"Rett syndrome, congenital variant|not provided",164874
FOXG1,"not specified|Rett syndrome, congenital variant|not provided",164874
FOXG1,"not specified|Rett syndrome, congenital variant|FOXG1 disorder",164874
FOXG1,"Rett syndrome, congenital variant|not provided|not specified|Inborn genetic diseases|FOXG1 disorder",164874
FOXG1,"not specified|Rett syndrome, congenital variant|FOXG1-related disorder|FOXG1 disorder",164874
FOXG1,"not specified|Rett syndrome, congenital variant|not provided|Inborn genetic diseases|FOXG1 disorder",164874
FOXG1,"not specified|Rett syndrome, congenital variant|Inborn genetic diseases",164874
FOXG1,not provided|Inborn genetic diseases|FOXG1 disorder,164874
FOXG1,Severe intellectual deficiency|FOXG1 disorder,164874
FOXG1,"not provided|Inborn genetic diseases|FOXG1 disorder|Rett syndrome, congenital variant",164874
FOXG1,"not specified|not provided|Inborn genetic diseases|Rett syndrome, congenital variant|FOXG1 disorder",164874
FOXG1,"Rett syndrome, congenital variant|Inborn genetic diseases|FOXG1 disorder",164874
FOXG1,"not specified|Rett syndrome, congenital variant|not provided|Inborn genetic diseases",164874
TSC2,not provided|Tuberous sclerosis 2|Lymphangiomyomatosis;Isolated focal cortical dysplasia type II;Tuberous sclerosis 2|Isolated focal cortical dysplasia type II|Tuberous sclerosis syndrome,191092
TSC2,not specified|Hereditary cancer-predisposing syndrome|TSC2-related disorder,191092
TSC2,not specified|Tuberous sclerosis 2|Tuberous sclerosis syndrome|Hereditary cancer-predisposing syndrome|TSC2-related disorder,191092
TSC2,Tuberous sclerosis 2|Hereditary cancer-predisposing syndrome|not provided|Tuberous sclerosis syndrome,191092
TSC2,not provided|Tuberous sclerosis 2|Hereditary cancer-predisposing syndrome|not specified,191092
TSC2,Tuberous sclerosis 2|Hereditary cancer-predisposing syndrome,191092
TSC2,not specified|Tuberous sclerosis 2|Hereditary cancer-predisposing syndrome,191092
TSC2,not provided|Tuberous sclerosis 2|Hereditary cancer-predisposing syndrome|Tuberous sclerosis syndrome|Lymphangiomyomatosis;Isolated focal cortical dysplasia type II;Tuberous sclerosis 2|TSC2-related disorder,191092
TSC2,not specified|Tuberous sclerosis 2|Hereditary cancer-predisposing syndrome|TSC2-related disorder|Tuberous sclerosis syndrome,191092
TSC2,Tuberous sclerosis 2|Hereditary cancer-predisposing syndrome|Tuberous sclerosis syndrome|not provided,191092
TSC2,Tuberous sclerosis 2|Hereditary cancer-predisposing syndrome|Tuberous sclerosis syndrome|Isolated focal cortical dysplasia type II|Isolated focal cortical dysplasia type II;Lymphangiomyomatosis;Tuberous sclerosis 2,191092
TSC2,not provided|Hereditary cancer-predisposing syndrome|Tuberous sclerosis 2|Lymphangiomyomatosis;Isolated focal cortical dysplasia type II;Tuberous sclerosis 2|Tuberous sclerosis syndrome,191092
TSC2,Tuberous sclerosis 2|Hereditary cancer-predisposing syndrome|TSC2-related disorder,191092
TSC2,not provided|Isolated focal cortical dysplasia type II|Autism spectrum disorder|Tuberous sclerosis 2|Lymphangiomyomatosis;Isolated focal cortical dysplasia type II;Tuberous sclerosis 2|Hereditary cancer-predisposing syndrome|Tuberous sclerosis syndrome,191092
TSC2,Hereditary cancer-predisposing syndrome|Tuberous sclerosis syndrome|Tuberous sclerosis 2|not provided|Lymphangiomyomatosis;Isolated focal cortical dysplasia type II;Tuberous sclerosis 2,191092
TSC2,not specified|Tuberous sclerosis 2|Hereditary cancer-predisposing syndrome|Isolated focal cortical dysplasia type II;Lymphangiomyomatosis;Tuberous sclerosis 2|TSC2-related disorder|Tuberous sclerosis syndrome,191092
TSC2,not provided|Tuberous sclerosis 2|Tuberous sclerosis syndrome,191092
TSC2,Tuberous sclerosis syndrome|Hereditary cancer-predisposing syndrome|not provided|Tuberous sclerosis 2|Lymphangiomyomatosis|not specified|TSC2-related disorder,191092
TSC2,not provided|Hereditary cancer-predisposing syndrome|Tuberous sclerosis 2|Isolated focal cortical dysplasia type II,191092
TSC2,Tuberous sclerosis 2|Isolated focal cortical dysplasia type II|Hereditary cancer-predisposing syndrome|Tuberous sclerosis syndrome,191092
TSC2,Tuberous sclerosis 2|Hereditary cancer-predisposing syndrome|not provided|not specified|Tuberous sclerosis syndrome|TSC2-related disorder,191092
TSC2,not provided|Tuberous sclerosis 2|Tuberous sclerosis syndrome|Hereditary cancer-predisposing syndrome,191092
TSC2,not specified|Tuberous sclerosis 2|Lymphangiomyomatosis;Isolated focal cortical dysplasia type II;Tuberous sclerosis 2|Hereditary cancer-predisposing syndrome|not provided,191092
TSC2,not provided|Tuberous sclerosis 2|Hereditary cancer-predisposing syndrome|Lymphangiomyomatosis;Isolated focal cortical dysplasia type II;Tuberous sclerosis 2|Tuberous sclerosis syndrome,191092
TSC2,not specified|Tuberous sclerosis 2|Lymphangiomyomatosis;Isolated focal cortical dysplasia type II;Tuberous sclerosis 2,191092
TSC2,not specified|Tuberous sclerosis 2|Tuberous sclerosis syndrome|Sarcoma,191092
TSC2,not provided|Hereditary cancer-predisposing syndrome|Tuberous sclerosis 2|Isolated focal cortical dysplasia type II;Lymphangiomyomatosis;Tuberous sclerosis 2,191092
TSC2,not specified|Tuberous sclerosis 2|Isolated focal cortical dysplasia type II;Lymphangiomyomatosis;Tuberous sclerosis 2|Tuberous sclerosis syndrome,191092
TSC2,Tuberous sclerosis 2|Hereditary cancer-predisposing syndrome|not provided|Tuberous sclerosis syndrome|not specified,191092
TSC2,Tuberous sclerosis 2|Hereditary cancer-predisposing syndrome|not provided|Renal cyst,191092
TSC2,not specified|Tuberous sclerosis syndrome|Tuberous sclerosis 2|Hereditary cancer-predisposing syndrome|not provided,191092
TSC2,not specified|Tuberous sclerosis syndrome|Tuberous sclerosis 2|Lymphangiomyomatosis;Isolated focal cortical dysplasia type II;Tuberous sclerosis 2,191092
TSC2,not provided|Tuberous sclerosis syndrome|Hereditary cancer-predisposing syndrome|Tuberous sclerosis 2,191092
TSC2,Tuberous sclerosis 2|Hereditary cancer-predisposing syndrome|not provided|Isolated focal cortical dysplasia type II,191092
TSC2,not specified|Tuberous sclerosis syndrome|Tuberous sclerosis 2|not provided,191092
TSC2,not specified|Tuberous sclerosis 2|Hereditary cancer-predisposing syndrome|Isolated focal cortical dysplasia type II|Tuberous sclerosis syndrome|TSC2-related disorder,191092
TSC2,not provided|Hereditary cancer-predisposing syndrome,191092
TSC2,not specified|Tuberous sclerosis 2|Hereditary cancer-predisposing syndrome|Tuberous sclerosis syndrome|not provided|TSC2-related disorder,191092
TSC2,Tuberous sclerosis 2|Hereditary cancer-predisposing syndrome|Lymphangiomyomatosis;Isolated focal cortical dysplasia type II;Tuberous sclerosis 2|Isolated focal cortical dysplasia type II,191092
TSC2,Tuberous sclerosis 2|Lymphangiomyomatosis;Tuberous sclerosis 2;Isolated focal cortical dysplasia type II|Isolated focal cortical dysplasia type II|Hereditary cancer-predisposing syndrome,191092
TSC2,Tuberous sclerosis 2|Hereditary cancer-predisposing syndrome|not provided,191092
TSC2,Tuberous sclerosis 2|Hereditary cancer-predisposing syndrome|not provided|TSC2-related disorder,191092
TSC2,Tuberous sclerosis 2|not provided|Hereditary cancer-predisposing syndrome|Tuberous sclerosis syndrome,191092
TSC2,not provided|Tuberous sclerosis 2|Hereditary cancer-predisposing syndrome|Tuberous sclerosis syndrome|Lymphangiomyomatosis;Isolated focal cortical dysplasia type II;Tuberous sclerosis 2,191092
TSC2,not provided|Tuberous sclerosis 2|Isolated focal cortical dysplasia type II|Hereditary cancer-predisposing syndrome,191092
TSC2,Tuberous sclerosis 2|Hereditary cancer-predisposing syndrome|Isolated focal cortical dysplasia type II,191092
TSC2,not specified|Hereditary cancer-predisposing syndrome|Tuberous sclerosis syndrome|Lymphangiomyomatosis;Isolated focal cortical dysplasia type II;Tuberous sclerosis 2|not provided|Tuberous sclerosis 2|Isolated focal cortical dysplasia type II|TSC2-related disorder,191092
TSC2,Tuberous sclerosis 2|Hereditary cancer-predisposing syndrome|Lymphangiomyomatosis;Tuberous sclerosis 2;Isolated focal cortical dysplasia type II|not provided,191092
TSC2,not provided|Tuberous sclerosis 2|Hereditary cancer-predisposing syndrome|TSC2-related disorder,191092
TSC2,Hereditary cancer-predisposing syndrome|Tuberous sclerosis 2|not specified|Lymphangiomyomatosis;Isolated focal cortical dysplasia type II;Tuberous sclerosis 2|not provided,191092
TSC2,not specified|Tuberous sclerosis 2|Isolated focal cortical dysplasia type II|Hereditary cancer-predisposing syndrome,191092
TSC2,not provided|Hereditary cancer-predisposing syndrome|Tuberous sclerosis syndrome|Tuberous sclerosis 2,191092
TSC2,Tuberous sclerosis 2|Hereditary cancer-predisposing syndrome|not provided|TSC2-related disorder|not specified,191092
TSC2,not provided|Hereditary cancer-predisposing syndrome|Tuberous sclerosis 2|not specified,191092
TSC2,not specified|Tuberous sclerosis 2|Hereditary cancer-predisposing syndrome|not provided|TSC2-related disorder|Tuberous sclerosis syndrome,191092
TSC2,Hereditary cancer-predisposing syndrome|not provided|Tuberous sclerosis 2|Tuberous sclerosis syndrome|not specified,191092
TSC2,Tuberous sclerosis 2|Tuberous sclerosis syndrome|not provided|Hereditary cancer-predisposing syndrome,191092
TSC2,not specified|Hereditary cancer-predisposing syndrome|Tuberous sclerosis 2|Tuberous sclerosis syndrome|not provided,191092
TSC2,Tuberous sclerosis 2|Hereditary cancer-predisposing syndrome|TSC2-related disorder|not provided,191092
TSC2,not specified|Tuberous sclerosis 2|Isolated focal cortical dysplasia type II;Lymphangiomyomatosis;Tuberous sclerosis 2,191092
TSC2,not provided|Tuberous sclerosis 2|Hereditary cancer-predisposing syndrome|Tuberous sclerosis syndrome|Lymphangiomyomatosis;Isolated focal cortical dysplasia type II;Tuberous sclerosis 2|not specified,191092
TSC2,not provided|Hereditary cancer-predisposing syndrome|Tuberous sclerosis 2|Tuberous sclerosis syndrome|Isolated focal cortical dysplasia type II;Lymphangiomyomatosis;Tuberous sclerosis 2,191092
TSC2,not provided|Hereditary cancer-predisposing syndrome|Tuberous sclerosis 2|Lymphangiomyomatosis;Isolated focal cortical dysplasia type II;Tuberous sclerosis 2,191092
TSC2,not specified|Tuberous sclerosis 2|Hereditary cancer-predisposing syndrome|Tuberous sclerosis syndrome|TSC2-related disorder,191092
TSC2,not provided|Tuberous sclerosis 2|Tuberous sclerosis syndrome|Hereditary cancer-predisposing syndrome|TSC2-related disorder,191092
TSC2,not specified|Tuberous sclerosis syndrome|Tuberous sclerosis 2|Hereditary cancer-predisposing syndrome|not provided|TSC2-related disorder,191092
TSC2,not provided|Tuberous sclerosis 2|TSC2-related disorder|Hereditary cancer-predisposing syndrome|Ovarian cancer,191092
TSC2,not provided|Hereditary cancer-predisposing syndrome|Tuberous sclerosis 2|Tuberous sclerosis syndrome|Isolated focal cortical dysplasia type II;Lymphangiomyomatosis;Tuberous sclerosis 2|TSC2-related disorder,191092
TSC2,not specified|Hereditary cancer-predisposing syndrome|Tuberous sclerosis 2|Isolated focal cortical dysplasia type II,191092
TBC1D24,not specified|not provided,613577
TBC1D24,"not provided|Developmental and epileptic encephalopathy, 1;Caused by mutation in the TBC1 domain family, member 24;Autosomal dominant nonsyndromic hearing loss 65|Inborn genetic diseases",613577
TBC1D24,"not specified|not provided|Developmental and epileptic encephalopathy, 1;Caused by mutation in the TBC1 domain family, member 24;Autosomal dominant nonsyndromic hearing loss 65|Familial infantile myoclonic epilepsy|Inborn genetic diseases|TBC1D24-related disorder",613577
TBC1D24,"Caused by mutation in the TBC1 domain family, member 24;Autosomal dominant nonsyndromic hearing loss 65;Developmental and epileptic encephalopathy, 1",613577
TBC1D24,"not provided|Developmental and epileptic encephalopathy, 1;Autosomal dominant nonsyndromic hearing loss 65;Caused by mutation in the TBC1 domain family, member 24|Inborn genetic diseases",613577
TBC1D24,"not specified|Developmental and epileptic encephalopathy, 1;Caused by mutation in the TBC1 domain family, member 24;Autosomal dominant nonsyndromic hearing loss 65|not provided",613577
TBC1D24,"not provided|Inborn genetic diseases|Caused by mutation in the TBC1 domain family, member 24;Developmental and epileptic encephalopathy, 1;Autosomal dominant nonsyndromic hearing loss 65",613577
TBC1D24,"not provided|Rare genetic deafness|Autosomal recessive nonsyndromic hearing loss 86;DOORS syndrome;Familial infantile myoclonic epilepsy;Developmental and epileptic encephalopathy, 16;Autosomal dominant nonsyndromic hearing loss 65|Developmental and epileptic encephalopathy, 1;Caused by mutation in the TBC1 domain family, member 24;Autosomal dominant nonsyndromic hearing loss 65|Inborn genetic diseases|DOORS syndrome|Developmental and epileptic encephalopathy, 16|Familial infantile myoclonic epilepsy",613577
TBC1D24,"Caused by mutation in the TBC1 domain family, member 24;Autosomal dominant nonsyndromic hearing loss 65;Developmental and epileptic encephalopathy, 1|not specified|Developmental and epileptic encephalopathy, 16|Inborn genetic diseases|TBC1D24-related disorder|not provided",613577
TBC1D24,"not provided|Developmental and epileptic encephalopathy, 1;Autosomal dominant nonsyndromic hearing loss 65;Caused by mutation in the TBC1 domain family, member 24",613577
TBC1D24,"not provided|Seizure;Cerebellar atrophy;Specific learning disability;Movement disorder;Global developmental delay|Autosomal dominant nonsyndromic hearing loss 65;Developmental and epileptic encephalopathy, 1;Caused by mutation in the TBC1 domain family, member 24|6 conditions",613577
TBC1D24,"not specified|Caused by mutation in the TBC1 domain family, member 24;Autosomal dominant nonsyndromic hearing loss 65;Developmental and epileptic encephalopathy, 1",613577
TBC1D24,"not provided|not specified|Familial infantile myoclonic epilepsy|Caused by mutation in the TBC1 domain family, member 24;Autosomal dominant nonsyndromic hearing loss 65;Developmental and epileptic encephalopathy, 1|Inborn genetic diseases|TBC1D24-related disorder",613577
TBC1D24,"not provided|Caused by mutation in the TBC1 domain family, member 24;Autosomal dominant nonsyndromic hearing loss 65;Developmental and epileptic encephalopathy, 1|Inborn genetic diseases",613577
TBC1D24,"not provided|Inborn genetic diseases|Developmental and epileptic encephalopathy, 1;Caused by mutation in the TBC1 domain family, member 24;Autosomal dominant nonsyndromic hearing loss 65",613577
TBC1D24,"not specified|Familial infantile myoclonic epilepsy|not provided|Caused by mutation in the TBC1 domain family, member 24;Autosomal dominant nonsyndromic hearing loss 65;Developmental and epileptic encephalopathy, 1|Inborn genetic diseases|TBC1D24-related disorder|Uterine carcinosarcoma|Sarcoma|Nonpapillary renal cell carcinoma",613577
TBC1D24,"not provided|not specified|Developmental and epileptic encephalopathy, 1;Caused by mutation in the TBC1 domain family, member 24;Autosomal dominant nonsyndromic hearing loss 65|Inborn genetic diseases|developmental delay with seizures|DOORS syndrome|Developmental and epileptic encephalopathy, 16",613577
TBC1D24,"not provided|Caused by mutation in the TBC1 domain family, member 24;Developmental and epileptic encephalopathy, 1;Autosomal dominant nonsyndromic hearing loss 65|not specified|DOORS syndrome;Autosomal recessive nonsyndromic hearing loss 86;Familial infantile myoclonic epilepsy;Developmental and epileptic encephalopathy, 16;Autosomal dominant nonsyndromic hearing loss 65|Inborn genetic diseases|Intellectual disability",613577
TBC1D24,"not provided|Developmental and epileptic encephalopathy, 1;Caused by mutation in the TBC1 domain family, member 24;Autosomal dominant nonsyndromic hearing loss 65|not specified|6 conditions|Inborn genetic diseases",613577
TBC1D24,"not specified|Familial infantile myoclonic epilepsy|Developmental and epileptic encephalopathy, 1;Caused by mutation in the TBC1 domain family, member 24;Autosomal dominant nonsyndromic hearing loss 65|not provided|Inborn genetic diseases",613577
TBC1D24,"not specified|Familial infantile myoclonic epilepsy|Caused by mutation in the TBC1 domain family, member 24;Autosomal dominant nonsyndromic hearing loss 65;Developmental and epileptic encephalopathy, 1",613577
TBC1D24,"not provided|Caused by mutation in the TBC1 domain family, member 24;Autosomal dominant nonsyndromic hearing loss 65;Developmental and epileptic encephalopathy, 1",613577
TBC1D24,"not specified|not provided|Inborn genetic diseases|Developmental and epileptic encephalopathy, 1;Caused by mutation in the TBC1 domain family, member 24;Autosomal dominant nonsyndromic hearing loss 65",613577
TBC1D24,"not provided|Developmental and epileptic encephalopathy, 16;Familial infantile myoclonic epilepsy|Developmental and epileptic encephalopathy, 1;Autosomal dominant nonsyndromic hearing loss 65;Caused by mutation in the TBC1 domain family, member 24|Inborn genetic diseases",613577
TBC1D24,"not specified|not provided|Developmental and epileptic encephalopathy, 1;Caused by mutation in the TBC1 domain family, member 24;Autosomal dominant nonsyndromic hearing loss 65",613577
TBC1D24,"not specified|not provided|Caused by mutation in the TBC1 domain family, member 24;Autosomal dominant nonsyndromic hearing loss 65;Developmental and epileptic encephalopathy, 1|Inborn genetic diseases",613577
TBC1D24,"not specified|not provided|Caused by mutation in the TBC1 domain family, member 24;Autosomal dominant nonsyndromic hearing loss 65;Developmental and epileptic encephalopathy, 1",613577
TBC1D24,"not specified|Developmental and epileptic encephalopathy, 1;Caused by mutation in the TBC1 domain family, member 24;Autosomal dominant nonsyndromic hearing loss 65|not provided|Inborn genetic diseases|TBC1D24-related disorder",613577
TBC1D24,"not specified|Developmental and epileptic encephalopathy, 1;Autosomal dominant nonsyndromic hearing loss 65;Caused by mutation in the TBC1 domain family, member 24",613577
TBC1D24,"not provided|Caused by mutation in the TBC1 domain family, member 24;Autosomal dominant nonsyndromic hearing loss 65;Developmental and epileptic encephalopathy, 1|Squamous cell carcinoma of the head and neck",613577
PRRT2,Episodic kinesigenic dyskinesia,614386
PRRT2,not specified|not provided|PRRT2-related disorder|Episodic kinesigenic dyskinesia|Inborn genetic diseases,614386
PRRT2,Episodic kinesigenic dyskinesia|not provided|Inborn genetic diseases,614386
PRRT2,not specified|Inborn genetic diseases,614386
PRRT2,not specified|not provided|Episodic kinesigenic dyskinesia|Inborn genetic diseases|PRRT2-related disorder,614386
PRRT2,"Episodic kinesigenic dyskinesia|not provided|Seizures, benign familial infantile, 2;Infantile convulsions and choreoathetosis;Episodic kinesigenic dyskinesia 1|Inborn genetic diseases|PRRT2-related disorder|not specified",614386
PRRT2,"not specified|Episodic kinesigenic dyskinesia|Infantile convulsions and choreoathetosis;Seizures, benign familial infantile, 2;Episodic kinesigenic dyskinesia 1|PRRT2-related disorder|not provided|Inborn genetic diseases",614386
PRRT2,"not provided|Episodic kinesigenic dyskinesia|Seizures, benign familial infantile, 2|Seizures, benign familial infantile, 2;Episodic kinesigenic dyskinesia 1;Infantile convulsions and choreoathetosis|Episodic kinesigenic dyskinesia 1",614386
PRRT2,"not provided|Episodic kinesigenic dyskinesia|Episodic kinesigenic dyskinesia 1|Seizures, benign familial infantile, 2|Seizures, benign familial infantile, 2;Infantile convulsions and choreoathetosis;Episodic kinesigenic dyskinesia 1",614386
PRRT2,not specified|not provided|PRRT2-related disorder,614386
KCNQ2,not provided|Developmental and epileptic encephalopathy|Complex neurodevelopmental disorder,602235
KCNQ2,"not provided|Developmental and epileptic encephalopathy|Inborn genetic diseases|Seizures, benign familial neonatal, 1;Developmental and epileptic encephalopathy, 7",602235
KCNQ2,Developmental and epileptic encephalopathy|not provided|Inborn genetic diseases,602235
KCNQ2,Developmental and epileptic encephalopathy|Continuous spike and waves during slow sleep|not provided|Inborn genetic diseases|Intellectual disability,602235
KCNQ2,Developmental and epileptic encephalopathy|Inborn genetic diseases|Complex neurodevelopmental disorder|not provided|KCNQ2-related disorder,602235
KCNQ2,not provided|Inborn genetic diseases,602235
KCNQ2,"not specified|Developmental and epileptic encephalopathy|Seizures, benign familial neonatal, 1;Developmental and epileptic encephalopathy, 7|Complex neurodevelopmental disorder",602235
KCNQ2,Developmental and epileptic encephalopathy|Complex neurodevelopmental disorder,602235
KCNQ2,"not provided|Developmental and epileptic encephalopathy|Developmental and epileptic encephalopathy, 7|Inborn genetic diseases",602235
KCNQ2,Developmental and epileptic encephalopathy|Inborn genetic diseases,602235
KCNQ2,not provided|Developmental and epileptic encephalopathy|Inborn genetic diseases|Complex neurodevelopmental disorder,602235
KCNQ2,not provided|Developmental and epileptic encephalopathy|Complex neurodevelopmental disorder|Inborn genetic diseases,602235
KCNQ2,Developmental and epileptic encephalopathy|not provided|Complex neurodevelopmental disorder,602235
KCNQ2,"not provided|Developmental and epileptic encephalopathy, 7",602235
KCNQ2,"Developmental and epileptic encephalopathy, 7|Developmental and epileptic encephalopathy",602235
KCNQ2,"not provided|Developmental and epileptic encephalopathy|Developmental and epileptic encephalopathy, 7|Seizures, benign familial neonatal, 1|Seizures, benign familial neonatal, 1;Developmental and epileptic encephalopathy, 7|Inborn genetic diseases",602235
KCNQ2,"not provided|Developmental and epileptic encephalopathy, 7|Developmental and epileptic encephalopathy",602235
KCNQ2,"not provided|Developmental and epileptic encephalopathy|Developmental and epileptic encephalopathy, 7|Limb dystonia;Global developmental delay;Absent speech|Inborn genetic diseases|Neurodevelopmental disorder|KCNQ2-related disorder|Complex neurodevelopmental disorder",602235
KCNQ2,"not provided|Seizures, benign familial neonatal, 1|Developmental and epileptic encephalopathy, 7|Developmental and epileptic encephalopathy|Seizure",602235
KCNQ2,"Developmental and epileptic encephalopathy|not provided|Seizures, benign familial neonatal, 1",602235
KCNQ2,"Developmental and epileptic encephalopathy|Seizures, benign familial neonatal, 1;Developmental and epileptic encephalopathy, 7|not provided|Complex neurodevelopmental disorder",602235
KCNQ2,not specified,602235
KCNQ2,not specified|Developmental and epileptic encephalopathy|See cases,602235
KCNQ2,"not provided|Developmental and epileptic encephalopathy|Developmental and epileptic encephalopathy, 1",602235
KCNQ2,Developmental and epileptic encephalopathy|not provided,602235
KCNQ2,"not provided|Intellectual disability, moderate;Autistic behavior;Seizure;Epicanthus;Abnormal facial shape|Developmental and epileptic encephalopathy|Seizures, benign familial neonatal, 1|Complex neurodevelopmental disorder|Developmental and epileptic encephalopathy, 7",602235
KCNQ2,"not provided|Complex neurodevelopmental disorder|Seizures, benign familial neonatal, 1;Developmental and epileptic encephalopathy, 7",602235
KCNQ2,"not provided|Developmental and epileptic encephalopathy, 7|Epileptic encephalopathy|KCNQ2-related disorder|Developmental and epileptic encephalopathy|Seizures, benign familial neonatal, 1|Complex neurodevelopmental disorder|Seizure",602235
KCNQ2,"not provided|Inborn genetic diseases|Developmental and epileptic encephalopathy, 7|Developmental and epileptic encephalopathy|Seizures, benign familial neonatal, 1",602235
KCNQ2,"not provided|Seizures, benign familial neonatal, 1",602235
KCNQ2,"Developmental and epileptic encephalopathy, 7|Intellectual disability|Developmental and epileptic encephalopathy|Seizures, benign familial neonatal, 1",602235
KCNQ2,not provided|Complex neurodevelopmental disorder,602235
KCNQ2,"not provided|Developmental and epileptic encephalopathy, 7|Seizures, benign familial neonatal, 1|Developmental and epileptic encephalopathy|Complex neurodevelopmental disorder",602235
KCNQ2,"not provided|Inborn genetic diseases|Developmental and epileptic encephalopathy|Seizures, benign familial neonatal, 1;Developmental and epileptic encephalopathy, 7|See cases|Developmental and epileptic encephalopathy, 7|Complex neurodevelopmental disorder",602235
KCNQ2,"not provided|Developmental and epileptic encephalopathy, 7|Developmental and epileptic encephalopathy|Inborn genetic diseases",602235
KCNQ2,"not provided|Developmental and epileptic encephalopathy, 7|Intellectual disability|Developmental and epileptic encephalopathy|Complex neurodevelopmental disorder|KCNQ2-related disorder",602235
KCNQ2,"not provided|Developmental and epileptic encephalopathy|Seizures, benign familial neonatal, 1;Developmental and epileptic encephalopathy, 7",602235
KCNQ2,"not specified|Developmental and epileptic encephalopathy|Seizures, benign familial neonatal, 1;Developmental and epileptic encephalopathy, 7",602235
PCDH19,"not specified|Developmental and epileptic encephalopathy, 9|not provided|PCDH19-related disorder",300460
PCDH19,"not provided|Developmental and epileptic encephalopathy, 9|PCDH19-related disorder|Inborn genetic diseases",300460
PCDH19,"not provided|Inborn genetic diseases|Developmental and epileptic encephalopathy, 9",300460
PCDH19,"Developmental and epileptic encephalopathy, 9|not provided|Inborn genetic diseases|PCDH19-related disorder",300460
PCDH19,"not specified|Developmental and epileptic encephalopathy, 9|sporadic NAFE|Inborn genetic diseases",300460
PCDH19,"not provided|Glycine encephalopathy;Developmental and epileptic encephalopathy, 9",300460
PCDH19,"not specified|Developmental and epileptic encephalopathy, 9|Neurodevelopmental disorder with epilepsy|sporadic NAFE|not provided|Inborn genetic diseases",300460
PCDH19,"Developmental and epileptic encephalopathy, 9|Familial GGE|not provided|Inborn genetic diseases",300460
PCDH19,"not specified|Developmental and epileptic encephalopathy, 9|PCDH19-related disorder|not provided|Inborn genetic diseases",300460
PCDH19,"not provided|Developmental and epileptic encephalopathy, 9|Developmental and epileptic encephalopathy, 1|Inborn genetic diseases",300460
PCDH19,"Developmental and epileptic encephalopathy, 9|not provided|11 conditions",300460
PCDH19,"not provided|Developmental and epileptic encephalopathy, 9|Inborn genetic diseases|PCDH19-related epilepsy syndrome|Epilepsy",300460
PCDH19,"not provided|Developmental and epileptic encephalopathy, 9|Seizure",300460
PCDH19,"not provided|Developmental and epileptic encephalopathy, 9|Neurodevelopmental disorder with epilepsy|not specified",300460
TBC1D24,"not specified|Autosomal dominant nonsyndromic hearing loss 65;Developmental and epileptic encephalopathy, 1;Caused by mutation in the TBC1 domain family, member 24|not provided|Autosomal dominant nonsyndromic hearing loss 65;Autosomal recessive nonsyndromic hearing loss 86;Familial infantile myoclonic epilepsy;Developmental and epileptic encephalopathy, 16;DOORS syndrome|Inborn genetic diseases",613577
SCN8A,"Developmental and epileptic encephalopathy, 13|Developmental and epileptic encephalopathy, 13;Seizures, benign familial infantile, 5|Developmental and epileptic encephalopathy|Inborn genetic diseases|Complex neurodevelopmental disorder",600702
SCN3A,Inborn genetic diseases,182391
SCN2A,"Inborn genetic diseases|Seizures, benign familial infantile, 3",182390
SCN2A,"Inborn genetic diseases|Seizures, benign familial infantile, 3;Developmental and epileptic encephalopathy, 11|not provided",182390
SCN1A,Inborn genetic diseases|not provided,182389
SCN1A,Inborn genetic diseases,182389
STXBP1,Inborn genetic diseases,602926
CHD2,Inborn genetic diseases|not provided|Developmental and epileptic encephalopathy 94|Seizure,602119
KCNQ2,Inborn genetic diseases,602235
KCNQ2,Inborn genetic diseases|Developmental and epileptic encephalopathy,602235
CDKL5,"Inborn genetic diseases|CDKL5 disorder|Developmental and epileptic encephalopathy, 2",300203
SLC2A1,"not specified|Epilepsy, idiopathic generalized, susceptibility to, 12;Dystonia 9;Hereditary cryohydrocytosis with reduced stomatin;Encephalopathy due to GLUT1 deficiency;Childhood onset GLUT1 deficiency syndrome 2|GLUT1 deficiency syndrome 1, autosomal recessive|Inborn genetic diseases|not provided",138140
SLC2A1,"not specified|Dystonia 9|Encephalopathy due to GLUT1 deficiency|GLUT1 deficiency syndrome 1, autosomal recessive|not provided|Inborn genetic diseases",138140
SLC2A1,"not specified|GLUT1 deficiency syndrome 1, autosomal recessive",138140
SCN2A,"not specified|Developmental and epileptic encephalopathy, 11;Seizures, benign familial infantile, 3|Seizures, benign familial infantile, 3|Inborn genetic diseases|not provided",182390
SCN2A,"Seizure|not provided|Seizures, benign familial infantile, 3;Developmental and epileptic encephalopathy, 11|Complex neurodevelopmental disorder|SCN2A-related disorder",182390
SCN2A,"not specified|not provided|Seizures, benign familial infantile, 3;Developmental and epileptic encephalopathy, 11|Seizures, benign familial infantile, 3",182390
SCN2A,"not specified|Developmental and epileptic encephalopathy, 11;Seizures, benign familial infantile, 3|not provided|Inborn genetic diseases|Seizures, benign familial infantile, 3",182390
SCN2A,"Developmental and epileptic encephalopathy, 11",182390
SCN2A,"not specified|not provided|Seizures, benign familial infantile, 3|Developmental and epileptic encephalopathy, 11;Seizures, benign familial infantile, 3|SCN2A-related disorder",182390
SCN2A,"not specified|Developmental and epileptic encephalopathy, 11;Seizures, benign familial infantile, 3|Developmental and epileptic encephalopathy, 11|Inborn genetic diseases|not provided",182390
SCN1A,not specified|Autosomal dominant epilepsy|Developmental and epileptic encephalopathy,182389
SCN1A,"not specified|Epilepsy|Migraine, familial hemiplegic, 3|Developmental and epileptic encephalopathy|Generalized epilepsy with febrile seizures plus, type 2|Inborn genetic diseases|not provided",182389
SCN1A,Seizure,182389
SCN9A,"not specified|Neuropathy, hereditary sensory and autonomic, type 2A;Generalized epilepsy with febrile seizures plus, type 7",603415
KCNQ3,not specified|Benign neonatal seizures|KCNQ3-related disorder|not provided,602232
SCN8A,not specified|Inborn genetic diseases|not provided|Developmental and epileptic encephalopathy,600702
FOXG1,"not specified|Rett syndrome, congenital variant|not provided|FOXG1 disorder",164874
FOXG1,"not specified|FOXG1 disorder|not provided|Rett syndrome, congenital variant",164874
CHD2,not specified|not provided|Developmental and epileptic encephalopathy 94,602119
CHD2,not specified|Developmental and epileptic encephalopathy 94|Inborn genetic diseases|not provided,602119
CHD2,not specified|Developmental and epileptic encephalopathy 94|not provided|CHD2-related disorder|Inborn genetic diseases,602119
TBC1D24,"not specified|not provided|Developmental and epileptic encephalopathy, 1;Caused by mutation in the TBC1 domain family, member 24;Autosomal dominant nonsyndromic hearing loss 65|Familial infantile myoclonic epilepsy|Inborn genetic diseases",613577
KCNQ2,"Seizure|not provided|Developmental and epileptic encephalopathy, 7|Benign Rolandic epilepsy|Seizures, benign familial neonatal, 1|Developmental and epileptic encephalopathy|KCNQ2-related disorder|not specified|Complex neurodevelopmental disorder",602235
KCNQ2,"Developmental and epileptic encephalopathy, 7|Inborn genetic diseases",602235
KCNQ2,Seizure|Inborn genetic diseases,602235
DEPDC5,not specified|Inborn genetic diseases|Familial focal epilepsy with variable foci,614191
DEPDC5,not specified|Familial focal epilepsy with variable foci|Inborn genetic diseases,614191
DEPDC5,"not specified|Epilepsy, familial focal, with variable foci 1|Inborn genetic diseases|Familial focal epilepsy with variable foci|not provided|DEPDC5-related disorder",614191
MECP2,not specified|Severe neonatal-onset encephalopathy with microcephaly|Inborn genetic diseases|not provided|MECP2-related disorder|Rett syndrome,300005
MECP2,not specified|Severe neonatal-onset encephalopathy with microcephaly|MECP2-related disorder|Inborn genetic diseases|Rett syndrome,300005
MECP2,not specified|not provided|Rett syndrome|Severe neonatal-onset encephalopathy with microcephaly|MECP2-related disorder|Inborn genetic diseases,300005
MECP2,not specified|MECP2-related disorder|Severe neonatal-onset encephalopathy with microcephaly|Rett syndrome,300005
MECP2,not specified|Severe neonatal-onset encephalopathy with microcephaly|MECP2-related disorder,300005
MECP2,not specified|Severe neonatal-onset encephalopathy with microcephaly,300005
CDKL5,"not specified|not provided|Angelman syndrome-like;Developmental and epileptic encephalopathy, 2|Inborn genetic diseases|CDKL5 disorder|CDKL5-related disorder",300203
CDKL5,"not specified|Developmental and epileptic encephalopathy, 2;Angelman syndrome-like|CDKL5 disorder|Inborn genetic diseases",300203
ARX,"not specified|Developmental and epileptic encephalopathy, 1;Intellectual disability, X-linked, with or without seizures, ARX-related|Inborn genetic diseases|Intellectual disability",300382
ARX,X-linked lissencephaly with abnormal genitalia|not provided,300382
ARX,"not specified|History of neurodevelopmental disorder|Developmental and epileptic encephalopathy, 1;Intellectual disability, X-linked, with or without seizures, ARX-related|not provided",300382
ARX,"X-linked lissencephaly with abnormal genitalia|Intellectual disability, X-linked, with or without seizures, ARX-related;Developmental and epileptic encephalopathy, 1",300382
ARX,"not specified|not provided|Inborn genetic diseases|Developmental and epileptic encephalopathy, 1;Intellectual disability, X-linked, with or without seizures, ARX-related",300382
ARX,"not specified|not provided|Developmental and epileptic encephalopathy, 1;Intellectual disability, X-linked, with or without seizures, ARX-related",300382
TBC1D24,DOORS syndrome|not provided,613577
KCNQ2,Developmental and epileptic encephalopathy|not provided|Complex neurodevelopmental disorder|not specified,602235
KCNQ2,Developmental and epileptic encephalopathy|not specified|not provided|Inborn genetic diseases,602235
TBC1D24,"Autosomal dominant nonsyndromic hearing loss 65;Developmental and epileptic encephalopathy, 1;Caused by mutation in the TBC1 domain family, member 24",613577
KCNQ2,"Developmental and epileptic encephalopathy, 7|not provided|Complex neurodevelopmental disorder",602235
SCN1A,"Severe myoclonic epilepsy in infancy|Developmental and epileptic encephalopathy|Autosomal dominant epilepsy|Migraine, familial hemiplegic, 3",182389
TSC2,Tuberous sclerosis 2|not provided,191092
CDKL5,"Developmental and epileptic encephalopathy, 2|not provided",300203
SLC2A1,Hereditary cryohydrocytosis with reduced stomatin|not provided,138140
SLC2A1,Hereditary cryohydrocytosis with reduced stomatin|Inborn genetic diseases|not provided|Encephalopathy due to GLUT1 deficiency,138140
CHD2,Developmental and epileptic encephalopathy 94|not provided|Complex neurodevelopmental disorder|CHD2-related disorder|Seizure;Autistic behavior,602119
CHD2,not provided|Developmental and epileptic encephalopathy 94|not specified|Inborn genetic diseases|CHD2-related disorder,602119
KCNQ2,"Developmental and epileptic encephalopathy, 7|Developmental and epileptic encephalopathy|Seizures, benign familial neonatal, 1;Developmental and epileptic encephalopathy, 7|not provided|KCNQ2-related disorder|Autosomal recessive congenital ichthyosis 10|Complex neurodevelopmental disorder",602235
KCNQ2,"Developmental and epileptic encephalopathy, 7|Complex neurodevelopmental disorder",602235
KCNQ2,"Developmental and epileptic encephalopathy|Seizures, benign familial neonatal, 1",602235
ALDH7A1,Pyridoxine-dependent epilepsy|not specified,107323
TSC1,not specified|Hereditary cancer-predisposing syndrome|not provided|Tuberous sclerosis 1|Tuberous sclerosis syndrome|Isolated focal cortical dysplasia type II;Lymphangiomyomatosis;Tuberous sclerosis 1|TSC1-related disorder,605284
TSC2,Tuberous sclerosis 2|Tuberous sclerosis syndrome|not specified|Hereditary cancer-predisposing syndrome,191092
TSC2,Tuberous sclerosis 2|Hereditary cancer-predisposing syndrome|Tuberous sclerosis syndrome,191092
TSC2,Tuberous sclerosis 2|Isolated focal cortical dysplasia type II;Lymphangiomyomatosis;Tuberous sclerosis 2|not specified|Hereditary cancer-predisposing syndrome,191092
ARX,"Intellectual disability, X-linked, with or without seizures, ARX-related|Developmental and epileptic encephalopathy, 1;Intellectual disability, X-linked, with or without seizures, ARX-related",300382
CHD2,Developmental and epileptic encephalopathy 94|Inborn genetic diseases,602119
GABRA1,"Developmental and epileptic encephalopathy, 19|not provided|Epilepsy, idiopathic generalized, susceptibility to, 13;Idiopathic generalized epilepsy;Epilepsy, childhood absence 4",137160
SCN8A,Inborn genetic diseases|not provided|Complex neurodevelopmental disorder,600702
FOXG1,Inborn genetic diseases,164874
TSC2,not specified|Tuberous sclerosis 2|Hereditary cancer-predisposing syndrome|Ovarian cancer,191092
TBC1D24,"not specified|Developmental and epileptic encephalopathy, 1;Autosomal dominant nonsyndromic hearing loss 65;Caused by mutation in the TBC1 domain family, member 24|not provided|Familial infantile myoclonic epilepsy",613577
TBC1D24,"Developmental and epileptic encephalopathy, 1;Autosomal dominant nonsyndromic hearing loss 65;Caused by mutation in the TBC1 domain family, member 24|not specified",613577
TBC1D24,"not specified|Developmental and epileptic encephalopathy, 1;Autosomal dominant nonsyndromic hearing loss 65;Caused by mutation in the TBC1 domain family, member 24|not provided",613577
TBC1D24,"not specified|Autosomal dominant nonsyndromic hearing loss 65;Developmental and epileptic encephalopathy, 1;Caused by mutation in the TBC1 domain family, member 24|TBC1D24-related disorder",613577
TBC1D24,"not specified|Developmental and epileptic encephalopathy, 1;Autosomal dominant nonsyndromic hearing loss 65;Caused by mutation in the TBC1 domain family, member 24|Familial infantile myoclonic epilepsy|not provided|6 conditions",613577
TBC1D24,"not specified|Autosomal dominant nonsyndromic hearing loss 65;Developmental and epileptic encephalopathy, 1;Caused by mutation in the TBC1 domain family, member 24",613577
TBC1D24,not specified,613577
TBC1D24,"not specified|not provided|Autosomal dominant nonsyndromic hearing loss 65;Developmental and epileptic encephalopathy, 1;Caused by mutation in the TBC1 domain family, member 24",613577
TBC1D24,"not specified|Autosomal dominant nonsyndromic hearing loss 65|Developmental and epileptic encephalopathy, 1;Autosomal dominant nonsyndromic hearing loss 65;Caused by mutation in the TBC1 domain family, member 24|Familial infantile myoclonic epilepsy|not provided|Inborn genetic diseases|Rolandic epilepsy-paroxysmal exercise-induced dystonia-writer's cramp syndrome",613577
SCN9A,"not specified|Paroxysmal extreme pain disorder|Channelopathy-associated congenital insensitivity to pain, autosomal recessive|Small fiber neuropathy|Primary erythromelalgia|not provided|Neuropathy, hereditary sensory and autonomic, type 2A;Generalized epilepsy with febrile seizures plus, type 7",603415
SCN9A,"not provided|Neuropathy, hereditary sensory and autonomic, type 2A;Generalized epilepsy with febrile seizures plus, type 7",603415
SCN9A,"not specified|Primary erythromelalgia|not provided|Generalized epilepsy with febrile seizures plus, type 7;Neuropathy, hereditary sensory and autonomic, type 2A|Channelopathy-associated congenital insensitivity to pain, autosomal recessive|Inborn genetic diseases|Paroxysmal extreme pain disorder|SCN9A-related disorder",603415
SCN9A,"not provided|Inborn genetic diseases|Neuropathy, hereditary sensory and autonomic, type 2A;Generalized epilepsy with febrile seizures plus, type 7",603415
SCN9A,not provided,603415
SCN9A,"not provided|Neuropathy, hereditary sensory and autonomic, type 2A;Generalized epilepsy with febrile seizures plus, type 7|Inborn genetic diseases|Paroxysmal extreme pain disorder",603415
SCN9A,"not provided|Neuropathy, hereditary sensory and autonomic, type 2A;Generalized epilepsy with febrile seizures plus, type 7|6 conditions|Inborn genetic diseases|Generalized epilepsy with febrile seizures plus, type 7",603415
ARX,"not provided|X-linked lissencephaly with abnormal genitalia;Developmental and epileptic encephalopathy, 1;Partington syndrome;Intellectual disability, X-linked, with or without seizures, ARX-related;Corpus callosum agenesis-abnormal genitalia syndrome|Developmental and epileptic encephalopathy, 1;Intellectual disability, X-linked, with or without seizures, ARX-related|Inborn genetic diseases",300382
ARX,"not provided|Developmental and epileptic encephalopathy, 1;Intellectual disability, X-linked, with or without seizures, ARX-related|Muscular dystrophy-dystroglycanopathy (congenital with brain and eye anomalies), type A6",300382
TSC1,Hereditary cancer-predisposing syndrome|Tuberous sclerosis 1|not provided,605284
TSC1,Hereditary cancer-predisposing syndrome|Tuberous sclerosis 1|not provided|TSC1-related disorder|Tuberous sclerosis syndrome,605284
TSC1,Hereditary cancer-predisposing syndrome|Tuberous sclerosis 1|TSC1-related disorder|Tuberous sclerosis syndrome,605284
TSC1,Hereditary cancer-predisposing syndrome|Tuberous sclerosis 1|Isolated focal cortical dysplasia type II,605284
TSC2,Hereditary cancer-predisposing syndrome,191092
TSC2,Hereditary cancer-predisposing syndrome|Tuberous sclerosis 2|Tuberous sclerosis syndrome|TSC2-related disorder,191092
TSC2,Hereditary cancer-predisposing syndrome|Dilated cardiomyopathy 1D|not provided|Tuberous sclerosis 2|Tuberous sclerosis syndrome,191092
TSC2,Hereditary cancer-predisposing syndrome|Tuberous sclerosis 2|TSC2-related disorder|not specified,191092
TSC2,Hereditary cancer-predisposing syndrome|not provided|Isolated focal cortical dysplasia type II|Tuberous sclerosis 2|Tuberous sclerosis syndrome,191092
TSC2,Hereditary cancer-predisposing syndrome|Tuberous sclerosis 2|Tuberous sclerosis syndrome|Ovarian cancer,191092
TSC2,Hereditary cancer-predisposing syndrome|Tuberous sclerosis 2|Tuberous sclerosis 2;Lymphangiomyomatosis;Isolated focal cortical dysplasia type II|Isolated focal cortical dysplasia type II,191092
TSC2,Hereditary cancer-predisposing syndrome|Tuberous sclerosis syndrome|Tuberous sclerosis 2,191092
TSC2,Hereditary cancer-predisposing syndrome|Tuberous sclerosis 2|Tuberous sclerosis syndrome|Isolated focal cortical dysplasia type II;Tuberous sclerosis 2;Lymphangiomyomatosis,191092
TSC2,Hereditary cancer-predisposing syndrome|Tuberous sclerosis 2|not provided|Isolated focal cortical dysplasia type II;Lymphangiomyomatosis;Tuberous sclerosis 2,191092
TSC2,Hereditary cancer-predisposing syndrome|not specified|Tuberous sclerosis 2|Tuberous sclerosis syndrome,191092
TSC2,Hereditary cancer-predisposing syndrome|Tuberous sclerosis 2|TSC2-related disorder|Tuberous sclerosis syndrome,191092
TSC2,Hereditary cancer-predisposing syndrome|Tuberous sclerosis 2|not provided|Isolated focal cortical dysplasia type II;Tuberous sclerosis 2;Lymphangiomyomatosis|Tuberous sclerosis syndrome,191092
TSC2,Hereditary cancer-predisposing syndrome|Tuberous sclerosis 2|Tuberous sclerosis syndrome|Isolated focal cortical dysplasia type II,191092
TSC2,Tuberous sclerosis 2|Hereditary cancer-predisposing syndrome|Tuberous sclerosis syndrome|not provided|Isolated focal cortical dysplasia type II;Lymphangiomyomatosis;Tuberous sclerosis 2,191092
PLCB1,"not provided|not specified|Developmental and epileptic encephalopathy, 12|Inborn genetic diseases",607120
SCN8A,6 conditions|Developmental and epileptic encephalopathy|not provided,600702
SCN3A,not provided|Developmental and epileptic encephalopathy,182391
SCN3A,not provided|SCN3A-related disorder|Developmental and epileptic encephalopathy,182391
SCN3A,not specified|not provided|SCN3A-related disorder,182391
SCN3A,"not provided|Inborn genetic diseases|Epilepsy, familial focal, with variable foci 4",182391
SCN3A,"Developmental and epileptic encephalopathy, 62;Epilepsy, familial focal, with variable foci 4|not provided",182391
SCN3A,not provided|not specified,182391
SCN2A,"not specified|not provided|Developmental and epileptic encephalopathy, 11;Seizures, benign familial infantile, 3|Seizures, benign familial infantile, 3|Inborn genetic diseases",182390
SCN9A,"Inherited Erythromelalgia|Primary erythromelalgia|Paroxysmal extreme pain disorder|Channelopathy-associated congenital insensitivity to pain, autosomal recessive|not provided|Generalized epilepsy with febrile seizures plus, type 7;Neuropathy, hereditary sensory and autonomic, type 2A|Generalized epilepsy with febrile seizures plus, type 7|Inborn genetic diseases",603415
SCN9A,"Neuropathy, hereditary sensory and autonomic, type 2A;Generalized epilepsy with febrile seizures plus, type 7|not provided|6 conditions|Generalized epilepsy with febrile seizures plus, type 7|Inborn genetic diseases",603415
GABRG2,"EPILEPSY, CHILDHOOD ABSENCE, SUSCEPTIBILITY TO, 2;Febrile seizures, familial, 8|Inborn genetic diseases",137164
KCNQ3,"Benign neonatal seizures|Benign Neonatal Epilepsy|Seizures, benign familial neonatal, 2|not provided",602232
TSC1,Tuberous sclerosis 1|not provided|TSC1-related disorder|Hereditary cancer-predisposing syndrome,605284
TSC1,Tuberous sclerosis 1|Hereditary cancer-predisposing syndrome|Isolated focal cortical dysplasia type II|not provided|Tuberous sclerosis syndrome,605284
TSC1,Tuberous sclerosis 1|not provided|Lymphangiomyomatosis;Tuberous sclerosis 1;Isolated focal cortical dysplasia type II|TSC1-related disorder|Hereditary cancer-predisposing syndrome,605284
TSC1,not specified|Tuberous sclerosis 1|Isolated focal cortical dysplasia type II|Hereditary cancer-predisposing syndrome|not provided|Tuberous sclerosis syndrome,605284
TSC1,Tuberous sclerosis 1|not specified|Hereditary cancer-predisposing syndrome,605284
TSC1,Tuberous sclerosis 1|Hereditary cancer-predisposing syndrome|Isolated focal cortical dysplasia type II;Lymphangiomyomatosis;Tuberous sclerosis 1,605284
TSC1,not specified|Tuberous sclerosis 1|Hereditary cancer-predisposing syndrome|Tuberous sclerosis syndrome|not provided|Isolated focal cortical dysplasia type II;Tuberous sclerosis 1;Lymphangiomyomatosis,605284
TSC1,Tuberous sclerosis 1|Hereditary cancer-predisposing syndrome|not provided|Isolated focal cortical dysplasia type II|Tuberous sclerosis syndrome,605284
TSC1,Tuberous sclerosis 1|not provided|TSC1-related disorder|Hereditary cancer-predisposing syndrome|Tuberous sclerosis syndrome,605284
TSC1,Tuberous sclerosis 1|not provided|Hereditary cancer-predisposing syndrome,605284
TSC1,not specified|Hereditary cancer-predisposing syndrome|Isolated focal cortical dysplasia type II|not provided|Tuberous sclerosis 1,605284
TSC1,Tuberous sclerosis 1|Isolated focal cortical dysplasia type II|not specified|Hereditary cancer-predisposing syndrome|not provided|Tuberous sclerosis syndrome,605284
TSC1,Tuberous sclerosis 1|Hereditary cancer-predisposing syndrome|not provided|TSC1-related disorder,605284
TSC1,Tuberous sclerosis 1|Isolated focal cortical dysplasia type II|Hereditary cancer-predisposing syndrome|Tuberous sclerosis syndrome,605284
TSC1,not provided|Hereditary cancer-predisposing syndrome|Tuberous sclerosis 1,605284
TSC1,Tuberous sclerosis 1|Hereditary cancer-predisposing syndrome|not provided|Ovarian cancer,605284
TSC1,not specified|Hereditary cancer-predisposing syndrome|Tuberous sclerosis 1|Isolated focal cortical dysplasia type II|not provided|Tuberous sclerosis syndrome|Isolated focal cortical dysplasia type II;Tuberous sclerosis 1;Lymphangiomyomatosis,605284
SCN8A,Developmental and epileptic encephalopathy|Inborn genetic diseases,600702
CHD2,Developmental and epileptic encephalopathy 94|not provided|Inborn genetic diseases,602119
CHD2,not specified|not provided|Developmental and epileptic encephalopathy 94|Inborn genetic diseases,602119
CHD2,not specified|not provided|Developmental and epileptic encephalopathy 94|Inborn genetic diseases|CHD2-related disorder,602119
CHD2,Developmental and epileptic encephalopathy 94|not specified|Inborn genetic diseases|not provided,602119
CHD2,Developmental and epileptic encephalopathy 94|Inborn genetic diseases|not provided|CHD2-related disorder,602119
TSC2,not specified|not provided|Hereditary cancer-predisposing syndrome|Tuberous sclerosis 2|Tuberous sclerosis syndrome|Hypertrophic cardiomyopathy 7,191092
TSC2,Tuberous sclerosis 2,191092
TSC2,Tuberous sclerosis 2|not specified|Hereditary cancer-predisposing syndrome|Tuberous sclerosis syndrome,191092
TSC2,Tuberous sclerosis 2|Tuberous sclerosis syndrome|Hereditary cancer-predisposing syndrome|not specified|not provided|Isolated focal cortical dysplasia type II;Lymphangiomyomatosis;Tuberous sclerosis 2,191092
TSC2,Tuberous sclerosis 2|Hereditary cancer-predisposing syndrome|not provided|Lymphangiomyomatosis;Isolated focal cortical dysplasia type II;Tuberous sclerosis 2,191092
TSC2,Tuberous sclerosis 2|not specified,191092
TSC2,Tuberous sclerosis 2|Hereditary cancer-predisposing syndrome|Isolated focal cortical dysplasia type II|Tuberous sclerosis syndrome,191092
TSC2,not provided|Tuberous sclerosis 2|Hereditary cancer-predisposing syndrome|TSC2-related disorder|Tuberous sclerosis syndrome,191092
TSC2,Hereditary cancer-predisposing syndrome|Tuberous sclerosis 2|not specified|TSC2-related disorder|Isolated focal cortical dysplasia type II;Tuberous sclerosis 2;Lymphangiomyomatosis,191092
TSC2,Tuberous sclerosis 2|not specified|Hereditary cancer-predisposing syndrome|Lymphangiomyomatosis;Isolated focal cortical dysplasia type II;Tuberous sclerosis 2|TSC2-related disorder,191092
TSC2,Tuberous sclerosis 2|not provided|not specified|Tuberous sclerosis syndrome|Hereditary cancer-predisposing syndrome|Isolated focal cortical dysplasia type II|TSC2-related disorder,191092
TSC2,Tuberous sclerosis 2|Hereditary cancer-predisposing syndrome|Lymphangiomyomatosis|not provided|Tuberous sclerosis 2;Lymphangiomyomatosis;Isolated focal cortical dysplasia type II,191092
TSC2,Tuberous sclerosis 2|Hereditary cancer-predisposing syndrome|Lymphangiomyomatosis;Isolated focal cortical dysplasia type II;Tuberous sclerosis 2,191092
TSC2,Tuberous sclerosis 2|Isolated focal cortical dysplasia type II;Lymphangiomyomatosis;Tuberous sclerosis 2|Hereditary cancer-predisposing syndrome|not provided|Tuberous sclerosis syndrome,191092
TSC2,not provided|Hereditary cancer-predisposing syndrome|Tuberous sclerosis 2|Tuberous sclerosis syndrome|TSC2-related disorder,191092
TSC2,Tuberous sclerosis 2|not specified|Tuberous sclerosis syndrome|Hereditary cancer-predisposing syndrome|TSC2-related disorder,191092
TSC2,Tuberous sclerosis 2|not specified|Hereditary cancer-predisposing syndrome|Tuberous sclerosis syndrome|TSC2-related disorder,191092
TSC2,Tuberous sclerosis 2|not provided|Hereditary cancer-predisposing syndrome|Tuberous sclerosis syndrome|Lymphangiomyomatosis;Isolated focal cortical dysplasia type II;Tuberous sclerosis 2,191092
TSC2,Tuberous sclerosis 2|Hereditary cancer-predisposing syndrome|Ovarian cancer,191092
TSC2,Tuberous sclerosis 2|Hereditary cancer-predisposing syndrome|not specified|Lymphangiomyomatosis;Isolated focal cortical dysplasia type II;Tuberous sclerosis 2|not provided|Tuberous sclerosis syndrome|TSC2-related disorder,191092
TSC2,Tuberous sclerosis 2|Hereditary cancer-predisposing syndrome|not provided|Isolated focal cortical dysplasia type II;Lymphangiomyomatosis;Tuberous sclerosis 2|Tuberous sclerosis syndrome|TSC2-related disorder|not specified,191092
TSC2,Tuberous sclerosis 2|not specified|Hereditary cancer-predisposing syndrome,191092
TSC2,Tuberous sclerosis 2|Hereditary cancer-predisposing syndrome|not specified,191092
TSC2,Tuberous sclerosis 2|Tuberous sclerosis syndrome|Hereditary cancer-predisposing syndrome|not provided|not specified|TSC2-related disorder,191092
TSC2,Tuberous sclerosis 2|not specified|not provided|Hereditary cancer-predisposing syndrome|Tuberous sclerosis syndrome,191092
TSC2,Tuberous sclerosis 2|Hereditary cancer-predisposing syndrome|Tuberous sclerosis syndrome|TSC2-related disorder,191092
TSC2,Tuberous sclerosis 2|Tuberous sclerosis syndrome|Hereditary cancer-predisposing syndrome|TSC2-related disorder,191092
TSC2,Tuberous sclerosis 2|not provided|Hereditary cancer-predisposing syndrome,191092
TSC2,Tuberous sclerosis 2|Tuberous sclerosis syndrome|not provided|Lymphangiomyomatosis;Isolated focal cortical dysplasia type II;Tuberous sclerosis 2,191092
TSC2,Tuberous sclerosis 2|Hereditary cancer-predisposing syndrome|not provided|Tuberous sclerosis syndrome|TSC2-related disorder,191092
TSC2,Tuberous sclerosis 2|TSC2-related disorder,191092
TSC2,Tuberous sclerosis 2|Hereditary cancer-predisposing syndrome|not provided|Isolated focal cortical dysplasia type II;Lymphangiomyomatosis;Tuberous sclerosis 2|TSC2-related disorder|Tuberous sclerosis syndrome,191092
TSC2,Tuberous sclerosis 2|Hereditary cancer-predisposing syndrome|TSC2-related disorder|not provided|Isolated focal cortical dysplasia type II;Lymphangiomyomatosis;Tuberous sclerosis 2,191092
TSC2,Tuberous sclerosis 2|Isolated focal cortical dysplasia type II|Tuberous sclerosis syndrome,191092
TSC2,Tuberous sclerosis 2|not specified|Isolated focal cortical dysplasia type II;Tuberous sclerosis 2;Lymphangiomyomatosis|Hereditary cancer-predisposing syndrome|not provided|TSC2-related disorder,191092
TSC2,Tuberous sclerosis 2|Tuberous sclerosis syndrome|Seizure;Neurodevelopmental delay|Hereditary cancer-predisposing syndrome|Isolated focal cortical dysplasia type II|not provided|Lymphangiomyomatosis;Isolated focal cortical dysplasia type II;Tuberous sclerosis 2,191092
TSC2,Tuberous sclerosis 2|Hereditary cancer-predisposing syndrome|not specified|Tuberous sclerosis syndrome|TSC2-related disorder,191092
TSC2,Tuberous sclerosis 2|not specified|Hereditary cancer-predisposing syndrome|not provided|Tuberous sclerosis syndrome,191092
TSC2,Tuberous sclerosis 2|not provided|Lymphangiomyomatosis,191092
TSC2,not specified|Tuberous sclerosis 2|not provided|Tuberous sclerosis syndrome,191092
TSC2,Tuberous sclerosis 2|Isolated focal cortical dysplasia type II|Hereditary cancer-predisposing syndrome|not provided|Tuberous sclerosis syndrome|TSC2-related disorder,191092
TSC2,Tuberous sclerosis 2|not specified|not provided|Hereditary cancer-predisposing syndrome|Isolated focal cortical dysplasia type II;Lymphangiomyomatosis;Tuberous sclerosis 2|TSC2-related disorder,191092
TSC2,Hereditary cancer-predisposing syndrome|not provided|Tuberous sclerosis 2|not specified,191092
TSC2,Tuberous sclerosis 2|not provided|Tuberous sclerosis syndrome|Hereditary cancer-predisposing syndrome,191092
TSC2,Hereditary cancer-predisposing syndrome|Tuberous sclerosis 2|not provided|TSC2-related disorder|not specified,191092
TSC2,Tuberous sclerosis 2|Tuberous sclerosis syndrome|Hereditary cancer-predisposing syndrome,191092
TSC2,Tuberous sclerosis 2|Hereditary cancer-predisposing syndrome|Isolated focal cortical dysplasia type II;Lymphangiomyomatosis;Tuberous sclerosis 2|Tuberous sclerosis syndrome,191092
TSC2,Tuberous sclerosis 2|Hereditary cancer-predisposing syndrome|not provided|TSC2-related disorder|Tuberous sclerosis syndrome|Isolated focal cortical dysplasia type II;Lymphangiomyomatosis;Tuberous sclerosis 2,191092
TSC2,not provided|Hereditary cancer-predisposing syndrome|Tuberous sclerosis 2|Isolated focal cortical dysplasia type II;Lymphangiomyomatosis;Tuberous sclerosis 2|Tuberous sclerosis syndrome|TSC2-related disorder,191092
TBC1D24,"Developmental and epileptic encephalopathy, 1;Autosomal dominant nonsyndromic hearing loss 65;Caused by mutation in the TBC1 domain family, member 24|not provided",613577
DEPDC5,Familial focal epilepsy with variable foci,614191
DEPDC5,Familial focal epilepsy with variable foci|not specified|not provided|Inborn genetic diseases,614191
DEPDC5,"not provided|Self-limited epilepsy with centrotemporal spikes|Epilepsy, familial focal, with variable foci 1|Familial focal epilepsy with variable foci|Inborn genetic diseases|DEPDC5-related disorder|not specified",614191
DEPDC5,Familial focal epilepsy with variable foci|not provided,614191
DEPDC5,Familial focal epilepsy with variable foci|not specified|Inborn genetic diseases|not provided,614191
DEPDC5,"Epilepsy, familial focal, with variable foci 1|Self-limited epilepsy with centrotemporal spikes|Familial focal epilepsy with variable foci|not provided|DEPDC5-related disorder|Inborn genetic diseases|Cervical cancer|not specified|Clear cell carcinoma of kidney|Thymoma",614191
DEPDC5,not provided|Familial focal epilepsy with variable foci,614191
ARX,"Intellectual disability, X-linked, with or without seizures, ARX-related;Developmental and epileptic encephalopathy, 1|Inborn genetic diseases",300382
ARX,"not specified|Intellectual disability, X-linked, with or without seizures, ARX-related;Developmental and epileptic encephalopathy, 1",300382
ARX,"Intellectual disability, X-linked, with or without seizures, ARX-related;Developmental and epileptic encephalopathy, 1|not specified|not provided",300382
SCN9A,"not provided|Generalized epilepsy with febrile seizures plus, type 7;Neuropathy, hereditary sensory and autonomic, type 2A|Paroxysmal extreme pain disorder",603415
SCN9A,not provided|Paroxysmal extreme pain disorder,603415
SCN9A,"not provided|Neuropathy, hereditary sensory and autonomic, type 2A;Generalized epilepsy with febrile seizures plus, type 7|Channelopathy-associated congenital insensitivity to pain, autosomal recessive",603415
SCN9A,"not provided|Generalized epilepsy with febrile seizures plus, type 7;Neuropathy, hereditary sensory and autonomic, type 2A|Inborn genetic diseases|SCN9A-related disorder",603415
SCN9A,"Generalized epilepsy with febrile seizures plus, type 7;Neuropathy, hereditary sensory and autonomic, type 2A|not provided|Inborn genetic diseases|Channelopathy-associated congenital insensitivity to pain, autosomal recessive;Paroxysmal extreme pain disorder;Neuropathy, hereditary sensory and autonomic, type 2A;Primary erythromelalgia",603415
SCN9A,not provided|SCN9A-related disorder,603415
SCN9A,"not provided|Paroxysmal extreme pain disorder|Channelopathy-associated congenital insensitivity to pain, autosomal recessive|Neuropathy, hereditary sensory and autonomic, type 2A;Generalized epilepsy with febrile seizures plus, type 7|Inherited Erythromelalgia|Primary erythromelalgia|Inborn genetic diseases|Neuropathy, hereditary sensory and autonomic, type 2A;Paroxysmal extreme pain disorder;Channelopathy-associated congenital insensitivity to pain, autosomal recessive;Generalized epilepsy with febrile seizures plus, type 7;Primary erythromelalgia",603415
SCN9A,"not provided|Neuropathy, hereditary sensory and autonomic, type 2A;Generalized epilepsy with febrile seizures plus, type 7|Generalized epilepsy with febrile seizures plus, type 7|Inborn genetic diseases",603415
SCN9A,"not provided|Inborn genetic diseases|Neuropathy, hereditary sensory and autonomic, type 2A;Paroxysmal extreme pain disorder;Channelopathy-associated congenital insensitivity to pain, autosomal recessive;Primary erythromelalgia|Neuropathy, hereditary sensory and autonomic, type 2A;Generalized epilepsy with febrile seizures plus, type 7",603415
CHD2,not specified|Developmental and epileptic encephalopathy 94|not provided|Inborn genetic diseases,602119
SCN8A,"Seizures, benign familial infantile, 5|not provided|Epilepsy|Complex neurodevelopmental disorder|Developmental and epileptic encephalopathy, 13|Developmental and epileptic encephalopathy|Seizure",600702
SCN8A,"Developmental and epileptic encephalopathy, 13|not provided|Cognitive impairment with or without cerebellar ataxia",600702
SCN8A,"Developmental and epileptic encephalopathy, 13|Developmental and epileptic encephalopathy",600702
SCN8A,"Developmental and epileptic encephalopathy, 13|not provided|Developmental and epileptic encephalopathy",600702
SCN8A,"Developmental and epileptic encephalopathy, 13|not provided|Complex neurodevelopmental disorder",600702
SCN8A,"Developmental and epileptic encephalopathy, 13|not provided|Developmental and epileptic encephalopathy|SCN8A-related disorder|Complex neurodevelopmental disorder",600702
SCN8A,"Developmental and epileptic encephalopathy, 13|not provided",600702
SCN8A,"Developmental and epileptic encephalopathy, 13|Epileptic encephalopathy|not provided",600702
SCN8A,"Developmental and epileptic encephalopathy, 13|Developmental and epileptic encephalopathy|not provided|Cognitive impairment with or without cerebellar ataxia;Developmental and epileptic encephalopathy, 13;Seizures, benign familial infantile, 5;Myoclonus, familial, 2|Complex neurodevelopmental disorder",600702
SCN8A,"Developmental and epileptic encephalopathy, 13|Developmental and epileptic encephalopathy|not specified",600702
NPRL3,"Epilepsy, familial focal, with variable foci 3",600928
NPRL3,"Epilepsy, familial focal, with variable foci 3|not provided",600928
SCN2A,"not specified|Seizures, benign familial infantile, 3;Developmental and epileptic encephalopathy, 11|Developmental and epileptic encephalopathy, 11|not provided|Seizures, benign familial infantile, 3|Episodic ataxia, type 9",182390
SCN1A,"not specified|Developmental and epileptic encephalopathy|Generalized epilepsy with febrile seizures plus, type 2;Migraine, familial hemiplegic, 3;Developmental and epileptic encephalopathy 6B;Severe myoclonic epilepsy in infancy|not provided",182389
SCN9A,"not specified|not provided|Paroxysmal extreme pain disorder|Primary erythromelalgia|Channelopathy-associated congenital insensitivity to pain, autosomal recessive|Neuropathy, hereditary sensory and autonomic, type 2A;Generalized epilepsy with febrile seizures plus, type 7",603415
SCN9A,"not specified|Paroxysmal extreme pain disorder|Small fiber neuropathy|Channelopathy-associated congenital insensitivity to pain, autosomal recessive|Primary erythromelalgia|Generalized epilepsy with febrile seizures plus, type 7;Neuropathy, hereditary sensory and autonomic, type 2A|Uterine corpus endometrial carcinoma|Sarcoma|Gastric cancer|Ovarian serous cystadenocarcinoma",603415
SCN9A,"not specified|Generalized epilepsy with febrile seizures plus, type 7;Neuropathy, hereditary sensory and autonomic, type 2A|Paroxysmal extreme pain disorder|Channelopathy-associated congenital insensitivity to pain, autosomal recessive|Primary erythromelalgia|Channelopathy-associated congenital insensitivity to pain, autosomal recessive;Paroxysmal extreme pain disorder;Neuropathy, hereditary sensory and autonomic, type 2A;Primary erythromelalgia|Inborn genetic diseases|not provided",603415
SCN9A,"not specified|Neuropathy, hereditary sensory and autonomic, type 2A;Generalized epilepsy with febrile seizures plus, type 7|Inborn genetic diseases",603415
SCN9A,not specified|not provided,603415
SCN9A,"not specified|Channelopathy-associated congenital insensitivity to pain, autosomal recessive|Paroxysmal extreme pain disorder|Primary erythromelalgia|Inherited Erythromelalgia|not provided|Neuropathy, hereditary sensory and autonomic, type 2A;Generalized epilepsy with febrile seizures plus, type 7",603415
ALDH7A1,not specified|Pyridoxine-dependent epilepsy|not provided|Germ cell tumor of testis|Ovarian cancer|Sarcoma|Malignant tumor of esophagus|Cervical cancer|Gastric cancer|Ovarian serous cystadenocarcinoma|Thymoma|Acute myeloid leukemia,107323
GABRA1,"not specified|not provided|Idiopathic generalized epilepsy;Epilepsy, childhood absence 4;Epilepsy, idiopathic generalized, susceptibility to, 13",137160
GABRA1,"not specified|Idiopathic generalized epilepsy;Epilepsy, childhood absence 4;Epilepsy, idiopathic generalized, susceptibility to, 13",137160
TSC1,not specified|Tuberous sclerosis 1|Hereditary cancer-predisposing syndrome|not provided,605284
TSC1,not specified|Tuberous sclerosis 1|Isolated focal cortical dysplasia type II|Hereditary cancer-predisposing syndrome|Isolated focal cortical dysplasia type II;Tuberous sclerosis 1;Lymphangiomyomatosis|not provided|Tuberous sclerosis syndrome,605284
SCN8A,"not specified|Developmental and epileptic encephalopathy|not provided|Seizures, benign familial infantile, 5|Cognitive impairment with or without cerebellar ataxia|Myoclonus, familial, 2|Developmental and epileptic encephalopathy, 13",600702
CHD2,not specified|Developmental and epileptic encephalopathy 94|not provided|Inborn genetic diseases|CHD2-related disorder,602119
CHD2,not specified|Developmental and epileptic encephalopathy 94|not provided,602119
CHD2,not specified|not provided|Inborn genetic diseases|Developmental and epileptic encephalopathy 94,602119
TSC2,not specified|not provided|Tuberous sclerosis 2|Hereditary cancer-predisposing syndrome,191092
TSC2,not specified|Tuberous sclerosis 2|Hereditary cancer-predisposing syndrome|not provided|Isolated focal cortical dysplasia type II;Lymphangiomyomatosis;Tuberous sclerosis 2|Tuberous sclerosis syndrome,191092
TSC2,not specified|not provided|Tuberous sclerosis 2|Hereditary cancer-predisposing syndrome|Tuberous sclerosis syndrome,191092
TSC2,not specified|Hereditary cancer-predisposing syndrome,191092
PLCB1,"not specified|Early Infantile Epileptic Encephalopathy, Autosomal Recessive|Developmental and epileptic encephalopathy, 12|not provided",607120
DEPDC5,not specified|Familial focal epilepsy with variable foci|not provided,614191
DEPDC5,not specified|Familial focal epilepsy with variable foci|not provided|Inborn genetic diseases|Uterine corpus endometrial carcinoma|Sarcoma|Colon adenocarcinoma|Melanoma|Nonpapillary renal cell carcinoma|Thymoma|Lung cancer|Cholangiocarcinoma|Acute myeloid leukemia|Hepatocellular carcinoma|Malignant tumor of esophagus,614191
DEPDC5,not specified|Familial focal epilepsy with variable foci|not provided|Inborn genetic diseases,614191
DEPDC5,"not specified|Familial focal epilepsy with variable foci|not provided|Inborn genetic diseases|Malignant lymphoma, large B-cell, diffuse|Cholangiocarcinoma|Familial cancer of breast",614191
DEPDC5,not specified|not provided,614191
CDKL5,"not specified|Developmental and epileptic encephalopathy, 2;Angelman syndrome-like|CDKL5 disorder|not provided",300203
CDKL5,"not specified|Developmental and epileptic encephalopathy, 2;Angelman syndrome-like|not provided",300203
DEPDC5,"Epilepsy, familial focal, with variable foci 1|Familial focal epilepsy with variable foci|not provided|Inborn genetic diseases|DEPDC5-related disorder",614191
DEPDC5,"Epilepsy, familial focal, with variable foci 1|Self-limited epilepsy with centrotemporal spikes|Familial focal epilepsy with variable foci",614191
DEPDC5,"Epilepsy, familial focal, with variable foci 1|Familial focal epilepsy with variable foci|Squamous cell carcinoma of the head and neck",614191
DEPDC5,"Epilepsy, familial focal, with variable foci 1|Familial focal epilepsy with variable foci|not provided",614191
DEPDC5,"Epilepsy, familial focal, with variable foci 1|not provided|Familial focal epilepsy with variable foci|Inborn genetic diseases|Sarcoma",614191
DEPDC5,"Epilepsy, familial focal, with variable foci 1|not provided|Familial focal epilepsy with variable foci|Malignant tumor of esophagus|Uterine corpus endometrial carcinoma",614191
DEPDC5,"Epilepsy, familial focal, with variable foci 1|not provided|Familial focal epilepsy with variable foci|Inborn genetic diseases",614191
DEPDC5,"Epilepsy, familial focal, with variable foci 1|not provided|Familial focal epilepsy with variable foci|DEPDC5-related disorder|Inborn genetic diseases",614191
DEPDC5,"Epilepsy, familial focal, with variable foci 1|Familial focal epilepsy with variable foci|not provided|DEPDC5-related disorder",614191
DEPDC5,"Epilepsy, familial focal, with variable foci 1|Familial focal epilepsy with variable foci|Epilepsy, familial focal, with variable foci 1;Developmental and epileptic encephalopathy 111",614191
DEPDC5,"Epilepsy, familial focal, with variable foci 1|Self-limited epilepsy with centrotemporal spikes|Familial focal epilepsy with variable foci|not provided|DEPDC5-related disorder|Inborn genetic diseases",614191
DEPDC5,"Epilepsy, familial focal, with variable foci 1|Self-limited epilepsy with centrotemporal spikes",614191
DEPDC5,"Epilepsy, familial focal, with variable foci 1|Familial focal epilepsy with variable foci|not provided|DEPDC5-related disorder|not specified",614191
DEPDC5,"Epilepsy, familial focal, with variable foci 1|Familial focal epilepsy with variable foci|not provided|Seizure",614191
DEPDC5,"Epilepsy, familial focal, with variable foci 1|Familial focal epilepsy with variable foci|Inborn genetic diseases|See cases",614191
SLC2A1,not provided|Colon adenocarcinoma,138140
SLC2A1,"not provided|Encephalopathy due to GLUT1 deficiency|GLUT1 deficiency syndrome 1, autosomal recessive|Seizure",138140
SCN1A,not provided|Inborn genetic diseases,182389
SCN1A,"not provided|Generalized epilepsy with febrile seizures plus, type 2;Migraine, familial hemiplegic, 3;Severe myoclonic epilepsy in infancy|Severe myoclonic epilepsy in infancy|Migraine, familial hemiplegic, 3|Developmental and epileptic encephalopathy|Generalized epilepsy with febrile seizures plus, type 2;Migraine, familial hemiplegic, 3;Developmental and epileptic encephalopathy 6B;Severe myoclonic epilepsy in infancy|Inborn genetic diseases",182389
SCN1A,"not provided|Severe myoclonic epilepsy in infancy;Generalized epilepsy with febrile seizures plus, type 2;Migraine, familial hemiplegic, 3|Developmental and epileptic encephalopathy|not specified",182389
ALDH7A1,not provided|Pyridoxine-dependent epilepsy|Intellectual disability|Inborn genetic diseases|not specified,107323
ALDH7A1,not provided|Pyridoxine-dependent epilepsy|ALDH7A1-related disorder,107323
ALDH7A1,not provided|Pyridoxine-dependent epilepsy|Neonatal seizure,107323
GABRA1,"not provided|Intractable seizure|Epilepsy, idiopathic generalized, susceptibility to, 13;Idiopathic generalized epilepsy;Epilepsy, childhood absence 4|Developmental and epileptic encephalopathy, 19;Epilepsy, idiopathic generalized, susceptibility to, 13|Developmental and epileptic encephalopathy, 19",137160
GABRA1,"not provided|Developmental and epileptic encephalopathy, 19|Idiopathic generalized epilepsy;Epilepsy, childhood absence 4;Epilepsy, idiopathic generalized, susceptibility to, 13|Developmental and epileptic encephalopathy, 19;Epilepsy, idiopathic generalized, susceptibility to, 13",137160
GABRA1,"Epilepsy, idiopathic generalized, susceptibility to, 13;Epilepsy, childhood absence 4;Idiopathic generalized epilepsy|not provided",137160
STXBP1,not provided|Infantile epilepsy syndrome|Developmental and epileptic encephalopathy,602926
FOXG1,"not provided|Inborn genetic diseases|Rett syndrome, congenital variant",164874
CHD2,not provided,602119
KCNQ2,"Developmental and epileptic encephalopathy, 7|not provided|Developmental and epileptic encephalopathy",602235
ARX,"not provided|Developmental and epileptic encephalopathy, 1",300382
TBC1D24,Inborn genetic diseases|not provided|not specified,613577
TSC2,Tuberous sclerosis 2|Isolated focal cortical dysplasia type II,191092
SLC2A1,"not provided|Encephalopathy due to GLUT1 deficiency|GLUT1 deficiency syndrome 1, autosomal recessive|Childhood onset GLUT1 deficiency syndrome 2|Inborn genetic diseases",138140
SCN1A,not provided|Inborn genetic diseases|Developmental and epileptic encephalopathy,182389
SLC6A1,not provided|Global developmental delay|Epilepsy with myoclonic atonic seizures,137165
ALDH7A1,Inborn genetic diseases|not provided|Pyridoxine-dependent epilepsy|Epilepsy,107323
STXBP1,Developmental and epileptic encephalopathy|not provided|Infantile epilepsy syndrome,602926
STXBP1,"not provided|Developmental and epileptic encephalopathy, 4|Developmental and epileptic encephalopathy|Inborn genetic diseases|Infantile epilepsy syndrome",602926
PRRT2,not provided|Episodic kinesigenic dyskinesia|Episodic kinesigenic dyskinesia 1,614386
SCN8A,"not provided|Developmental and epileptic encephalopathy|Seizures, benign familial infantile, 5;Developmental and epileptic encephalopathy, 13;Cognitive impairment with or without cerebellar ataxia",600702
TSC2,not provided|Tuberous sclerosis 2|Lymphangiomyomatosis;Isolated focal cortical dysplasia type II;Tuberous sclerosis 2,191092
CHD2,not provided|Developmental and epileptic encephalopathy 94,602119
TSC2,not provided|Tuberous sclerosis 2|Tuberous sclerosis 1|Tuberous sclerosis syndrome,191092
KCNQ2,"not provided|Developmental and epileptic encephalopathy, 7|Developmental and epileptic encephalopathy|Complex neurodevelopmental disorder",602235
TSC2,not provided|Lymphangiomyomatosis;Isolated focal cortical dysplasia type II;Tuberous sclerosis 2|Tuberous sclerosis syndrome,191092
MECP2,not provided|Inborn genetic diseases|Severe neonatal-onset encephalopathy with microcephaly|not specified,300005
KCNQ2,not provided|KCNQ2-related disorder|Developmental and epileptic encephalopathy,602235
MECP2,not provided|Severe neonatal-onset encephalopathy with microcephaly|Inborn genetic diseases|X-linked intellectual disability-psychosis-macroorchidism syndrome|Seizure,300005
PRRT2,Inborn genetic diseases|Episodic kinesigenic dyskinesia|not specified|not provided,614386
TSC2,Hereditary cancer-predisposing syndrome|not specified|not provided|Tuberous sclerosis 2,191092
KCNQ2,"not provided|Seizures, benign familial neonatal, 1|Developmental and epileptic encephalopathy|Seizure",602235
SCN2A,"not provided|SCN2A-related disorder|Seizures, benign familial infantile, 3;Developmental and epileptic encephalopathy, 11|Inborn genetic diseases|Complex neurodevelopmental disorder|Seizures, benign familial infantile, 3;Episodic ataxia, type 9;Developmental and epileptic encephalopathy, 11",182390
SCN1A,not provided|Inborn genetic diseases|not specified|Developmental and epileptic encephalopathy,182389
PLCB1,"Developmental and epileptic encephalopathy, 12|not specified|PLCB1-related disorder|not provided|Inborn genetic diseases",607120
KCNQ2,"not provided|Developmental and epileptic encephalopathy|Developmental and epileptic encephalopathy, 7;Seizures, benign familial neonatal, 1",602235
SCN1A,not provided|Developmental and epileptic encephalopathy|Inborn genetic diseases|Generalized epilepsy with febrile seizures plus,182389
PRRT2,"Inborn genetic diseases|Episodic kinesigenic dyskinesia|not specified|not provided|Infantile convulsions and choreoathetosis;Episodic kinesigenic dyskinesia 1;Seizures, benign familial infantile, 2",614386
TBC1D24,"Developmental and epileptic encephalopathy, 1;Autosomal dominant nonsyndromic hearing loss 65;Caused by mutation in the TBC1 domain family, member 24|not specified|Inborn genetic diseases|TBC1D24-related disorder|not provided",613577
PCDH19,"not provided|Developmental and epileptic encephalopathy, 9|PCDH19-related disorder",300460
SCN9A,"not provided|Inborn genetic diseases|Generalized epilepsy with febrile seizures plus, type 7;Neuropathy, hereditary sensory and autonomic, type 2A",603415
SCN9A,"not specified|not provided|Generalized epilepsy with febrile seizures plus, type 7;Neuropathy, hereditary sensory and autonomic, type 2A|Inborn genetic diseases",603415
CDKL5,"not provided|Angelman syndrome-like;Developmental and epileptic encephalopathy, 2|CDKL5 disorder|Nonpapillary renal cell carcinoma",300203
SLC2A1,"not provided|GLUT1 deficiency syndrome 1, autosomal recessive|Encephalopathy due to GLUT1 deficiency|Dystonia 9|Inborn genetic diseases",138140
PLCB1,"not specified|Developmental and epileptic encephalopathy, 12|Inborn genetic diseases|not provided|PLCB1-related disorder",607120
SCN1A,not provided|Inborn genetic diseases|Developmental and epileptic encephalopathy|SCN1A-related disorder,182389
CDKL5,"not specified|not provided|Angelman syndrome-like;Developmental and epileptic encephalopathy, 2|CDKL5 disorder",300203
CDKL5,"not specified|not provided|Angelman syndrome-like;Developmental and epileptic encephalopathy, 2|CDKL5 disorder|CDKL5-related disorder",300203
SCN8A,"not specified|Developmental and epileptic encephalopathy|Inborn genetic diseases|Seizures, benign familial infantile, 5;Myoclonus, familial, 2;Cognitive impairment with or without cerebellar ataxia;Developmental and epileptic encephalopathy, 13|not provided",600702
TBC1D24,"not specified|not provided|Developmental and epileptic encephalopathy, 1;Autosomal dominant nonsyndromic hearing loss 65;Caused by mutation in the TBC1 domain family, member 24",613577
TBC1D24,"not provided|Developmental and epileptic encephalopathy, 1;Caused by mutation in the TBC1 domain family, member 24;Autosomal dominant nonsyndromic hearing loss 65|Inborn genetic diseases|not specified",613577
TSC2,not provided|Tuberous sclerosis 2|Hereditary cancer-predisposing syndrome|Tuberous sclerosis syndrome|TSC2-related disorder,191092
SCN9A,"Channelopathy-associated congenital insensitivity to pain, autosomal recessive|Paroxysmal extreme pain disorder|Small fiber neuropathy|Primary erythromelalgia|not specified|not provided|Generalized epilepsy with febrile seizures plus, type 7;Neuropathy, hereditary sensory and autonomic, type 2A|Inborn genetic diseases",603415
CDKL5,"not specified|Angelman syndrome-like;Developmental and epileptic encephalopathy, 2|Inborn genetic diseases",300203
KCNQ2,Developmental and epileptic encephalopathy|not specified|not provided,602235
PLCB1,"not provided|Developmental and epileptic encephalopathy, 12|PLCB1-related disorder",607120
SCN9A,"Congenital Indifference to Pain|Inherited Erythromelalgia|Generalized epilepsy with febrile seizures plus|not provided|Febrile seizures, familial|Small fiber neuropathy|Paroxysmal extreme pain disorder|Severe myoclonic epilepsy in infancy|Neuropathy, hereditary sensory and autonomic, type 2A;Generalized epilepsy with febrile seizures plus, type 7",603415
MECP2,not provided|Severe neonatal-onset encephalopathy with microcephaly|Rett syndrome|not specified,300005
SCN9A,"not specified|Generalized epilepsy with febrile seizures plus, type 7;Neuropathy, hereditary sensory and autonomic, type 2A|Inborn genetic diseases",603415
SCN9A,"not provided|Neuropathy, hereditary sensory and autonomic, type 2A;Generalized epilepsy with febrile seizures plus, type 7|Inborn genetic diseases|Familial cancer of breast",603415
SCN8A,"not provided|Abnormal cerebral morphology|Developmental and epileptic encephalopathy, 13;Seizures, benign familial infantile, 5;Cognitive impairment with or without cerebellar ataxia|Developmental and epileptic encephalopathy, 13|Developmental and epileptic encephalopathy",600702
GABRG2,"EPILEPSY, CHILDHOOD ABSENCE, SUSCEPTIBILITY TO, 2;Febrile seizures, familial, 8|not specified|Inborn genetic diseases|not provided",137164
SCN9A,"Channelopathy-associated congenital insensitivity to pain, autosomal recessive|Primary erythromelalgia|Inherited Erythromelalgia|Paroxysmal extreme pain disorder|Inborn genetic diseases|not provided|not specified|Generalized epilepsy with febrile seizures plus, type 7;Neuropathy, hereditary sensory and autonomic, type 2A|SCN9A-related disorder",603415
SLC2A1,Encephalopathy due to GLUT1 deficiency|Dystonia 9,138140
SLC2A1,Encephalopathy due to GLUT1 deficiency|Dystonia 9|not provided|Hepatocellular carcinoma,138140
SLC2A1,Dystonia 9|Encephalopathy due to GLUT1 deficiency,138140
SLC2A1,GLUT1 deficiency syndrome|Dystonic disorder,138140
SLC2A1,"Dystonia 9|Encephalopathy due to GLUT1 deficiency|not provided|Epilepsy, idiopathic generalized, susceptibility to, 12|Childhood onset GLUT1 deficiency syndrome 2|Hereditary cryohydrocytosis with reduced stomatin",138140
SLC2A1,"Encephalopathy due to GLUT1 deficiency|Dystonia 9|GLUT1 deficiency syndrome 1, autosomal recessive",138140
SLC2A1,"Encephalopathy due to GLUT1 deficiency|Dystonia 9|not specified|Childhood onset GLUT1 deficiency syndrome 2|GLUT1 deficiency syndrome 1, autosomal recessive|not provided|Inborn genetic diseases|Hereditary cryohydrocytosis with reduced stomatin|Epilepsy, idiopathic generalized, susceptibility to, 12|SLC2A1-related disorder",138140
SLC2A1,"Dystonia 9|Encephalopathy due to GLUT1 deficiency|not provided|Hereditary cryohydrocytosis with reduced stomatin|Childhood onset GLUT1 deficiency syndrome 2|Epilepsy, idiopathic generalized, susceptibility to, 12",138140
SLC2A1,Dystonic disorder|GLUT1 deficiency syndrome,138140
SLC2A1,GLUT1 deficiency syndrome|Dystonic disorder|not provided,138140
SLC2A1,Dystonia 9|Encephalopathy due to GLUT1 deficiency|not provided,138140
SLC2A1,"Dystonia 9|Encephalopathy due to GLUT1 deficiency|not specified|GLUT1 deficiency syndrome 1, autosomal recessive|Epilepsy, idiopathic generalized, susceptibility to, 12|Childhood onset GLUT1 deficiency syndrome 2|Hereditary cryohydrocytosis with reduced stomatin",138140
SLC2A1,"Encephalopathy due to GLUT1 deficiency|Dystonia 9|not provided|Hereditary cryohydrocytosis with reduced stomatin|Childhood onset GLUT1 deficiency syndrome 2|Epilepsy, idiopathic generalized, susceptibility to, 12",138140
SLC2A1,"Encephalopathy due to GLUT1 deficiency|Dystonia 9|Hereditary cryohydrocytosis with reduced stomatin|Childhood onset GLUT1 deficiency syndrome 2|Epilepsy, idiopathic generalized, susceptibility to, 12|not provided",138140
SLC2A1,Encephalopathy due to GLUT1 deficiency|Dystonia 9|not provided,138140
SLC2A1,"Dystonic disorder|GLUT1 deficiency syndrome|not provided|Epilepsy, idiopathic generalized, susceptibility to, 12|Hereditary cryohydrocytosis with reduced stomatin|Encephalopathy due to GLUT1 deficiency|Childhood onset GLUT1 deficiency syndrome 2|Dystonia 9",138140
SCN2A,"Early Infantile Epileptic Encephalopathy, Autosomal Dominant|Seizures, benign familial infantile, 3|not provided|Episodic ataxia, type 9",182390
SCN2A,"Early Infantile Epileptic Encephalopathy, Autosomal Dominant|Seizures, benign familial infantile, 3|not provided",182390
SCN2A,"Early Infantile Epileptic Encephalopathy, Autosomal Dominant|Seizures, benign familial infantile, 3",182390
SCN2A,"Seizures, benign familial infantile, 3|Early Infantile Epileptic Encephalopathy, Autosomal Dominant",182390
SLC2A1,"Dystonic disorder|GLUT1 deficiency syndrome|not provided|Encephalopathy due to GLUT1 deficiency|Dystonia 9|Epilepsy, idiopathic generalized, susceptibility to, 12|Hereditary cryohydrocytosis with reduced stomatin|Childhood onset GLUT1 deficiency syndrome 2",138140
SCN2A,"Seizures, benign familial infantile, 3",182390
SCN2A,"Seizures, benign familial infantile, 3|Developmental and epileptic encephalopathy, 11;Seizures, benign familial infantile, 3|not provided",182390
SCN2A,"Seizures, benign familial infantile, 3|not provided|Inborn genetic diseases|SCN2A-related disorder|Seizures, benign familial infantile, 3;Developmental and epileptic encephalopathy, 11",182390
SCN2A,"Early Infantile Epileptic Encephalopathy, Autosomal Dominant|Seizures, benign familial infantile, 3|Seizures, benign familial infantile, 3;Developmental and epileptic encephalopathy, 11|not provided",182390
SCN2A,"Inborn genetic diseases|not specified|Developmental and epileptic encephalopathy, 11;Seizures, benign familial infantile, 3|Seizures, benign familial infantile, 3",182390
SCN1A,"Epilepsy|Migraine, familial hemiplegic, 3|not provided|Generalized epilepsy with febrile seizures plus, type 2",182389
SCN1A,Familial hemiplegic migraine|Epilepsy|not provided,182389
SCN1A,"Migraine, familial hemiplegic, 3|Epilepsy|not provided|Uterine corpus endometrial carcinoma|Ovarian serous cystadenocarcinoma|Generalized epilepsy with febrile seizures plus, type 2",182389
SCN1A,"Epilepsy|Migraine, familial hemiplegic, 3|Generalized epilepsy with febrile seizures plus, type 2|not provided",182389
SCN1A,"Migraine, familial hemiplegic, 3|Epilepsy|Generalized epilepsy with febrile seizures plus, type 2",182389
SCN1A,"Epilepsy|Migraine, familial hemiplegic, 3|Generalized epilepsy with febrile seizures plus, type 2",182389
SCN1A,"Epilepsy|Migraine, familial hemiplegic, 3|Generalized epilepsy with febrile seizures plus, type 2|Developmental and epileptic encephalopathy",182389
SCN1A,"Migraine, familial hemiplegic, 3|Epilepsy|not provided|Generalized epilepsy with febrile seizures plus, type 2|Developmental and epileptic encephalopathy",182389
SCN1A,"Familial hemiplegic migraine|Migraine, familial hemiplegic, 3;Severe myoclonic epilepsy in infancy;Developmental and epileptic encephalopathy 6B;Generalized epilepsy with febrile seizures plus, type 2|Epilepsy|not provided|not specified",182389
SCN1A,"Migraine, familial hemiplegic, 3|Epilepsy|not specified|Generalized epilepsy with febrile seizures plus, type 2|Developmental and epileptic encephalopathy",182389
SCN1A,Epilepsy|Familial hemiplegic migraine|Developmental and epileptic encephalopathy|not specified|not provided,182389
SCN9A,"Small fiber neuropathy|Primary erythromelalgia|Paroxysmal extreme pain disorder|Channelopathy-associated congenital insensitivity to pain, autosomal recessive",603415
SCN9A,"Paroxysmal extreme pain disorder|Channelopathy-associated congenital insensitivity to pain, autosomal recessive|Primary erythromelalgia|Inherited Erythromelalgia",603415
SCN9A,"Primary erythromelalgia|Channelopathy-associated congenital insensitivity to pain, autosomal recessive|Inherited Erythromelalgia|Paroxysmal extreme pain disorder",603415
SCN9A,"Paroxysmal extreme pain disorder|Primary erythromelalgia|Inherited Erythromelalgia|Channelopathy-associated congenital insensitivity to pain, autosomal recessive",603415
SCN9A,"Channelopathy-associated congenital insensitivity to pain, autosomal recessive|Paroxysmal extreme pain disorder|Primary erythromelalgia|Small fiber neuropathy",603415
SCN9A,"Severe myoclonic epilepsy in infancy|Generalized epilepsy with febrile seizures plus|Febrile seizures, familial|Paroxysmal extreme pain disorder|Small fiber neuropathy|Congenital Indifference to Pain|Inherited Erythromelalgia",603415
SCN9A,"Primary erythromelalgia|Channelopathy-associated congenital insensitivity to pain, autosomal recessive|Small fiber neuropathy|Paroxysmal extreme pain disorder",603415
SCN9A,"Paroxysmal extreme pain disorder|Small fiber neuropathy|Primary erythromelalgia|Channelopathy-associated congenital insensitivity to pain, autosomal recessive",603415
SCN9A,"Paroxysmal extreme pain disorder|Channelopathy-associated congenital insensitivity to pain, autosomal recessive|Inherited Erythromelalgia|Primary erythromelalgia|Propofol response|not provided",603415
SCN9A,Congenital Indifference to Pain|Small fiber neuropathy|Paroxysmal extreme pain disorder|Inherited Erythromelalgia,603415
SCN9A,"Paroxysmal extreme pain disorder|Small fiber neuropathy|Channelopathy-associated congenital insensitivity to pain, autosomal recessive|Primary erythromelalgia",603415
SCN9A,"Primary erythromelalgia|Paroxysmal extreme pain disorder|Inherited Erythromelalgia|Channelopathy-associated congenital insensitivity to pain, autosomal recessive|not provided|Inborn genetic diseases|Neuropathy, hereditary sensory and autonomic, type 2A;Generalized epilepsy with febrile seizures plus, type 7|SCN9A-related disorder",603415
SCN9A,"Small fiber neuropathy|Febrile seizures, familial|Paroxysmal extreme pain disorder|Inherited Erythromelalgia|Severe myoclonic epilepsy in infancy|Neuropathy, hereditary sensory and autonomic, type 2A;Generalized epilepsy with febrile seizures plus, type 7|Generalized epilepsy with febrile seizures plus|Congenital Indifference to Pain",603415
SCN9A,"Inherited Erythromelalgia|Primary erythromelalgia|not provided|Paroxysmal extreme pain disorder|Channelopathy-associated congenital insensitivity to pain, autosomal recessive|not specified|Generalized epilepsy with febrile seizures plus, type 7;Neuropathy, hereditary sensory and autonomic, type 2A",603415
SCN9A,"Paroxysmal extreme pain disorder|Small fiber neuropathy|Primary erythromelalgia|Channelopathy-associated congenital insensitivity to pain, autosomal recessive|Neuropathy, hereditary sensory and autonomic, type 2A;Generalized epilepsy with febrile seizures plus, type 7|not provided|Inborn genetic diseases",603415
SCN9A,"Channelopathy-associated congenital insensitivity to pain, autosomal recessive|Primary erythromelalgia|Small fiber neuropathy|Paroxysmal extreme pain disorder|Neuropathy, hereditary sensory and autonomic, type 2A;Generalized epilepsy with febrile seizures plus, type 7|Inborn genetic diseases|not provided",603415
SCN9A,"Inherited Erythromelalgia|Paroxysmal extreme pain disorder|Channelopathy-associated congenital insensitivity to pain, autosomal recessive|Primary erythromelalgia|not provided",603415
SCN9A,"Channelopathy-associated congenital insensitivity to pain, autosomal recessive|Small fiber neuropathy|Primary erythromelalgia|Paroxysmal extreme pain disorder",603415
SCN2A,"Seizures, benign familial infantile, 3|Early Infantile Epileptic Encephalopathy, Autosomal Dominant|not provided|Episodic ataxia, type 9",182390
SCN2A,"Seizures, benign familial infantile, 3|not provided|Seizures, benign familial infantile, 3;Developmental and epileptic encephalopathy, 11",182390
SCN2A,"Seizures, benign familial infantile, 3|Developmental and epileptic encephalopathy, 11;Seizures, benign familial infantile, 3",182390
SCN2A,"Seizures, benign familial infantile, 3|not provided",182390
SCN1A,"Migraine, familial hemiplegic, 3|Epilepsy|not specified|Generalized epilepsy with febrile seizures plus, type 2|Developmental and epileptic encephalopathy|Inborn genetic diseases|not provided",182389
SCN1A,"Migraine, familial hemiplegic, 3|Epilepsy|Developmental and epileptic encephalopathy|Generalized epilepsy with febrile seizures plus, type 2",182389
SCN9A,"Channelopathy-associated congenital insensitivity to pain, autosomal recessive|Paroxysmal extreme pain disorder|Primary erythromelalgia|Inherited Erythromelalgia",603415
SCN9A,"Primary erythromelalgia|Paroxysmal extreme pain disorder|Inherited Erythromelalgia|Channelopathy-associated congenital insensitivity to pain, autosomal recessive",603415
SCN9A,"Paroxysmal extreme pain disorder|Inherited Erythromelalgia|Channelopathy-associated congenital insensitivity to pain, autosomal recessive|Primary erythromelalgia|not provided",603415
SCN9A,"Paroxysmal extreme pain disorder|Channelopathy-associated congenital insensitivity to pain, autosomal recessive|Inherited Erythromelalgia|Primary erythromelalgia",603415
SCN9A,"Primary erythromelalgia|Small fiber neuropathy|Paroxysmal extreme pain disorder|Channelopathy-associated congenital insensitivity to pain, autosomal recessive",603415
SCN9A,"Small fiber neuropathy|Paroxysmal extreme pain disorder|Channelopathy-associated congenital insensitivity to pain, autosomal recessive|Primary erythromelalgia|not provided",603415
SCN9A,"Inherited Erythromelalgia|Channelopathy-associated congenital insensitivity to pain, autosomal recessive|Primary erythromelalgia|Paroxysmal extreme pain disorder",603415
SCN9A,"Severe myoclonic epilepsy in infancy|Inherited Erythromelalgia|Small fiber neuropathy|Congenital Indifference to Pain|Paroxysmal extreme pain disorder|Generalized epilepsy with febrile seizures plus|Febrile seizures, familial",603415
SCN9A,"Small fiber neuropathy|Channelopathy-associated congenital insensitivity to pain, autosomal recessive|Primary erythromelalgia|Paroxysmal extreme pain disorder|not provided",603415
SCN9A,"Febrile seizures, familial|Inherited Erythromelalgia|Generalized epilepsy with febrile seizures plus|Small fiber neuropathy|Congenital Indifference to Pain|Paroxysmal extreme pain disorder|Severe myoclonic epilepsy in infancy",603415
SCN9A,"Inherited Erythromelalgia|Paroxysmal extreme pain disorder|Primary erythromelalgia|Channelopathy-associated congenital insensitivity to pain, autosomal recessive",603415
SCN9A,"Channelopathy-associated congenital insensitivity to pain, autosomal recessive|Primary erythromelalgia|Paroxysmal extreme pain disorder|Small fiber neuropathy|not provided",603415
SCN9A,"Small fiber neuropathy|Paroxysmal extreme pain disorder|Primary erythromelalgia|Channelopathy-associated congenital insensitivity to pain, autosomal recessive",603415
SCN9A,"Inherited Erythromelalgia|Paroxysmal extreme pain disorder|Congenital Indifference to Pain|Severe myoclonic epilepsy in infancy|Generalized epilepsy with febrile seizures plus|Small fiber neuropathy|Febrile seizures, familial",603415
SCN9A,Inherited Erythromelalgia|Paroxysmal extreme pain disorder|Congenital Indifference to Pain|Small fiber neuropathy,603415
SCN9A,"Inherited Erythromelalgia|Severe myoclonic epilepsy in infancy|Generalized epilepsy with febrile seizures plus|Paroxysmal extreme pain disorder|Febrile seizures, familial|Small fiber neuropathy|Congenital Indifference to Pain",603415
SCN9A,"Channelopathy-associated congenital insensitivity to pain, autosomal recessive|Paroxysmal extreme pain disorder|Inherited Erythromelalgia|not provided|Primary erythromelalgia",603415
SCN9A,"Generalized epilepsy with febrile seizures plus|Severe myoclonic epilepsy in infancy|Small fiber neuropathy|Paroxysmal extreme pain disorder|Congenital Indifference to Pain|Inherited Erythromelalgia|Febrile seizures, familial",603415
SCN9A,"Paroxysmal extreme pain disorder|Inherited Erythromelalgia|Channelopathy-associated congenital insensitivity to pain, autosomal recessive|Primary erythromelalgia",603415
SCN9A,"Channelopathy-associated congenital insensitivity to pain, autosomal recessive|Paroxysmal extreme pain disorder|Small fiber neuropathy|Primary erythromelalgia|Neuropathy, hereditary sensory and autonomic, type 2A;Generalized epilepsy with febrile seizures plus, type 7",603415
SCN9A,"Inherited Erythromelalgia|Paroxysmal extreme pain disorder|Channelopathy-associated congenital insensitivity to pain, autosomal recessive|Primary erythromelalgia|Neuropathy, hereditary sensory and autonomic, type 2A;Generalized epilepsy with febrile seizures plus, type 7",603415
SCN9A,"Primary erythromelalgia|Small fiber neuropathy|Paroxysmal extreme pain disorder|Channelopathy-associated congenital insensitivity to pain, autosomal recessive|Neuropathy, hereditary sensory and autonomic, type 2A;Generalized epilepsy with febrile seizures plus, type 7",603415
SCN9A,"Generalized epilepsy with febrile seizures plus|Congenital Indifference to Pain|Paroxysmal extreme pain disorder|Inherited Erythromelalgia|Small fiber neuropathy|Febrile seizures, familial|Severe myoclonic epilepsy in infancy|Hepatocellular carcinoma",603415
SCN9A,"Paroxysmal extreme pain disorder|Primary erythromelalgia|Small fiber neuropathy|Neuropathy, hereditary sensory and autonomic, type 2A;Generalized epilepsy with febrile seizures plus, type 7|Channelopathy-associated congenital insensitivity to pain, autosomal recessive|Inborn genetic diseases|not provided",603415
SCN9A,"Primary erythromelalgia|Channelopathy-associated congenital insensitivity to pain, autosomal recessive|Small fiber neuropathy|Neuropathy, hereditary sensory and autonomic, type 2A;Generalized epilepsy with febrile seizures plus, type 7|Paroxysmal extreme pain disorder|not specified|not provided|Neuropathy, hereditary sensory and autonomic, type 2A;Channelopathy-associated congenital insensitivity to pain, autosomal recessive;Paroxysmal extreme pain disorder;Primary erythromelalgia|SCN9A-related disorder",603415
SCN9A,"Paroxysmal extreme pain disorder|Channelopathy-associated congenital insensitivity to pain, autosomal recessive|Primary erythromelalgia|Neuropathy, hereditary sensory and autonomic, type 2A;Generalized epilepsy with febrile seizures plus, type 7|Inherited Erythromelalgia",603415
SCN9A,"Channelopathy-associated congenital insensitivity to pain, autosomal recessive|Inherited Erythromelalgia|Primary erythromelalgia|not provided|Paroxysmal extreme pain disorder|Generalized epilepsy with febrile seizures plus, type 7;Neuropathy, hereditary sensory and autonomic, type 2A|Inborn genetic diseases",603415
SCN9A,"Channelopathy-associated congenital insensitivity to pain, autosomal recessive|Primary erythromelalgia|Paroxysmal extreme pain disorder|Neuropathy, hereditary sensory and autonomic, type 2A;Generalized epilepsy with febrile seizures plus, type 7|Inborn genetic diseases|Small fiber neuropathy",603415
SCN9A,"Primary erythromelalgia|Small fiber neuropathy|Channelopathy-associated congenital insensitivity to pain, autosomal recessive|Paroxysmal extreme pain disorder|not provided|Neuropathy, hereditary sensory and autonomic, type 2A;Generalized epilepsy with febrile seizures plus, type 7",603415
SCN9A,"Paroxysmal extreme pain disorder|Small fiber neuropathy|Channelopathy-associated congenital insensitivity to pain, autosomal recessive|Neuropathy, hereditary sensory and autonomic, type 2A;Generalized epilepsy with febrile seizures plus, type 7|Primary erythromelalgia|not provided",603415
SCN9A,"Primary erythromelalgia|Small fiber neuropathy|Channelopathy-associated congenital insensitivity to pain, autosomal recessive|Paroxysmal extreme pain disorder",603415
SCN2A,"Febrile seizure (within the age range of 3 months to 6 years)|Seizures, benign familial infantile, 3|Developmental and epileptic encephalopathy, 11|Developmental and epileptic encephalopathy, 11;Seizures, benign familial infantile, 3|not provided|Complex neurodevelopmental disorder",182390
SCN2A,"Seizures, benign familial infantile, 3|Seizures, benign familial infantile, 3;Developmental and epileptic encephalopathy, 11",182390
SCN2A,"Seizures, benign familial infantile, 3|Developmental and epileptic encephalopathy, 11;Seizures, benign familial infantile, 3|Inborn genetic diseases|not provided|not specified",182390
SCN1A,"Migraine, familial hemiplegic, 3|Epilepsy|Generalized epilepsy with febrile seizures plus, type 2|not provided",182389
SCN1A,"Migraine, familial hemiplegic, 3|Epilepsy|Generalized epilepsy with febrile seizures plus, type 2|not specified|Developmental and epileptic encephalopathy",182389
SCN1A,"Migraine, familial hemiplegic, 3|Epilepsy|Generalized epilepsy with febrile seizures plus, type 2|Developmental and epileptic encephalopathy",182389
SCN1A,"Migraine, familial hemiplegic, 3|Epilepsy|Generalized epilepsy with febrile seizures plus, type 2|Developmental and epileptic encephalopathy|Inborn genetic diseases",182389
SCN9A,"Small fiber neuropathy|Febrile seizures, familial|Congenital Indifference to Pain|Paroxysmal extreme pain disorder|Generalized epilepsy with febrile seizures plus|Severe myoclonic epilepsy in infancy|Inherited Erythromelalgia",603415
SCN9A,"Small fiber neuropathy|Paroxysmal extreme pain disorder|Primary erythromelalgia|Channelopathy-associated congenital insensitivity to pain, autosomal recessive|not provided",603415
SCN9A,"Channelopathy-associated congenital insensitivity to pain, autosomal recessive|Inherited Erythromelalgia|Paroxysmal extreme pain disorder|Primary erythromelalgia",603415
SCN9A,"Channelopathy-associated congenital insensitivity to pain, autosomal recessive|Inherited Erythromelalgia|Primary erythromelalgia|Paroxysmal extreme pain disorder|not provided",603415
SCN9A,"Paroxysmal extreme pain disorder|Channelopathy-associated congenital insensitivity to pain, autosomal recessive|Small fiber neuropathy|Primary erythromelalgia|not provided",603415
SCN9A,"Primary erythromelalgia|Paroxysmal extreme pain disorder|Channelopathy-associated congenital insensitivity to pain, autosomal recessive|Small fiber neuropathy",603415
SCN9A,Congenital Indifference to Pain|Paroxysmal extreme pain disorder|Small fiber neuropathy|Inherited Erythromelalgia,603415
SCN9A,"Small fiber neuropathy|Primary erythromelalgia|Channelopathy-associated congenital insensitivity to pain, autosomal recessive|Paroxysmal extreme pain disorder",603415
SCN9A,"Small fiber neuropathy|Channelopathy-associated congenital insensitivity to pain, autosomal recessive|Paroxysmal extreme pain disorder|Primary erythromelalgia|not provided",603415
SCN9A,"Channelopathy-associated congenital insensitivity to pain, autosomal recessive|Primary erythromelalgia|Paroxysmal extreme pain disorder|Small fiber neuropathy",603415
SCN9A,"Primary erythromelalgia|Inherited Erythromelalgia|Paroxysmal extreme pain disorder|Channelopathy-associated congenital insensitivity to pain, autosomal recessive|not provided",603415
SCN9A,"Paroxysmal extreme pain disorder|Inherited Erythromelalgia|Primary erythromelalgia|Channelopathy-associated congenital insensitivity to pain, autosomal recessive|not provided|Neuropathy, hereditary sensory and autonomic, type 2A;Generalized epilepsy with febrile seizures plus, type 7|not specified",603415
SCN9A,"Channelopathy-associated congenital insensitivity to pain, autosomal recessive|Paroxysmal extreme pain disorder|Small fiber neuropathy|Primary erythromelalgia",603415
SCN9A,"Channelopathy-associated congenital insensitivity to pain, autosomal recessive|Primary erythromelalgia|Neuropathy, hereditary sensory and autonomic, type 2A;Generalized epilepsy with febrile seizures plus, type 7|Inherited Erythromelalgia|Paroxysmal extreme pain disorder|Inborn genetic diseases",603415
SCN9A,"Primary erythromelalgia|Small fiber neuropathy|Paroxysmal extreme pain disorder|Channelopathy-associated congenital insensitivity to pain, autosomal recessive|Neuropathy, hereditary sensory and autonomic, type 2A;Generalized epilepsy with febrile seizures plus, type 7|Inborn genetic diseases",603415
SCN9A,"Channelopathy-associated congenital insensitivity to pain, autosomal recessive|Paroxysmal extreme pain disorder|not specified|Primary erythromelalgia|Inherited Erythromelalgia|Neuropathy, hereditary sensory and autonomic, type 2A;Generalized epilepsy with febrile seizures plus, type 7",603415
SCN9A,"Primary erythromelalgia|Paroxysmal extreme pain disorder|Channelopathy-associated congenital insensitivity to pain, autosomal recessive|Small fiber neuropathy|Inborn genetic diseases|Generalized epilepsy with febrile seizures plus, type 7;Neuropathy, hereditary sensory and autonomic, type 2A|SCN9A-related disorder|not provided",603415
SCN9A,"Channelopathy-associated congenital insensitivity to pain, autosomal recessive|Paroxysmal extreme pain disorder|Inherited Erythromelalgia|Primary erythromelalgia",603415
SCN9A,"Paroxysmal extreme pain disorder|Small fiber neuropathy|Primary erythromelalgia|Channelopathy-associated congenital insensitivity to pain, autosomal recessive|not provided",603415
SCN9A,"Paroxysmal extreme pain disorder|Primary erythromelalgia|Inherited Erythromelalgia|Channelopathy-associated congenital insensitivity to pain, autosomal recessive|not provided",603415
SCN9A,"Paroxysmal extreme pain disorder|Primary erythromelalgia|Small fiber neuropathy|Channelopathy-associated congenital insensitivity to pain, autosomal recessive",603415
SCN2A,"Developmental and epileptic encephalopathy, 11;Seizures, benign familial infantile, 3|Episodic ataxia, type 9;Developmental and epileptic encephalopathy, 11;Seizures, benign familial infantile, 3|Seizures, benign familial infantile, 3",182390
SCN2A,"Seizures, benign familial infantile, 3|not provided|SCN2A-related disorder|Inborn genetic diseases|not specified|Seizures, benign familial infantile, 3;Developmental and epileptic encephalopathy, 11",182390
SCN2A,"Seizures, benign familial infantile, 3|not provided|Developmental and epileptic encephalopathy, 11;Seizures, benign familial infantile, 3|not specified|Inborn genetic diseases",182390
SCN2A,"not provided|Seizures, benign familial infantile, 3|Developmental and epileptic encephalopathy, 11;Seizures, benign familial infantile, 3",182390
SCN1A,"Migraine, familial hemiplegic, 3|Epilepsy|not provided|Generalized epilepsy with febrile seizures plus, type 2",182389
SCN1A,"Epilepsy|Generalized epilepsy with febrile seizures plus, type 2|Migraine, familial hemiplegic, 3",182389
SCN1A,Epilepsy|Familial hemiplegic migraine,182389
SCN1A,Epilepsy|Familial hemiplegic migraine|not provided,182389
SCN1A,"Migraine, familial hemiplegic, 3|Epilepsy|Generalized epilepsy with febrile seizures plus, type 2|not provided|not specified|Developmental and epileptic encephalopathy|Inborn genetic diseases",182389
SCN9A,"Paroxysmal extreme pain disorder|Primary erythromelalgia|Channelopathy-associated congenital insensitivity to pain, autosomal recessive|Small fiber neuropathy",603415
SCN9A,"Paroxysmal extreme pain disorder|Inherited Erythromelalgia|Primary erythromelalgia|Channelopathy-associated congenital insensitivity to pain, autosomal recessive",603415
SCN9A,"Primary erythromelalgia|Paroxysmal extreme pain disorder|Channelopathy-associated congenital insensitivity to pain, autosomal recessive|Small fiber neuropathy|not provided",603415
SCN9A,"Paroxysmal extreme pain disorder|Primary erythromelalgia|Channelopathy-associated congenital insensitivity to pain, autosomal recessive|Inherited Erythromelalgia",603415
SCN9A,Small fiber neuropathy|Congenital Indifference to Pain|Inherited Erythromelalgia|Paroxysmal extreme pain disorder,603415
SCN9A,"Primary erythromelalgia|Paroxysmal extreme pain disorder|Small fiber neuropathy|Channelopathy-associated congenital insensitivity to pain, autosomal recessive",603415
SCN9A,Congenital Indifference to Pain|Inherited Erythromelalgia|Paroxysmal extreme pain disorder|Small fiber neuropathy,603415
SCN9A,Small fiber neuropathy|Congenital Indifference to Pain|Paroxysmal extreme pain disorder|Inherited Erythromelalgia,603415
SCN9A,Inherited Erythromelalgia|Congenital Indifference to Pain|Small fiber neuropathy|Paroxysmal extreme pain disorder,603415
SCN9A,"Inherited Erythromelalgia|Channelopathy-associated congenital insensitivity to pain, autosomal recessive|Paroxysmal extreme pain disorder|Primary erythromelalgia|not provided",603415
SCN9A,"Channelopathy-associated congenital insensitivity to pain, autosomal recessive|Inherited Erythromelalgia|Primary erythromelalgia|Paroxysmal extreme pain disorder",603415
SCN9A,"Primary erythromelalgia|Inherited Erythromelalgia|Paroxysmal extreme pain disorder|not specified|Channelopathy-associated congenital insensitivity to pain, autosomal recessive|Neuropathy, hereditary sensory and autonomic, type 2A;Generalized epilepsy with febrile seizures plus, type 7|Inborn genetic diseases",603415
SCN9A,"Paroxysmal extreme pain disorder|Generalized epilepsy with febrile seizures plus|Small fiber neuropathy|Inherited Erythromelalgia|Congenital Indifference to Pain|Neuropathy, hereditary sensory and autonomic, type 2A;Generalized epilepsy with febrile seizures plus, type 7|Severe myoclonic epilepsy in infancy|Febrile seizures, familial",603415
SCN9A,"Congenital Indifference to Pain|Febrile seizures, familial|Inherited Erythromelalgia|Small fiber neuropathy|Paroxysmal extreme pain disorder|Generalized epilepsy with febrile seizures plus|Severe myoclonic epilepsy in infancy",603415
SCN9A,"Small fiber neuropathy|Channelopathy-associated congenital insensitivity to pain, autosomal recessive|Primary erythromelalgia|Paroxysmal extreme pain disorder|Neuropathy, hereditary sensory and autonomic, type 2A;Generalized epilepsy with febrile seizures plus, type 7|Inborn genetic diseases|not provided",603415
SCN9A,"Paroxysmal extreme pain disorder|Primary erythromelalgia|Inborn genetic diseases|not provided|Neuropathy, hereditary sensory and autonomic, type 2A;Generalized epilepsy with febrile seizures plus, type 7|Small fiber neuropathy|Channelopathy-associated congenital insensitivity to pain, autosomal recessive",603415
SCN9A,"Channelopathy-associated congenital insensitivity to pain, autosomal recessive|Small fiber neuropathy|Paroxysmal extreme pain disorder|Primary erythromelalgia|not specified|Neuropathy, hereditary sensory and autonomic, type 2A;Generalized epilepsy with febrile seizures plus, type 7|not provided",603415
SCN9A,"Small fiber neuropathy|Channelopathy-associated congenital insensitivity to pain, autosomal recessive|Paroxysmal extreme pain disorder|Primary erythromelalgia|Neuropathy, hereditary sensory and autonomic, type 2A;Generalized epilepsy with febrile seizures plus, type 7",603415
SCN9A,"Congenital Indifference to Pain|Paroxysmal extreme pain disorder|Small fiber neuropathy|Inherited Erythromelalgia|Neuropathy, hereditary sensory and autonomic, type 2A;Generalized epilepsy with febrile seizures plus, type 7",603415
SCN9A,"Channelopathy-associated congenital insensitivity to pain, autosomal recessive|Paroxysmal extreme pain disorder|Small fiber neuropathy|Primary erythromelalgia|not provided|Neuropathy, hereditary sensory and autonomic, type 2A;Generalized epilepsy with febrile seizures plus, type 7|Neuropathy, hereditary sensory and autonomic, type 2A;Paroxysmal extreme pain disorder;Primary erythromelalgia;Channelopathy-associated congenital insensitivity to pain, autosomal recessive|SCN9A-related disorder",603415
SCN9A,"Inherited Erythromelalgia|Small fiber neuropathy|Congenital Indifference to Pain|Paroxysmal extreme pain disorder|Neuropathy, hereditary sensory and autonomic, type 2A;Generalized epilepsy with febrile seizures plus, type 7",603415
SCN9A,"Primary erythromelalgia|Small fiber neuropathy|Channelopathy-associated congenital insensitivity to pain, autosomal recessive|Neuropathy, hereditary sensory and autonomic, type 2A;Generalized epilepsy with febrile seizures plus, type 7|Paroxysmal extreme pain disorder|Inborn genetic diseases",603415
SCN9A,"Paroxysmal extreme pain disorder|Inherited Erythromelalgia|Channelopathy-associated congenital insensitivity to pain, autosomal recessive|not provided|Small fiber neuropathy|SCN9A-related disorder|Neuropathy, hereditary sensory and autonomic, type 2A;Generalized epilepsy with febrile seizures plus, type 7|Inborn genetic diseases",603415
SCN9A,"Channelopathy-associated congenital insensitivity to pain, autosomal recessive|Paroxysmal extreme pain disorder|Neuropathy, hereditary sensory and autonomic, type 2A;Generalized epilepsy with febrile seizures plus, type 7|Primary erythromelalgia|Inherited Erythromelalgia|not provided",603415
SCN9A,"Small fiber neuropathy|Inherited Erythromelalgia|Channelopathy-associated congenital insensitivity to pain, autosomal recessive|Paroxysmal extreme pain disorder|Neuropathy, hereditary sensory and autonomic, type 2A;Generalized epilepsy with febrile seizures plus, type 7",603415
ALDH7A1,Pyridoxine-dependent epilepsy|Malignant tumor of esophagus|Uterine carcinosarcoma,107323
ALDH7A1,Pyridoxine-dependent epilepsy|not provided|Inborn genetic diseases|ALDH7A1-related disorder,107323
GABRA1,"Epilepsy, idiopathic generalized, susceptibility to, 13|not provided",137160
GABRA1,"Epilepsy, idiopathic generalized, susceptibility to, 13|Epilepsy, idiopathic generalized, susceptibility to, 13;Idiopathic generalized epilepsy;Epilepsy, childhood absence 4|not provided",137160
GABRA1,"Epilepsy, idiopathic generalized, susceptibility to, 13|Epilepsy, idiopathic generalized, susceptibility to, 13;Idiopathic generalized epilepsy;Epilepsy, childhood absence 4",137160
GABRG2,"EPILEPSY, CHILDHOOD ABSENCE, SUSCEPTIBILITY TO, 2",137164
GABRG2,"EPILEPSY, CHILDHOOD ABSENCE, SUSCEPTIBILITY TO, 2|not provided",137164
GABRG2,Generalized epilepsy with febrile seizures plus,137164
GABRA1,Juvenile myoclonic epilepsy|not provided,137160
GABRG2,Severe myoclonic epilepsy in infancy|Generalized epilepsy with febrile seizures plus|not provided|Inborn genetic diseases,137164
GABRG2,"EPILEPSY, CHILDHOOD ABSENCE, SUSCEPTIBILITY TO, 2|EPILEPSY, CHILDHOOD ABSENCE, SUSCEPTIBILITY TO, 2;Febrile seizures, familial, 8",137164
GABRG2,"EPILEPSY, CHILDHOOD ABSENCE, SUSCEPTIBILITY TO, 2|not provided|Febrile seizures, familial, 8;EPILEPSY, CHILDHOOD ABSENCE, SUSCEPTIBILITY TO, 2",137164
ALDH7A1,Pyridoxine-dependent epilepsy|not provided|not specified,107323
ALDH7A1,Pyridoxine-dependent epilepsy|Malignant tumor of esophagus,107323
GABRA1,Juvenile myoclonic epilepsy,137160
GABRG2,Generalized epilepsy with febrile seizures plus|Severe myoclonic epilepsy in infancy|Inborn genetic diseases,137164
GABRG2,"EPILEPSY, CHILDHOOD ABSENCE, SUSCEPTIBILITY TO, 2|not provided|Inborn genetic diseases|GABRG2-related disorder|EPILEPSY, CHILDHOOD ABSENCE, SUSCEPTIBILITY TO, 2;Febrile seizures, familial, 8",137164
GABRG2,"EPILEPSY, CHILDHOOD ABSENCE, SUSCEPTIBILITY TO, 2|not specified|EPILEPSY, CHILDHOOD ABSENCE, SUSCEPTIBILITY TO, 2;Febrile seizures, familial, 8",137164
GABRG2,"EPILEPSY, CHILDHOOD ABSENCE, SUSCEPTIBILITY TO, 2|EPILEPSY, CHILDHOOD ABSENCE, SUSCEPTIBILITY TO, 2;Febrile seizures, familial, 8|not provided",137164
KCNQ3,"Seizures, benign familial neonatal, 2|Benign neonatal seizures",602232
KCNQ3,"Benign Neonatal Epilepsy|Seizures, benign familial neonatal, 2",602232
KCNQ3,"Benign neonatal seizures|Seizures, benign familial neonatal, 2",602232
KCNQ3,"Benign Neonatal Epilepsy|Seizures, benign familial neonatal, 2|not provided",602232
KCNQ3,"Seizures, benign familial neonatal, 2|Benign Neonatal Epilepsy|not provided",602232
KCNQ3,"Seizures, benign familial neonatal, 2|Benign Neonatal Epilepsy",602232
KCNQ3,Benign neonatal seizures|Benign Neonatal Epilepsy,602232
KCNQ3,"Benign neonatal seizures|Seizures, benign familial neonatal, 2|not provided",602232
KCNQ3,Benign Neonatal Epilepsy|Benign neonatal seizures,602232
KCNQ3,"Seizures, benign familial neonatal, 2|Benign Neonatal Epilepsy|Benign neonatal seizures",602232
KCNQ3,Benign neonatal seizures|Benign Neonatal Epilepsy|Inborn genetic diseases,602232
TSC1,Isolated focal cortical dysplasia type II|Tuberous sclerosis 1,605284
TSC1,Isolated focal cortical dysplasia type II|Tuberous sclerosis syndrome,605284
TSC1,Isolated focal cortical dysplasia type II|Tuberous sclerosis 1|not provided,605284
TSC1,Tuberous sclerosis 1|Isolated focal cortical dysplasia type II,605284
KCNQ3,Benign Neonatal Epilepsy|Benign neonatal seizures|not provided,602232
STXBP1,"Early Infantile Epileptic Encephalopathy, Autosomal Dominant",602926
TSC1,Tuberous sclerosis 1|Isolated focal cortical dysplasia type II|not provided,605284
TSC1,Isolated focal cortical dysplasia type II|Tuberous sclerosis syndrome|Tuberous sclerosis 1|not provided|not specified|Hereditary cancer-predisposing syndrome,605284
TSC1,Isolated focal cortical dysplasia type II|Tuberous sclerosis syndrome|Tuberous sclerosis 1|Hereditary cancer-predisposing syndrome|not provided,605284
TSC1,Isolated focal cortical dysplasia type II|Tuberous sclerosis syndrome|Tuberous sclerosis 1,605284
KCNQ3,"Benign neonatal seizures|Seizures, benign familial neonatal, 2|not provided|Cervical cancer|Uterine corpus endometrial carcinoma",602232
KCNQ3,"Benign Neonatal Epilepsy|Seizures, benign familial neonatal, 2|Benign neonatal seizures",602232
KCNQ3,Benign neonatal seizures|Benign Neonatal Epilepsy|not provided,602232
KCNQ3,"Seizures, benign familial neonatal, 2|Benign Neonatal Epilepsy|not provided|Malignant tumor of esophagus|Lymphoma|Ovarian serous cystadenocarcinoma|Thyroid cancer, nonmedullary, 1|Cholangiocarcinoma|Nonpapillary renal cell carcinoma",602232
STXBP1,Developmental and epileptic encephalopathy|not specified|not provided|Inborn genetic diseases,602926
TSC1,Isolated focal cortical dysplasia type II|Tuberous sclerosis syndrome|not provided,605284
TSC1,Isolated focal cortical dysplasia type II|Hereditary cancer-predisposing syndrome|Tuberous sclerosis 1|not provided|Tuberous sclerosis syndrome,605284
TSC1,Isolated focal cortical dysplasia type II|Tuberous sclerosis 1|not specified,605284
TSC1,Isolated focal cortical dysplasia type II|not provided|Tuberous sclerosis 1|Hereditary cancer-predisposing syndrome|TSC1-related disorder,605284
TSC1,Isolated focal cortical dysplasia type II|Tuberous sclerosis 1|Hereditary cancer-predisposing syndrome|not provided|Tuberous sclerosis syndrome|not specified,605284
TSC1,Isolated focal cortical dysplasia type II|Tuberous sclerosis 1|not provided|Hereditary cancer-predisposing syndrome|Tuberous sclerosis syndrome|TSC1-related disorder|not specified|Tuberous sclerosis syndrome;Lung lymphangioleiomyomatosis,605284
TSC1,Tuberous sclerosis syndrome|Isolated focal cortical dysplasia type II|not specified|Hereditary cancer-predisposing syndrome,605284
SCN8A,"Early Infantile Epileptic Encephalopathy, Autosomal Dominant",600702
TSC2,Tuberous sclerosis syndrome|Hereditary cancer-predisposing syndrome|not provided|Lymphangiomyomatosis;Tuberous sclerosis 2;Isolated focal cortical dysplasia type II|Tuberous sclerosis 2,191092
TBC1D24,"Familial infantile myoclonic epilepsy|Caused by mutation in the TBC1 domain family, member 24;Developmental and epileptic encephalopathy, 1;Autosomal dominant nonsyndromic hearing loss 65|not provided|TBC1D24-related disorder",613577
TBC1D24,Familial infantile myoclonic epilepsy|not provided,613577
SCN8A,Developmental and epileptic encephalopathy|SCN8A-related disorder,600702
SCN8A,"Early Infantile Epileptic Encephalopathy, Autosomal Dominant|not provided",600702
TSC2,Tuberous sclerosis 2|Tuberous sclerosis syndrome|Hereditary cancer-predisposing syndrome|not provided,191092
TBC1D24,Familial infantile myoclonic epilepsy|not provided|not specified,613577
KCNQ2,Developmental and epileptic encephalopathy|Inborn genetic diseases|not provided,602235
PLCB1,"Early Infantile Epileptic Encephalopathy, Autosomal Recessive|not provided|Developmental and epileptic encephalopathy, 12",607120
PLCB1,"Developmental and epileptic encephalopathy, 12|Inborn genetic diseases|PLCB1-related disorder",607120
PLCB1,"Early Infantile Epileptic Encephalopathy, Autosomal Recessive|not provided",607120
PLCB1,"Early Infantile Epileptic Encephalopathy, Autosomal Recessive",607120
TSC2,Tuberous sclerosis syndrome|Tuberous sclerosis 2|TSC2-related disorder|not specified|not provided|Hereditary cancer-predisposing syndrome,191092
TSC2,Tuberous sclerosis syndrome|Tuberous sclerosis 2|Isolated focal cortical dysplasia type II,191092
TSC2,Tuberous sclerosis syndrome|Isolated focal cortical dysplasia type II;Lymphangiomyomatosis;Tuberous sclerosis 2|Tuberous sclerosis 2|TSC2-related disorder|Hereditary cancer-predisposing syndrome|Isolated focal cortical dysplasia type II,191092
TBC1D24,Familial infantile myoclonic epilepsy|not specified,613577
TBC1D24,"Familial infantile myoclonic epilepsy|not provided|Caused by mutation in the TBC1 domain family, member 24;Autosomal dominant nonsyndromic hearing loss 65;Developmental and epileptic encephalopathy, 1",613577
TBC1D24,"Familial infantile myoclonic epilepsy|not specified|not provided|Developmental and epileptic encephalopathy, 1;Autosomal dominant nonsyndromic hearing loss 65;Caused by mutation in the TBC1 domain family, member 24|Inborn genetic diseases",613577
TBC1D24,"Familial infantile myoclonic epilepsy|not specified|Developmental and epileptic encephalopathy, 1;Autosomal dominant nonsyndromic hearing loss 65;Caused by mutation in the TBC1 domain family, member 24|not provided",613577
TSC2,Tuberous sclerosis syndrome|Hereditary cancer-predisposing syndrome|Tuberous sclerosis 2|TSC2-related disorder,191092
TSC2,Tuberous sclerosis syndrome|Isolated focal cortical dysplasia type II;Lymphangiomyomatosis;Tuberous sclerosis 2|Hereditary cancer-predisposing syndrome|Tuberous sclerosis 2|not provided,191092
TSC2,Tuberous sclerosis syndrome|not provided|Tuberous sclerosis 2|TSC2-related disorder|Hereditary cancer-predisposing syndrome,191092
TBC1D24,"Familial infantile myoclonic epilepsy|not provided|Developmental and epileptic encephalopathy, 1;Caused by mutation in the TBC1 domain family, member 24;Autosomal dominant nonsyndromic hearing loss 65",613577
TBC1D24,"Familial infantile myoclonic epilepsy|Developmental and epileptic encephalopathy, 1;Autosomal dominant nonsyndromic hearing loss 65;Caused by mutation in the TBC1 domain family, member 24",613577
KCNQ2,"Developmental and epileptic encephalopathy, 7|Complex neurodevelopmental disorder|Developmental and epileptic encephalopathy",602235
PLCB1,"Early Infantile Epileptic Encephalopathy, Autosomal Recessive|Developmental and epileptic encephalopathy, 12",607120
PLCB1,"Developmental and epileptic encephalopathy, 12|Inborn genetic diseases",607120
PLCB1,"Developmental and epileptic encephalopathy, 12|PLCB1-related disorder",607120
PLCB1,"Early Infantile Epileptic Encephalopathy, Autosomal Recessive|not provided|Inborn genetic diseases|Developmental and epileptic encephalopathy, 12|See cases",607120
KCNQ2,"Developmental and epileptic encephalopathy|Seizures, benign familial neonatal, 1|not provided|Inborn genetic diseases",602235
KCNQ2,"Seizures, benign familial neonatal, 1|not provided|Developmental and epileptic encephalopathy",602235
KCNQ2,Benign Rolandic epilepsy,602235
KCNQ2,"not provided|Seizures, benign familial neonatal, 1|Developmental and epileptic encephalopathy|Complex neurodevelopmental disorder",602235
KCNQ2,"Developmental and epileptic encephalopathy|Inborn genetic diseases|Developmental and epileptic encephalopathy, 7|not specified|not provided",602235
KCNQ2,"Developmental and epileptic encephalopathy|Developmental and epileptic encephalopathy, 7",602235
KCNQ2,"Seizures, benign familial neonatal, 1|not provided",602235
KCNQ2,"Seizures, benign familial neonatal, 1|Epilepsy, benign neonatal, 1, and/or myokymia",602235
KCNQ2,"Epileptic encephalopathy|Developmental and epileptic encephalopathy, 7|Developmental and epileptic encephalopathy|not provided|Seizure",602235
KCNQ2,"Developmental and epileptic encephalopathy, 7|Seizure",602235
KCNQ2,"Developmental and epileptic encephalopathy|not provided|Developmental and epileptic encephalopathy, 7|Developmental and epileptic encephalopathy, 7;Seizures, benign familial neonatal, 1",602235
KCNQ2,"Inborn genetic diseases|KCNQ2-related disorder|Developmental and epileptic encephalopathy, 7|Complex neurodevelopmental disorder",602235
KCNQ2,"not provided|Developmental and epileptic encephalopathy, 7|Complex neurodevelopmental disorder",602235
KCNQ2,"Epileptic encephalopathy|not provided|Developmental and epileptic encephalopathy|Developmental and epileptic encephalopathy, 7",602235
KCNQ2,"Developmental and epileptic encephalopathy, 7|Seizures, benign familial neonatal, 1",602235
KCNQ2,"Severe intellectual deficiency|Developmental and epileptic encephalopathy|not provided|Developmental and epileptic encephalopathy, 7|Complex neurodevelopmental disorder",602235
KCNQ2,"Developmental and epileptic encephalopathy, 7|KCNQ2-related disorder",602235
SCN2A,"not provided|Developmental and epileptic encephalopathy, 11;Seizures, benign familial infantile, 3|Developmental and epileptic encephalopathy, 11|Complex neurodevelopmental disorder",182390
SCN2A,"not provided|Inborn genetic diseases|Intellectual disability|Developmental and epileptic encephalopathy, 11|SCN2A-mediated disorder",182390
SCN2A,"not provided|Developmental and epileptic encephalopathy, 11|Developmental and epileptic encephalopathy, 11;Seizures, benign familial infantile, 3",182390
SCN1A,"not provided|Generalized epilepsy with febrile seizures plus, type 2|Developmental and epileptic encephalopathy",182389
SCN2A,not provided|Dystonia 12,182390
SCN2A,not provided|West syndrome,182390
SCN1A,not provided|Generalized epilepsy with febrile seizures plus,182389
SCN9A,not specified|Inborn genetic diseases,603415
ALDH7A1,Pyridoxine-dependent epilepsy|not provided|not specified|Inborn genetic diseases,107323
GABRA1,"not provided|Epilepsy, idiopathic generalized, susceptibility to, 13;Epilepsy, childhood absence 4;Idiopathic generalized epilepsy",137160
GABRA1,"not specified|Epilepsy, idiopathic generalized, susceptibility to, 13;Epilepsy, childhood absence 4;Idiopathic generalized epilepsy",137160
TSC1,not provided|Tuberous sclerosis syndrome|Tuberous sclerosis 1,605284
SCN8A,Developmental and epileptic encephalopathy|not specified|not provided|Inborn genetic diseases,600702
CHD2,not provided|Developmental and epileptic encephalopathy 94|Seizure,602119
CHD2,not specified|Developmental and epileptic encephalopathy 94,602119
CHD2,not specified,602119
TSC2,not provided|Tuberous sclerosis 2|Isolated focal cortical dysplasia type II|Hereditary cancer-predisposing syndrome|Tuberous sclerosis syndrome|Isolated focal cortical dysplasia type II;Lymphangiomyomatosis;Tuberous sclerosis 2,191092
TBC1D24,"Autosomal dominant nonsyndromic hearing loss 65;Developmental and epileptic encephalopathy, 1;Caused by mutation in the TBC1 domain family, member 24|not provided|Inborn genetic diseases",613577
PRRT2,not specified,614386
PRRT2,not specified|Episodic kinesigenic dyskinesia|Episodic kinesigenic dyskinesia 1,614386
KCNQ2,not provided|Developmental and epileptic encephalopathy|Seizure|KCNQ2-related disorder|Epilepsy,602235
KCNQ2,"not provided|Developmental and epileptic encephalopathy|Developmental and epileptic encephalopathy, 7",602235
KCNQ2,not specified|Intellectual disability,602235
DEPDC5,not specified,614191
DEPDC5,not specified|Familial focal epilepsy with variable foci,614191
CDKL5,"not provided|Angelman syndrome-like;Developmental and epileptic encephalopathy, 2|CDKL5 disorder|Developmental and epileptic encephalopathy, 2",300203
SLC2A1,"7 conditions|Epilepsy, idiopathic generalized, susceptibility to, 12|not provided|GLUT1 deficiency syndrome 1, autosomal recessive|Encephalopathy due to GLUT1 deficiency|Dystonia 9|Hereditary cryohydrocytosis with reduced stomatin|Childhood onset GLUT1 deficiency syndrome 2",138140
SLC2A1,"Paroxysmal dystonia|GLUT1 deficiency syndrome 1, autosomal recessive|not provided|Encephalopathy due to GLUT1 deficiency",138140
SCN3A,"Polymicrogyria;Developmental delay|not provided|Developmental and epileptic encephalopathy, 62|Epilepsy, familial focal, with variable foci 4|Developmental and epileptic encephalopathy|Epilepsy",182391
SCN9A,"Pain insensitivity|not provided|Neuropathy, hereditary sensory and autonomic, type 2A;Generalized epilepsy with febrile seizures plus, type 7",603415
SCN9A,"Pain insensitivity|Neuropathy, hereditary sensory and autonomic, type 2A;Generalized epilepsy with febrile seizures plus, type 7|not provided",603415
ALDH7A1,not provided|Ventriculomegaly;Seizure|Pyridoxine-dependent epilepsy|ALDH7A1-related disorder|Pyridoxine-dependent epilepsy caused by ALDH7A1 mutant,107323
TSC2,Cortical tubers|Tuberous sclerosis 2|Lymphangiomyomatosis|not provided|Hereditary cancer-predisposing syndrome,191092
SCN2A,intellectual deficiency,182390
STXBP1,Severe intellectual deficiency,602926
STXBP1,Epileptic encephalopathy,602926
SCN2A,Autism,182390
SCN1A,"Severe myoclonic epilepsy in infancy;Generalized epilepsy with febrile seizures plus, type 2|not provided|Inborn genetic diseases|Developmental and epileptic encephalopathy|Generalized epilepsy with febrile seizures plus",182389
DEPDC5,not provided|Familial focal epilepsy with variable foci|Inborn genetic diseases,614191
DEPDC5,"not provided|Epilepsy, familial focal, with variable foci 1",614191
SCN8A,"not provided|Developmental and epileptic encephalopathy, 13",600702
DEPDC5,not provided,614191
STXBP1,"Developmental and epileptic encephalopathy, 4|Developmental and epileptic encephalopathy|Inborn genetic diseases",602926
SCN2A,Focal epilepsy|SCN2A-related disorder,182390
SCN2A,"Epileptic encephalopathy|Developmental and epileptic encephalopathy, 11",182390
SCN2A,Malignant migrating partial seizures of infancy|not provided,182390
SCN2A,Epileptic encephalopathy,182390
SCN2A,"Epileptic encephalopathy|Seizures, benign familial infantile, 3;Developmental and epileptic encephalopathy, 11",182390
SCN1A,Epileptic encephalopathy,182389
STXBP1,Epileptic encephalopathy|not provided,602926
SCN8A,Epileptic encephalopathy|not provided|Developmental and epileptic encephalopathy,600702
SCN8A,"Epileptic encephalopathy|Developmental and epileptic encephalopathy, 13",600702
KCNQ2,Epileptic encephalopathy,602235
MECP2,Focal epilepsy|Rett syndrome,300005
CDKL5,Epileptic encephalopathy,300203
CDKL5,Focal epilepsy,300203
MECP2,Epileptic encephalopathy,300005
TBC1D24,"Parkinsonian disorder|Autosomal dominant epilepsy|Developmental and epileptic encephalopathy, 1;Autosomal dominant nonsyndromic hearing loss 65;Caused by mutation in the TBC1 domain family, member 24|DOORS syndrome|Inborn genetic diseases",613577
TBC1D24,"Developmental and epileptic encephalopathy, 1;Autosomal dominant nonsyndromic hearing loss 65;Caused by mutation in the TBC1 domain family, member 24|Parkinsonian disorder|not provided|Developmental and epileptic encephalopathy, 16",613577
CHD2,not provided|not specified|Self-limited epilepsy with centrotemporal spikes|Developmental and epileptic encephalopathy 94,602119
CHD2,not provided|Inborn genetic diseases|Developmental and epileptic encephalopathy 94,602119
STXBP1,not provided|Developmental and epileptic encephalopathy|STXBP1-related disorder|Inborn genetic diseases,602926
SLC6A1,not provided|Inborn genetic diseases|not specified|Epilepsy with myoclonic atonic seizures,137165
CDKL5,"not provided|not specified|Developmental and epileptic encephalopathy, 2;Angelman syndrome-like|Inborn genetic diseases|CDKL5 disorder|CDKL5-related disorder",300203
SCN9A,"not provided|Neuropathy, hereditary sensory and autonomic, type 2A;Generalized epilepsy with febrile seizures plus, type 7|SCN9A-related disorder",603415
TSC1,not provided|Hereditary cancer-predisposing syndrome|not specified|Isolated focal cortical dysplasia type II|Malignant tumor of breast|Tuberous sclerosis 1|TSC1-related disorder,605284
SCN2A,"Intellectual disability, autosomal dominant",182390
SLC2A1,"GLUT1 deficiency syndrome 1, autosomal recessive|Inborn genetic diseases|Hereditary cryohydrocytosis with reduced stomatin|Encephalopathy due to GLUT1 deficiency|Childhood onset GLUT1 deficiency syndrome 2|not provided|Epilepsy, idiopathic generalized, susceptibility to, 12|Dystonia 9",138140
SLC2A1,"not provided|GLUT1 deficiency syndrome 1, autosomal recessive|Encephalopathy due to GLUT1 deficiency|Dystonia 9|Hereditary cryohydrocytosis with reduced stomatin|Childhood onset GLUT1 deficiency syndrome 2|Epilepsy, idiopathic generalized, susceptibility to, 12",138140
SLC2A1,"not specified|GLUT1 deficiency syndrome 1, autosomal recessive|not provided|Epilepsy, idiopathic generalized, susceptibility to, 12|Dystonia 9|Hereditary cryohydrocytosis with reduced stomatin|Encephalopathy due to GLUT1 deficiency|Childhood onset GLUT1 deficiency syndrome 2",138140
SLC2A1,"not provided|GLUT1 deficiency syndrome 1, autosomal recessive|not specified",138140
SLC2A1,"not specified|GLUT1 deficiency syndrome 1, autosomal recessive|Hereditary cryohydrocytosis with reduced stomatin|Encephalopathy due to GLUT1 deficiency|Childhood onset GLUT1 deficiency syndrome 2|Dystonia 9|Epilepsy, idiopathic generalized, susceptibility to, 12",138140
SLC2A1,"not provided|GLUT1 deficiency syndrome 1, autosomal recessive|Inborn genetic diseases|Encephalopathy due to GLUT1 deficiency|Childhood onset GLUT1 deficiency syndrome 2|Dystonia 9|Epilepsy, idiopathic generalized, susceptibility to, 12|Hereditary cryohydrocytosis with reduced stomatin",138140
SLC2A1,"not specified|not provided|GLUT1 deficiency syndrome 1, autosomal recessive|Dystonia 9|Childhood onset GLUT1 deficiency syndrome 2|Epilepsy, idiopathic generalized, susceptibility to, 12|Inborn genetic diseases|Hereditary cryohydrocytosis with reduced stomatin|Encephalopathy due to GLUT1 deficiency",138140
SLC2A1,"GLUT1 deficiency syndrome 1, autosomal recessive|not provided|Epilepsy, idiopathic generalized, susceptibility to, 12|Hereditary cryohydrocytosis with reduced stomatin|Encephalopathy due to GLUT1 deficiency|Childhood onset GLUT1 deficiency syndrome 2|Inborn genetic diseases|Dystonia 9",138140
SLC2A1,"not specified|Encephalopathy due to GLUT1 deficiency|GLUT1 deficiency syndrome 1, autosomal recessive|Hereditary cryohydrocytosis with reduced stomatin|Childhood onset GLUT1 deficiency syndrome 2|Dystonia 9|Epilepsy, idiopathic generalized, susceptibility to, 12",138140
SLC2A1,"not specified|GLUT1 deficiency syndrome 1, autosomal recessive|Hereditary cryohydrocytosis with reduced stomatin|Encephalopathy due to GLUT1 deficiency|Childhood onset GLUT1 deficiency syndrome 2|not provided|Epilepsy, idiopathic generalized, susceptibility to, 12|Dystonia 9",138140
SLC2A1,"not provided|GLUT1 deficiency syndrome 1, autosomal recessive|Inborn genetic diseases|Encephalopathy due to GLUT1 deficiency|Dystonia 9|Hereditary cryohydrocytosis with reduced stomatin|Childhood onset GLUT1 deficiency syndrome 2|Epilepsy, idiopathic generalized, susceptibility to, 12",138140
SLC2A1,"not specified|GLUT1 deficiency syndrome 1, autosomal recessive|Hereditary cryohydrocytosis with reduced stomatin|Childhood onset GLUT1 deficiency syndrome 2|Epilepsy, idiopathic generalized, susceptibility to, 12|Encephalopathy due to GLUT1 deficiency|Dystonia 9|SLC2A1-related disorder",138140
SLC2A1,"GLUT1 deficiency syndrome 1, autosomal recessive|not provided|Encephalopathy due to GLUT1 deficiency|Childhood onset GLUT1 deficiency syndrome 2|Dystonia 9|Epilepsy, idiopathic generalized, susceptibility to, 12|Inborn genetic diseases|Hereditary cryohydrocytosis with reduced stomatin",138140
SLC2A1,"not specified|GLUT1 deficiency syndrome 1, autosomal recessive|Encephalopathy due to GLUT1 deficiency|Dystonia 9|Epilepsy, idiopathic generalized, susceptibility to, 12|Hereditary cryohydrocytosis with reduced stomatin|Childhood onset GLUT1 deficiency syndrome 2",138140
SLC2A1,"not provided|GLUT1 deficiency syndrome 1, autosomal recessive|Encephalopathy due to GLUT1 deficiency|Epilepsy, idiopathic generalized, susceptibility to, 12",138140
SLC2A1,"GLUT1 deficiency syndrome 1, autosomal recessive|not provided|Hereditary cryohydrocytosis with reduced stomatin|Encephalopathy due to GLUT1 deficiency|Childhood onset GLUT1 deficiency syndrome 2|Dystonia 9|Epilepsy, idiopathic generalized, susceptibility to, 12",138140
SLC2A1,"not specified|GLUT1 deficiency syndrome 1, autosomal recessive|Encephalopathy due to GLUT1 deficiency|Dystonia 9|Hereditary cryohydrocytosis with reduced stomatin|Childhood onset GLUT1 deficiency syndrome 2|Epilepsy, idiopathic generalized, susceptibility to, 12",138140
SLC2A1,"not specified|GLUT1 deficiency syndrome 1, autosomal recessive|Encephalopathy due to GLUT1 deficiency|Childhood onset GLUT1 deficiency syndrome 2|Dystonia 9|Epilepsy, idiopathic generalized, susceptibility to, 12|Hereditary cryohydrocytosis with reduced stomatin",138140
SCN2A,"not specified|Inborn genetic diseases|Seizures, benign familial infantile, 3;Developmental and epileptic encephalopathy, 11|not provided",182390
SCN2A,"not specified|Developmental and epileptic encephalopathy, 11;Seizures, benign familial infantile, 3",182390
SCN2A,"Seizures, benign familial infantile, 3;Developmental and epileptic encephalopathy, 11|not specified",182390
SCN2A,"Seizures, benign familial infantile, 3;Developmental and epileptic encephalopathy, 11|not provided|Inborn genetic diseases",182390
SCN1A,not specified|Severe myoclonic epilepsy in infancy,182389
SCN1A,Developmental and epileptic encephalopathy|not provided|SCN1A-related disorder,182389
SCN1A,not specified|not provided|Developmental and epileptic encephalopathy|SCN1A-related disorder|Inborn genetic diseases,182389
SCN9A,"not specified|Inborn genetic diseases|Neuropathy, hereditary sensory and autonomic, type 2A;Generalized epilepsy with febrile seizures plus, type 7",603415
SCN9A,"not provided|Inborn genetic diseases|Generalized epilepsy with febrile seizures plus, type 7;Neuropathy, hereditary sensory and autonomic, type 2A|not specified",603415
SCN9A,"not specified|Generalized epilepsy with febrile seizures plus, type 7;Neuropathy, hereditary sensory and autonomic, type 2A|Inborn genetic diseases|not provided",603415
SCN2A,"not specified|Seizures, benign familial infantile, 3;Developmental and epileptic encephalopathy, 11|SCN2A-related disorder",182390
SCN2A,"not provided|Benign familial neonatal-infantile seizures 1;Developmental and epileptic encephalopathy, 11;Intellectual disability",182390
SCN2A,"not specified|not provided|Seizures, benign familial infantile, 3;Developmental and epileptic encephalopathy, 11",182390
SCN2A,"not provided|Seizures, benign familial infantile, 3;Developmental and epileptic encephalopathy, 11|Complex neurodevelopmental disorder",182390
SCN2A,not provided|Inborn genetic diseases|Complex neurodevelopmental disorder,182390
SCN2A,"not provided|Developmental and epileptic encephalopathy, 11|Complex neurodevelopmental disorder|Developmental and epileptic encephalopathy|Episodic ataxia, type 9",182390
SCN2A,"not provided|Complex neurodevelopmental disorder|SCN2A-related disorder|Developmental and epileptic encephalopathy, 11;Seizures, benign familial infantile, 3|Developmental disorder",182390
SCN1A,Developmental and epileptic encephalopathy|not provided|Inborn genetic diseases|SCN1A-related disorder,182389
SCN1A,Developmental and epileptic encephalopathy|not specified,182389
SCN1A,not specified|Inborn genetic diseases|Developmental and epileptic encephalopathy,182389
SCN1A,"not specified|Migraine, familial hemiplegic, 3|Generalized epilepsy with febrile seizures plus, type 2|Developmental and epileptic encephalopathy|Inborn genetic diseases",182389
SCN1A,not provided|Developmental and epileptic encephalopathy|Complex neurodevelopmental disorder,182389
SCN9A,"Neuropathy, hereditary sensory and autonomic, type 2A;Generalized epilepsy with febrile seizures plus, type 7|not provided|Inborn genetic diseases|SCN9A-related disorder",603415
SCN1A,not specified|not provided,182389
SCN9A,"Neuropathy, hereditary sensory and autonomic, type 2A;Generalized epilepsy with febrile seizures plus, type 7|not specified|not provided|Inborn genetic diseases|SCN9A-related disorder",603415
SCN9A,"not provided|Generalized epilepsy with febrile seizures plus, type 7;Neuropathy, hereditary sensory and autonomic, type 2A|SCN9A-related disorder",603415
SCN1A,"Developmental and epileptic encephalopathy|Migraine, familial hemiplegic, 3|not provided|Generalized epilepsy with febrile seizures plus, type 2|not specified",182389
SCN9A,not specified,603415
SCN3A,"not provided|Developmental and epileptic encephalopathy, 62|Developmental and epileptic encephalopathy",182391
SCN2A,"not provided|Benign Neonatal Epilepsy|Seizures, benign familial infantile, 3;Developmental and epileptic encephalopathy, 11|Seizures, benign familial infantile, 3|unclassified developmental and epileptic encephalopathy|Developmental and epileptic encephalopathy, 11|Episodic ataxia, type 9|Developmental and epileptic encephalopathy|Complex neurodevelopmental disorder",182390
SCN2A,"not provided|Developmental and epileptic encephalopathy, 11;Seizures, benign familial infantile, 3|not specified|Inborn genetic diseases",182390
SCN9A,"not specified|Neuropathy, hereditary sensory and autonomic, type 2A;Generalized epilepsy with febrile seizures plus, type 7|SCN9A-related disorder|Inborn genetic diseases",603415
GABRA1,"not specified|Idiopathic generalized epilepsy;Epilepsy, idiopathic generalized, susceptibility to, 13;Epilepsy, childhood absence 4",137160
GABRA1,"not specified|Epilepsy, childhood absence 4;Idiopathic generalized epilepsy;Epilepsy, idiopathic generalized, susceptibility to, 13",137160
ALDH7A1,not provided|not specified|Inborn genetic diseases|Pyridoxine-dependent epilepsy,107323
ALDH7A1,not provided|Leukoencephalopathy|Pyridoxine-dependent epilepsy|Inborn genetic diseases|not specified,107323
ALDH7A1,Pyridoxine-dependent epilepsy|ALDH7A1-related disorder|not provided|Inborn genetic diseases,107323
GABRG2,"not specified|EPILEPSY, CHILDHOOD ABSENCE, SUSCEPTIBILITY TO, 2;Febrile seizures, familial, 8|Inborn genetic diseases",137164
GABRG2,"not specified|not provided|EPILEPSY, CHILDHOOD ABSENCE, SUSCEPTIBILITY TO, 2;Febrile seizures, familial, 8",137164
GABRG2,"not specified|EPILEPSY, CHILDHOOD ABSENCE, SUSCEPTIBILITY TO, 2|not provided|EPILEPSY, CHILDHOOD ABSENCE, SUSCEPTIBILITY TO, 2;Febrile seizures, familial, 8",137164
GABRG2,"EPILEPSY, CHILDHOOD ABSENCE, SUSCEPTIBILITY TO, 2;Febrile seizures, familial, 8|not specified|not provided",137164
KCNQ3,Benign neonatal seizures|not provided,602232
KCNQ3,Benign neonatal seizures|not specified,602232
KCNQ3,Benign neonatal seizures|not provided|Inborn genetic diseases,602232
KCNQ3,not specified|KCNQ3-related disorder,602232
ALDH7A1,not specified|Pyridoxine-dependent epilepsy|Lymphoma,107323
ALDH7A1,not specified|not provided,107323
KCNQ3,not specified|Inborn genetic diseases|not provided|Benign neonatal seizures|KCNQ3-related disorder,602232
GABRA1,"Idiopathic generalized epilepsy;Epilepsy, childhood absence 4;Epilepsy, idiopathic generalized, susceptibility to, 13|Inborn genetic diseases|not provided",137160
STXBP1,Developmental and epileptic encephalopathy|not provided,602926
GABRG2,"not provided|EPILEPSY, CHILDHOOD ABSENCE, SUSCEPTIBILITY TO, 2;Febrile seizures, familial, 8|Autosomal dominant nocturnal frontal lobe epilepsy|Febrile seizures, familial, 8|Developmental and epileptic encephalopathy, 74;Febrile seizures, familial, 8;Generalized epilepsy with febrile seizures plus 3|Developmental and epileptic encephalopathy, 74",137164
STXBP1,not specified|Inborn genetic diseases,602926
TSC1,not specified|Tuberous sclerosis 1|Hereditary cancer-predisposing syndrome|Tuberous sclerosis syndrome|not provided,605284
KCNQ3,Benign neonatal seizures|not provided|not specified|Cervical cancer,602232
STXBP1,Developmental and epileptic encephalopathy|STXBP1-related disorder|not provided,602926
TSC1,not specified|Hereditary cancer-predisposing syndrome|Tuberous sclerosis 1|Tuberous sclerosis syndrome|TSC1-related disorder,605284
TSC1,Tuberous sclerosis 1|not specified|Hereditary cancer-predisposing syndrome|not provided|TSC1-related disorder,605284
TSC1,not specified|Tuberous sclerosis syndrome|Tuberous sclerosis 1,605284
TSC1,not specified|not provided,605284
STXBP1,not specified|Developmental and epileptic encephalopathy|not provided|STXBP1-related disorder,602926
TSC1,not provided|Tuberous sclerosis 1|Hereditary cancer-predisposing syndrome|Lymphangiomyomatosis;Isolated focal cortical dysplasia type II;Tuberous sclerosis 1|Isolated focal cortical dysplasia type II|Tuberous sclerosis syndrome,605284
TSC1,Tuberous sclerosis 1|Hereditary cancer-predisposing syndrome|not provided|Lymphangiomyomatosis;Tuberous sclerosis 1;Isolated focal cortical dysplasia type II|Tuberous sclerosis syndrome,605284
TSC1,Tuberous sclerosis 1|Hereditary cancer-predisposing syndrome|Isolated focal cortical dysplasia type II|not provided,605284
TSC1,not specified|Tuberous sclerosis 1|Hereditary cancer-predisposing syndrome|TSC1-related disorder|Tuberous sclerosis syndrome,605284
TSC1,Tuberous sclerosis 1|Hereditary cancer-predisposing syndrome|not provided|TSC1-related disorder|Tuberous sclerosis syndrome,605284
TSC1,not specified|Tuberous sclerosis syndrome,605284
KCNQ3,not provided|Inborn genetic diseases|Benign neonatal seizures,602232
KCNQ3,Benign neonatal seizures|Inborn genetic diseases|not provided,602232
STXBP1,not specified|not provided|Developmental and epileptic encephalopathy|Inborn genetic diseases,602926
TSC1,Tuberous sclerosis 1|Hereditary cancer-predisposing syndrome|not provided|Lymphangiomyomatosis;Tuberous sclerosis 1;Isolated focal cortical dysplasia type II|not specified,605284
SCN8A,not specified|Inborn genetic diseases|Developmental and epileptic encephalopathy,600702
SCN8A,"Cognitive impairment with or without cerebellar ataxia|Developmental and epileptic encephalopathy|not provided|Developmental and epileptic encephalopathy, 13",600702
TSC1,Hereditary cancer-predisposing syndrome|not provided|Tuberous sclerosis 1|TSC1-related disorder|Tuberous sclerosis syndrome,605284
TSC1,not provided|Tuberous sclerosis 1|Hereditary cancer-predisposing syndrome|Isolated focal cortical dysplasia type II,605284
TSC1,Hereditary cancer-predisposing syndrome|Tuberous sclerosis 1|TSC1-related disorder|not provided|Tuberous sclerosis syndrome,605284
FOXG1,not specified,164874
FOXG1,"not provided|Rett syndrome, congenital variant|FOXG1-related disorder",164874
FOXG1,"not provided|Inborn genetic diseases|Rett syndrome, congenital variant|FOXG1-related disorder",164874
FOXG1,"not provided|Rett syndrome, congenital variant|Inborn genetic diseases",164874
SCN8A,Developmental and epileptic encephalopathy|not specified|Inborn genetic diseases,600702
CHD2,Developmental and epileptic encephalopathy 94|not provided|Inborn genetic diseases|not specified,602119
CHD2,not specified|Developmental and epileptic encephalopathy 94|Inborn genetic diseases,602119
CHD2,not specified|Developmental and epileptic encephalopathy 94|Malignant tumor of esophagus,602119
CHD2,not specified|not provided|CHD2-related disorder|Developmental and epileptic encephalopathy 94,602119
CHD2,not provided|Developmental and epileptic encephalopathy 94|Inborn genetic diseases,602119
TSC2,not specified|Tuberous sclerosis 2|Tuberous sclerosis 2;Isolated focal cortical dysplasia type II;Lymphangiomyomatosis,191092
TSC2,Hereditary cancer-predisposing syndrome|Tuberous sclerosis 2|not provided|Tuberous sclerosis syndrome|TSC2-related disorder,191092
TSC2,not specified|Isolated focal cortical dysplasia type II;Tuberous sclerosis 2;Lymphangiomyomatosis|Tuberous sclerosis 2|Tuberous sclerosis syndrome|Hereditary cancer-predisposing syndrome,191092
TSC2,not specified|Tuberous sclerosis 2|not provided|Hereditary cancer-predisposing syndrome|Isolated focal cortical dysplasia type II;Tuberous sclerosis 2;Lymphangiomyomatosis,191092
TSC2,not specified|Tuberous sclerosis 2|Hereditary cancer-predisposing syndrome|Isolated focal cortical dysplasia type II;Tuberous sclerosis 2;Lymphangiomyomatosis,191092
TSC2,Tuberous sclerosis 2|not specified|Hereditary cancer-predisposing syndrome|not provided,191092
TSC2,not specified|Hereditary cancer-predisposing syndrome|not provided|Tuberous sclerosis 2|Tuberous sclerosis syndrome|TSC2-related disorder,191092
TSC2,not provided|Hereditary cancer-predisposing syndrome|not specified|Tuberous sclerosis 2|Tuberous sclerosis syndrome,191092
TSC2,not provided|Hereditary cancer-predisposing syndrome|Tuberous sclerosis 2|Tuberous sclerosis 2;Isolated focal cortical dysplasia type II;Lymphangiomyomatosis,191092
TSC2,Hereditary cancer-predisposing syndrome|Tuberous sclerosis 2|not provided|not specified|TSC2-related disorder|Ovarian serous cystadenocarcinoma,191092
TSC2,not specified|Tuberous sclerosis 2|Isolated focal cortical dysplasia type II;Tuberous sclerosis 2;Lymphangiomyomatosis,191092
TSC2,Tuberous sclerosis 2|not provided|Isolated focal cortical dysplasia type II;Tuberous sclerosis 2;Lymphangiomyomatosis|Hereditary cancer-predisposing syndrome|Tuberous sclerosis syndrome,191092
TSC2,not provided|Tuberous sclerosis 2|Hereditary cancer-predisposing syndrome|Tuberous sclerosis 2;Isolated focal cortical dysplasia type II;Lymphangiomyomatosis,191092
TSC2,not provided|Hereditary cancer-predisposing syndrome|Tuberous sclerosis 2|Isolated focal cortical dysplasia type II;Tuberous sclerosis 2;Lymphangiomyomatosis,191092
TSC2,not specified|Tuberous sclerosis 2|Isolated focal cortical dysplasia type II;Tuberous sclerosis 2;Lymphangiomyomatosis|not provided|TSC2-related disorder,191092
FOXG1,"not provided|not specified|Inborn genetic diseases|Rett syndrome, congenital variant|FOXG1 disorder",164874
TBC1D24,"not specified|Familial infantile myoclonic epilepsy|Developmental and epileptic encephalopathy, 1;Caused by mutation in the TBC1 domain family, member 24;Autosomal dominant nonsyndromic hearing loss 65",613577
TBC1D24,"Developmental and epileptic encephalopathy, 1;Caused by mutation in the TBC1 domain family, member 24;Autosomal dominant nonsyndromic hearing loss 65|not provided|Inborn genetic diseases",613577
TBC1D24,"not specified|Caused by mutation in the TBC1 domain family, member 24;Developmental and epileptic encephalopathy, 1;Autosomal dominant nonsyndromic hearing loss 65",613577
TBC1D24,"not specified|Autosomal dominant nonsyndromic hearing loss 65;Caused by mutation in the TBC1 domain family, member 24;Developmental and epileptic encephalopathy, 1",613577
CHD2,Developmental and epileptic encephalopathy 94|not provided|Inborn genetic diseases|CHD2-related disorder,602119
TSC2,not specified|Tuberous sclerosis syndrome,191092
TSC2,not specified|not provided|Tuberous sclerosis 2|Isolated focal cortical dysplasia type II;Tuberous sclerosis 2;Lymphangiomyomatosis,191092
TSC2,Tuberous sclerosis 2|Hereditary cancer-predisposing syndrome|not provided|TSC2-related disorder|Tuberous sclerosis syndrome,191092
TSC2,not specified|Tuberous sclerosis 2|Hereditary cancer-predisposing syndrome|Tuberous sclerosis syndrome|Lymphangiomyomatosis;Isolated focal cortical dysplasia type II;Tuberous sclerosis 2,191092
TSC2,not specified|Tuberous sclerosis 2|Hereditary cancer-predisposing syndrome|Lymphangiomyomatosis;Isolated focal cortical dysplasia type II;Tuberous sclerosis 2,191092
TSC2,Tuberous sclerosis 2|Hereditary cancer-predisposing syndrome|Isolated focal cortical dysplasia type II;Tuberous sclerosis 2;Lymphangiomyomatosis|Tuberous sclerosis syndrome|not provided,191092
TSC2,not specified|Tuberous sclerosis 2|Tuberous sclerosis syndrome|Hereditary cancer-predisposing syndrome,191092
CHD2,not provided|Developmental and epileptic encephalopathy 94|Inborn genetic diseases|CHD2-related disorder,602119
CHD2,not provided|not specified|Developmental and epileptic encephalopathy 94,602119
CHD2,not specified|Developmental and epileptic encephalopathy 94|not provided|Gastric cancer|Ovarian serous cystadenocarcinoma|Acute myeloid leukemia|Familial cancer of breast|Thymoma|Malignant tumor of esophagus,602119
CHD2,not specified|Developmental and epileptic encephalopathy 94|Familial cancer of breast,602119
TBC1D24,"not specified|not provided|Familial infantile myoclonic epilepsy|Developmental and epileptic encephalopathy, 1;Caused by mutation in the TBC1 domain family, member 24;Autosomal dominant nonsyndromic hearing loss 65",613577
TBC1D24,"not provided|Caused by mutation in the TBC1 domain family, member 24;Developmental and epileptic encephalopathy, 1;Autosomal dominant nonsyndromic hearing loss 65",613577
TBC1D24,"not specified|Developmental and epileptic encephalopathy, 1;Caused by mutation in the TBC1 domain family, member 24;Autosomal dominant nonsyndromic hearing loss 65",613577
TBC1D24,"not specified|not provided|Developmental and epileptic encephalopathy, 1;Autosomal dominant nonsyndromic hearing loss 65;Caused by mutation in the TBC1 domain family, member 24|Inborn genetic diseases|6 conditions|TBC1D24-related disorder",613577
TBC1D24,"not specified|not provided|Familial infantile myoclonic epilepsy|Developmental and epileptic encephalopathy, 1;Caused by mutation in the TBC1 domain family, member 24;Autosomal dominant nonsyndromic hearing loss 65|Inborn genetic diseases|TBC1D24-related disorder",613577
TSC2,Tuberous sclerosis 2|Hereditary cancer-predisposing syndrome|not provided|Isolated focal cortical dysplasia type II;Tuberous sclerosis 2;Lymphangiomyomatosis|Tuberous sclerosis syndrome,191092
TSC2,Tuberous sclerosis 2|Hereditary cancer-predisposing syndrome|not specified|not provided|Intellectual disability|Tuberous sclerosis syndrome,191092
TSC2,not specified|Hereditary cancer-predisposing syndrome|Tuberous sclerosis syndrome|Tuberous sclerosis 2,191092
TSC2,not provided|Hereditary cancer-predisposing syndrome|Tuberous sclerosis 2|Tuberous sclerosis syndrome|Lymphangiomyomatosis;Isolated focal cortical dysplasia type II;Tuberous sclerosis 2,191092
SCN8A,Developmental and epileptic encephalopathy|not provided|SCN8A-related disorder,600702
TSC2,not specified|Hereditary cancer-predisposing syndrome|not provided|Tuberous sclerosis 2,191092
TSC2,Tuberous sclerosis 2|Hereditary cancer-predisposing syndrome|not provided|Isolated focal cortical dysplasia type II;Tuberous sclerosis 2;Lymphangiomyomatosis|TSC2-related disorder|Tuberous sclerosis syndrome,191092
SCN8A,not specified|Developmental and epileptic encephalopathy|SCN8A-related disorder,600702
SCN8A,"not provided|Developmental and epileptic encephalopathy|Developmental and epileptic encephalopathy, 13",600702
SCN8A,not provided|COGNITIVE IMPAIRMENT WITHOUT CEREBELLAR ATAXIA|Complex neurodevelopmental disorder,600702
TBC1D24,"Developmental and epileptic encephalopathy, 1;Caused by mutation in the TBC1 domain family, member 24;Autosomal dominant nonsyndromic hearing loss 65|not provided",613577
TBC1D24,"not provided|Caused by mutation in the TBC1 domain family, member 24;Developmental and epileptic encephalopathy, 1;Autosomal dominant nonsyndromic hearing loss 65|6 conditions|Inborn genetic diseases",613577
TBC1D24,"Caused by mutation in the TBC1 domain family, member 24;Developmental and epileptic encephalopathy, 1;Autosomal dominant nonsyndromic hearing loss 65|Inborn genetic diseases|not provided",613577
NPRL3,"not provided|Epilepsy, familial focal, with variable foci 3",600928
FOXG1,"Rett syndrome, congenital variant|Inborn genetic diseases|not provided|FOXG1 disorder",164874
CHD2,not specified|Inborn genetic diseases|Developmental and epileptic encephalopathy 94|not provided,602119
CHD2,Developmental and epileptic encephalopathy 94|Inborn genetic diseases|CHD2-related disorder|not provided,602119
CHD2,not specified|Inborn genetic diseases,602119
TSC2,not provided|Tuberous sclerosis 2|Hereditary cancer-predisposing syndrome|Isolated focal cortical dysplasia type II|Thymoma,191092
TSC2,Tuberous sclerosis 2|not provided|Hereditary cancer-predisposing syndrome|TSC2-related disorder|Tuberous sclerosis syndrome,191092
TSC2,not specified|Tuberous sclerosis 2|Tuberous sclerosis syndrome|not provided|Isolated focal cortical dysplasia type II;Tuberous sclerosis 2;Lymphangiomyomatosis,191092
TSC2,Hereditary cancer-predisposing syndrome|not provided|Tuberous sclerosis 2|Tuberous sclerosis syndrome|TSC2-related disorder,191092
TSC2,not specified|Tuberous sclerosis 2|Hereditary cancer-predisposing syndrome|TSC2-related disorder,191092
TSC2,not specified|Tuberous sclerosis 2|Hereditary cancer-predisposing syndrome|not provided|Tuberous sclerosis syndrome,191092
TBC1D24,"not specified|Developmental and epileptic encephalopathy, 1;Caused by mutation in the TBC1 domain family, member 24;Autosomal dominant nonsyndromic hearing loss 65|not provided|TBC1D24-related disorder",613577
TBC1D24,"not provided|Autosomal dominant nonsyndromic hearing loss 65;Caused by mutation in the TBC1 domain family, member 24;Developmental and epileptic encephalopathy, 1|TBC1D24-related disorder",613577
TBC1D24,"not provided|Autosomal dominant nonsyndromic hearing loss 65;Developmental and epileptic encephalopathy, 1;Caused by mutation in the TBC1 domain family, member 24|Inborn genetic diseases",613577
PCDH19,"Developmental and epileptic encephalopathy, 9|not provided|Inborn genetic diseases",300460
PCDH19,"Developmental and epileptic encephalopathy, 9|not provided|PCDH19-related disorder",300460
PCDH19,"not provided|Developmental and epileptic encephalopathy, 9|Inborn genetic diseases|PCDH19-related disorder",300460
PCDH19,not specified|not provided,300460
MECP2,"not provided|Severe neonatal-onset encephalopathy with microcephaly|Inborn genetic diseases|MECP2-related disorder|Rett syndrome|Thyroid cancer, nonmedullary, 1",300005
CDKL5,"Developmental and epileptic encephalopathy, 2;Angelman syndrome-like|not provided|Inborn genetic diseases",300203
CDKL5,"not specified|Developmental and epileptic encephalopathy, 2;Angelman syndrome-like|Inborn genetic diseases",300203
ARX,"not specified|Developmental and epileptic encephalopathy, 1;Intellectual disability, X-linked, with or without seizures, ARX-related|not provided",300382
ARX,"not provided|not specified|Developmental and epileptic encephalopathy, 1|Developmental and epileptic encephalopathy, 1;Intellectual disability, X-linked, with or without seizures, ARX-related",300382
KCNQ2,"not specified|Developmental and epileptic encephalopathy|not provided|Developmental and epileptic encephalopathy, 7;Seizures, benign familial neonatal, 1",602235
KCNQ2,not provided|KCNQ2-related disorder|Developmental and epileptic encephalopathy|Inborn genetic diseases,602235
KCNQ2,not provided|Developmental and epileptic encephalopathy|not specified|KCNQ2-related disorder,602235
KCNQ2,not provided|Developmental and epileptic encephalopathy|not specified,602235
KCNQ2,not specified|KCNQ2-related disorder,602235
DEPDC5,"not provided|Familial focal epilepsy with variable foci|Epilepsy, familial focal, with variable foci 1",614191
MECP2,Severe neonatal-onset encephalopathy with microcephaly|not provided,300005
MECP2,not provided|Severe neonatal-onset encephalopathy with microcephaly|MECP2-related disorder,300005
MECP2,not specified|not provided|Inborn genetic diseases|Severe neonatal-onset encephalopathy with microcephaly|Rett syndrome|MECP2-related disorder,300005
MECP2,not specified|MECP2-related disorder|Inborn genetic diseases,300005
CDKL5,"not specified|not provided|Angelman syndrome-like;Developmental and epileptic encephalopathy, 2|Inborn genetic diseases",300203
ARX,"Developmental and epileptic encephalopathy, 1;Intellectual disability, X-linked, with or without seizures, ARX-related|not provided",300382
ARX,"Developmental and epileptic encephalopathy, 1;Intellectual disability, X-linked, with or without seizures, ARX-related|not specified|not provided",300382
KCNQ2,Developmental and epileptic encephalopathy|not provided|Inborn genetic diseases|KCNQ2-related disorder,602235
DEPDC5,not specified|Inborn genetic diseases|not provided|Familial focal epilepsy with variable foci,614191
MECP2,"not specified|not provided|Autism, susceptibility to, X-linked 3|Rett syndrome",300005
MECP2,not provided|Severe neonatal-onset encephalopathy with microcephaly|MECP2-related disorder|not specified,300005
CDKL5,not specified|CDKL5-related disorder,300203
MECP2,not specified|Inborn genetic diseases|not provided|Severe neonatal-onset encephalopathy with microcephaly|Rett syndrome,300005
TSC2,Tuberous sclerosis 2|Lymphangiomyomatosis;Isolated focal cortical dysplasia type II;Tuberous sclerosis 2,191092
ALDH7A1,Abnormal brain morphology|Pyridoxine-dependent epilepsy,107323
PLCB1,Abnormal brain morphology,607120
SLC2A1,"GLUT1 deficiency syndrome 1, autosomal recessive|Encephalopathy due to GLUT1 deficiency;Childhood onset GLUT1 deficiency syndrome 2;Hereditary cryohydrocytosis with reduced stomatin;Dystonia 9;Epilepsy, idiopathic generalized, susceptibility to, 12|not provided|Inborn genetic diseases|Epilepsy, idiopathic generalized, susceptibility to, 12",138140
SLC2A1,"GLUT1 deficiency syndrome 1, autosomal recessive|not provided|not specified|Beckwith-Wiedemann syndrome",138140
SLC2A1,"GLUT1 deficiency syndrome 1, autosomal recessive|Inborn genetic diseases|Childhood onset GLUT1 deficiency syndrome 2|Dystonia 9|Epilepsy, idiopathic generalized, susceptibility to, 12|Encephalopathy due to GLUT1 deficiency|Hereditary cryohydrocytosis with reduced stomatin",138140
SCN3A,"not provided|Developmental and epileptic encephalopathy, 62;Epilepsy, familial focal, with variable foci 4",182391
SCN1A,Developmental and epileptic encephalopathy|not specified|not provided,182389
SCN3A,"not provided|Epilepsy, familial focal, with variable foci 4|Inborn genetic diseases",182391
SCN9A,"Generalized epilepsy with febrile seizures plus, type 7;Neuropathy, hereditary sensory and autonomic, type 2A",603415
SCN3A,"not provided|Epilepsy, familial focal, with variable foci 4|Developmental and epileptic encephalopathy, 62",182391
SCN9A,"Generalized epilepsy with febrile seizures plus, type 7;Neuropathy, hereditary sensory and autonomic, type 2A|not provided",603415
SCN2A,"Seizures, benign familial infantile, 3;Developmental and epileptic encephalopathy, 11|Complex neurodevelopmental disorder|Developmental and epileptic encephalopathy, 11|not provided",182390
SCN2A,"Developmental and epileptic encephalopathy, 11;Seizures, benign familial infantile, 3|not provided|SCN2A-related disorder",182390
SCN9A,"Neuropathy, hereditary sensory and autonomic, type 2A;Generalized epilepsy with febrile seizures plus, type 7|not specified",603415
SCN9A,"Generalized epilepsy with febrile seizures plus, type 7;Neuropathy, hereditary sensory and autonomic, type 2A|Inborn genetic diseases|not provided",603415
SCN9A,"Neuropathy, hereditary sensory and autonomic, type 2A;Generalized epilepsy with febrile seizures plus, type 7|Neuropathy, hereditary sensory and autonomic, type 2A",603415
SCN9A,"Neuropathy, hereditary sensory and autonomic, type 2A;Generalized epilepsy with febrile seizures plus, type 7|Inborn genetic diseases|not provided",603415
SCN9A,"Neuropathy, hereditary sensory and autonomic, type 2A;Generalized epilepsy with febrile seizures plus, type 7|not provided|Inborn genetic diseases|Primary erythromelalgia;Paroxysmal extreme pain disorder;Channelopathy-associated congenital insensitivity to pain, autosomal recessive|Primary erythromelalgia;Severe myoclonic epilepsy in infancy;Paroxysmal extreme pain disorder;Channelopathy-associated congenital insensitivity to pain, autosomal recessive;Generalized epilepsy with febrile seizures plus, type 7",603415
SCN3A,not provided|not specified|Inborn genetic diseases,182391
SCN2A,"Seizures, benign familial infantile, 3;Developmental and epileptic encephalopathy, 11|Seizures, benign familial infantile, 3|not provided",182390
SCN9A,"Generalized epilepsy with febrile seizures plus, type 7;Neuropathy, hereditary sensory and autonomic, type 2A|Inborn genetic diseases",603415
SCN9A,"Paroxysmal extreme pain disorder|Neuropathy, hereditary sensory and autonomic, type 2A;Generalized epilepsy with febrile seizures plus, type 7|Primary erythromelalgia|Inborn genetic diseases|Channelopathy-associated congenital insensitivity to pain, autosomal recessive|not provided|not specified",603415
SCN9A,"Neuropathy, hereditary sensory and autonomic, type 2A;Generalized epilepsy with febrile seizures plus, type 7|not provided|not specified|Inborn genetic diseases",603415
SCN3A,"Epilepsy, familial focal, with variable foci 4|not provided",182391
SCN2A,"Seizures, benign familial infantile, 3;Developmental and epileptic encephalopathy, 11|Seizures, benign familial infantile, 3;Episodic ataxia, type 9;Developmental and epileptic encephalopathy, 11|Developmental and epileptic encephalopathy, 11",182390
SCN2A,"Developmental and epileptic encephalopathy, 11;Seizures, benign familial infantile, 3|Inborn genetic diseases|not provided",182390
SCN2A,"Seizures, benign familial infantile, 3;Developmental and epileptic encephalopathy, 11|Seizures, benign familial infantile, 3|Seizure|Developmental and epileptic encephalopathy, 11|not provided",182390
SCN1A,Developmental and epileptic encephalopathy|Severe myoclonic epilepsy in infancy,182389
SCN1A,not provided|not specified|Developmental and epileptic encephalopathy,182389
ALDH7A1,Pyridoxine-dependent epilepsy|Inborn genetic diseases,107323
ALDH7A1,Pyridoxine-dependent epilepsy|not provided|Inborn genetic diseases|Malignant tumor of esophagus,107323
GABRG2,"Febrile seizures, familial, 8;EPILEPSY, CHILDHOOD ABSENCE, SUSCEPTIBILITY TO, 2|Inborn genetic diseases|not provided",137164
ALDH7A1,Pyridoxine-dependent epilepsy|not provided|Inborn genetic diseases,107323
GABRG2,"not specified|EPILEPSY, CHILDHOOD ABSENCE, SUSCEPTIBILITY TO, 2;Febrile seizures, familial, 8|Inborn genetic diseases|not provided",137164
GABRG2,"EPILEPSY, CHILDHOOD ABSENCE, SUSCEPTIBILITY TO, 2;Febrile seizures, familial, 8|Inborn genetic diseases|Epilepsy",137164
GABRG2,"EPILEPSY, CHILDHOOD ABSENCE, SUSCEPTIBILITY TO, 2;Febrile seizures, familial, 8|Developmental and epileptic encephalopathy, 74",137164
KCNQ3,"Benign neonatal seizures|not provided|Seizures, benign familial neonatal, 2|Inborn genetic diseases",602232
TSC1,Tuberous sclerosis 1|Hereditary cancer-predisposing syndrome|Isolated focal cortical dysplasia type II,605284
TSC1,Tuberous sclerosis 1|Hereditary cancer-predisposing syndrome|not provided,605284
TSC1,Tuberous sclerosis 1|Hereditary cancer-predisposing syndrome|Isolated focal cortical dysplasia type II|Tuberous sclerosis syndrome|not provided,605284
TSC1,Tuberous sclerosis 1|Hereditary cancer-predisposing syndrome|Lymphangiomyomatosis;Isolated focal cortical dysplasia type II;Tuberous sclerosis 1,605284
TSC1,Tuberous sclerosis 1|not specified|Hereditary cancer-predisposing syndrome|Lymphangiomyomatosis;Isolated focal cortical dysplasia type II;Tuberous sclerosis 1,605284
KCNQ3,"Benign neonatal seizures|Seizures, benign familial neonatal, 2|Inborn genetic diseases",602232
TSC1,not provided|Tuberous sclerosis 1|Hereditary cancer-predisposing syndrome|Tuberous sclerosis syndrome|TSC1-related disorder,605284
TSC1,Tuberous sclerosis 1|not specified|Isolated focal cortical dysplasia type II;Lymphangiomyomatosis;Tuberous sclerosis 1|TSC1-related disorder,605284
TSC1,Tuberous sclerosis 1|Hereditary cancer-predisposing syndrome|not provided|not specified|Tuberous sclerosis syndrome,605284
TSC1,Tuberous sclerosis 1|Hereditary cancer-predisposing syndrome|Tuberous sclerosis syndrome|not provided,605284
TSC1,Tuberous sclerosis 1|TSC1-related disorder|not specified|Hereditary cancer-predisposing syndrome,605284
TSC1,Tuberous sclerosis 1|not provided|Isolated focal cortical dysplasia type II|Hereditary cancer-predisposing syndrome,605284
TSC1,Hereditary cancer-predisposing syndrome|Lymphangiomyomatosis;Isolated focal cortical dysplasia type II;Tuberous sclerosis 1|Tuberous sclerosis 1,605284
TSC1,Tuberous sclerosis 1|not specified|Hereditary cancer-predisposing syndrome|Tuberous sclerosis syndrome,605284
TSC1,Tuberous sclerosis 1|not provided|Hereditary cancer-predisposing syndrome|Tuberous sclerosis syndrome|not specified,605284
TSC1,Tuberous sclerosis 1|not provided|Hereditary cancer-predisposing syndrome|Lymphangiomyomatosis;Isolated focal cortical dysplasia type II;Tuberous sclerosis 1,605284
TSC1,Tuberous sclerosis 1|Hereditary cancer-predisposing syndrome|Isolated focal cortical dysplasia type II;Lymphangiomyomatosis;Tuberous sclerosis 1|not provided,605284
TSC1,Hereditary cancer-predisposing syndrome|Tuberous sclerosis 1|TSC1-related disorder,605284
TSC1,Tuberous sclerosis 1|Hereditary cancer-predisposing syndrome|Tuberous sclerosis syndrome|Hereditary cancer|not provided,605284
TSC1,Tuberous sclerosis 1|Lymphangiomyomatosis;Isolated focal cortical dysplasia type II;Tuberous sclerosis 1|Hereditary cancer-predisposing syndrome|Tuberous sclerosis syndrome,605284
TSC1,Tuberous sclerosis 1|Hereditary cancer-predisposing syndrome|not provided|Tuberous sclerosis syndrome|Ovarian cancer,605284
TSC1,Tuberous sclerosis 1|Hereditary cancer-predisposing syndrome|Tuberous sclerosis syndrome|Isolated focal cortical dysplasia type II|not provided,605284
TSC1,Tuberous sclerosis 1|Hereditary cancer-predisposing syndrome|Lymphangiomyomatosis;Isolated focal cortical dysplasia type II;Tuberous sclerosis 1|Tuberous sclerosis syndrome,605284
TSC1,Tuberous sclerosis 1|not provided|Seizure|Hereditary cancer-predisposing syndrome|not specified,605284
TSC1,Tuberous sclerosis 1|Hereditary cancer-predisposing syndrome|Isolated focal cortical dysplasia type II|Tuberous sclerosis syndrome,605284
TSC1,Tuberous sclerosis 1|Hereditary cancer-predisposing syndrome|Tuberous sclerosis syndrome|TSC1-related disorder|not provided,605284
TSC1,Tuberous sclerosis 1|not specified|Hereditary cancer-predisposing syndrome|Isolated focal cortical dysplasia type II|Tuberous sclerosis syndrome,605284
TSC1,Tuberous sclerosis 1|Hereditary cancer-predisposing syndrome|not provided|Tuberous sclerosis syndrome|not specified,605284
STXBP1,not provided|Inborn genetic diseases|Developmental and epileptic encephalopathy,602926
TSC1,Tuberous sclerosis 1|TSC1-related disorder|Hereditary cancer-predisposing syndrome|not provided|Tuberous sclerosis syndrome,605284
TSC1,Tuberous sclerosis 1|Hereditary cancer-predisposing syndrome|Isolated focal cortical dysplasia type II;Lymphangiomyomatosis;Tuberous sclerosis 1|not specified,605284
TSC1,Tuberous sclerosis 1|Tuberous sclerosis syndrome|Lymphangiomyomatosis;Isolated focal cortical dysplasia type II;Tuberous sclerosis 1,605284
TSC1,Tuberous sclerosis 1|not provided|Hereditary cancer-predisposing syndrome|TSC1-related disorder|Tuberous sclerosis syndrome|Cholangiocarcinoma|Familial cancer of breast|Acute myeloid leukemia,605284
TSC1,Tuberous sclerosis 1|Hereditary cancer-predisposing syndrome|not provided|Lymphangiomyomatosis;Tuberous sclerosis 1;Isolated focal cortical dysplasia type II,605284
TSC1,Tuberous sclerosis 1|Hereditary cancer-predisposing syndrome|not specified,605284
TSC1,Hereditary cancer-predisposing syndrome|Tuberous sclerosis 1|not provided|Tuberous sclerosis 1;Lymphangiomyomatosis;Isolated focal cortical dysplasia type II|TSC1-related disorder|Tuberous sclerosis syndrome,605284
TSC1,Tuberous sclerosis 1|Hereditary cancer-predisposing syndrome|not provided|Tuberous sclerosis 1;Lymphangiomyomatosis;Isolated focal cortical dysplasia type II,605284
TSC1,Tuberous sclerosis 1|Hereditary cancer-predisposing syndrome|Isolated focal cortical dysplasia type II|not specified,605284
TSC1,Craniopharyngioma|Tuberous sclerosis 1|Hereditary cancer-predisposing syndrome|not provided|TSC1-related disorder|Tuberous sclerosis 1;Lymphangiomyomatosis;Isolated focal cortical dysplasia type II,605284
TSC1,Tuberous sclerosis 1|Hereditary cancer-predisposing syndrome|TSC1-related disorder|Tuberous sclerosis syndrome,605284
TSC1,Tuberous sclerosis 1|Hereditary cancer-predisposing syndrome|TSC1-related disorder|Tuberous sclerosis syndrome|not provided,605284
TSC1,Tuberous sclerosis 1|Hereditary cancer-predisposing syndrome|Tuberous sclerosis syndrome|Isolated focal cortical dysplasia type II;Lymphangiomyomatosis;Tuberous sclerosis 1|not provided,605284
SCN8A,not provided|not specified|Developmental and epileptic encephalopathy|Inborn genetic diseases,600702
SCN8A,Developmental and epileptic encephalopathy|not specified|Inborn genetic diseases|not provided|SCN8A-related disorder,600702
TSC2,Tuberous sclerosis 2|Hereditary cancer-predisposing syndrome|not provided|Tuberous sclerosis 2;Lymphangiomyomatosis;Isolated focal cortical dysplasia type II|Tuberous sclerosis syndrome,191092
TSC2,Tuberous sclerosis 2|Hereditary cancer-predisposing syndrome|Tuberous sclerosis syndrome|Tuberous sclerosis 2;Lymphangiomyomatosis;Isolated focal cortical dysplasia type II,191092
TSC2,Tuberous sclerosis 2|Hereditary cancer-predisposing syndrome|Isolated focal cortical dysplasia type II|not provided,191092
TSC2,Tuberous sclerosis 2|not provided|Hereditary cancer-predisposing syndrome|Tuberous sclerosis syndrome|TSC2-related disorder,191092
TSC2,Tuberous sclerosis 2|Hereditary cancer-predisposing syndrome|Tuberous sclerosis 2;Lymphangiomyomatosis;Isolated focal cortical dysplasia type II,191092
TSC2,Tuberous sclerosis 2|Hereditary cancer-predisposing syndrome|Tuberous sclerosis syndrome|not specified|TSC2-related disorder,191092
TSC2,Tuberous sclerosis 2|not specified|Hereditary cancer-predisposing syndrome|Lymphangiomyomatosis;Isolated focal cortical dysplasia type II;Tuberous sclerosis 2|Tuberous sclerosis syndrome,191092
TSC2,not provided|Tuberous sclerosis 2|Hereditary cancer-predisposing syndrome|Tuberous sclerosis syndrome|not specified|TSC2-related disorder,191092
TSC2,Tuberous sclerosis 2|Hereditary cancer-predisposing syndrome|not provided|TSC2-related disorder|Isolated focal cortical dysplasia type II;Tuberous sclerosis 2;Lymphangiomyomatosis,191092
TSC2,Tuberous sclerosis 2|Hereditary cancer-predisposing syndrome|Tuberous sclerosis syndrome|Isolated focal cortical dysplasia type II;Tuberous sclerosis 2;Lymphangiomyomatosis|TSC2-related disorder,191092
TSC2,Tuberous sclerosis 2|Hereditary cancer-predisposing syndrome|not provided|TSC2-related disorder|Tuberous sclerosis syndrome|not specified,191092
TSC2,Tuberous sclerosis 2|Hereditary cancer-predisposing syndrome|Isolated focal cortical dysplasia type II;Lymphangiomyomatosis;Tuberous sclerosis 2|not provided,191092
TSC2,Tuberous sclerosis 2|Hereditary cancer-predisposing syndrome|TSC2-related disorder|not specified|Tuberous sclerosis syndrome,191092
TSC2,Tuberous sclerosis 2|not provided|Isolated focal cortical dysplasia type II;Tuberous sclerosis 2;Lymphangiomyomatosis,191092
TSC2,Hereditary cancer-predisposing syndrome|Tuberous sclerosis 2|not provided|not specified|Tuberous sclerosis syndrome|Isolated focal cortical dysplasia type II;Tuberous sclerosis 2;Lymphangiomyomatosis,191092
TSC2,Tuberous sclerosis 2|Hereditary cancer-predisposing syndrome|TSC2-related disorder|Tuberous sclerosis syndrome,191092
TSC2,Tuberous sclerosis 2|Hereditary cancer-predisposing syndrome|Isolated focal cortical dysplasia type II|not specified,191092
TSC2,Tuberous sclerosis 2|not specified|Hereditary cancer-predisposing syndrome|Tuberous sclerosis syndrome|not provided,191092
TSC2,Tuberous sclerosis 2|Hereditary cancer-predisposing syndrome|Isolated focal cortical dysplasia type II;Tuberous sclerosis 2;Lymphangiomyomatosis|not provided|not specified,191092
TSC2,Tuberous sclerosis 2|not provided|Hereditary cancer-predisposing syndrome|TSC2-related disorder,191092
TSC2,Tuberous sclerosis 2|TSC2-related disorder|Hereditary cancer-predisposing syndrome|not provided|Isolated focal cortical dysplasia type II|Tuberous sclerosis syndrome,191092
TSC2,Tuberous sclerosis 2|Hereditary cancer-predisposing syndrome|not specified|Lymphangiomyomatosis;Tuberous sclerosis 2;Isolated focal cortical dysplasia type II,191092
TSC2,Tuberous sclerosis 2|Hereditary cancer-predisposing syndrome|Tuberous sclerosis syndrome|not provided|not specified,191092
TSC2,Tuberous sclerosis 2|not provided|Hereditary cancer-predisposing syndrome|not specified,191092
TSC2,Tuberous sclerosis 2|Hereditary cancer-predisposing syndrome|Tuberous sclerosis 2;Lymphangiomyomatosis;Isolated focal cortical dysplasia type II|Tuberous sclerosis syndrome|not provided,191092
TSC2,Tuberous sclerosis 2|Hereditary cancer-predisposing syndrome|not provided|Isolated focal cortical dysplasia type II;Lymphangiomyomatosis;Tuberous sclerosis 2|Tuberous sclerosis syndrome,191092
TSC2,Tuberous sclerosis 2|Hereditary cancer-predisposing syndrome|Tuberous sclerosis 2;Lymphangiomyomatosis;Isolated focal cortical dysplasia type II|Tuberous sclerosis syndrome|TSC2-related disorder|not provided,191092
TSC2,Tuberous sclerosis 2|not provided|Hereditary cancer-predisposing syndrome|Tuberous sclerosis 2;Lymphangiomyomatosis;Isolated focal cortical dysplasia type II|Isolated focal cortical dysplasia type II,191092
TSC2,Isolated focal cortical dysplasia type II;Tuberous sclerosis 2;Lymphangiomyomatosis|Hereditary cancer-predisposing syndrome|not provided|Tuberous sclerosis 2,191092
TSC2,Tuberous sclerosis 2|not provided|Hereditary cancer-predisposing syndrome|not specified|TSC2-related disorder,191092
TSC2,not provided|Tuberous sclerosis 2|Isolated focal cortical dysplasia type II;Lymphangiomyomatosis;Tuberous sclerosis 2,191092
CHD2,Developmental and epileptic encephalopathy 94|not specified|not provided,602119
TBC1D24,"Caused by mutation in the TBC1 domain family, member 24;Developmental and epileptic encephalopathy, 1;Autosomal dominant nonsyndromic hearing loss 65|not provided",613577
TBC1D24,"Caused by mutation in the TBC1 domain family, member 24;Developmental and epileptic encephalopathy, 1;Autosomal dominant nonsyndromic hearing loss 65",613577
PRRT2,"Episodic kinesigenic dyskinesia|Seizures, benign familial infantile, 2;Episodic kinesigenic dyskinesia 1;Infantile convulsions and choreoathetosis|not provided",614386
TSC2,Tuberous sclerosis 2|not provided|TSC2-related disorder|Hereditary cancer-predisposing syndrome|Tuberous sclerosis syndrome|Isolated focal cortical dysplasia type II;Tuberous sclerosis 2;Lymphangiomyomatosis,191092
PRRT2,Episodic kinesigenic dyskinesia|Inborn genetic diseases|not provided,614386
TSC2,Tuberous sclerosis 2|Hereditary cancer-predisposing syndrome|not specified|Tuberous sclerosis syndrome,191092
TSC2,Tuberous sclerosis 2|Hereditary cancer-predisposing syndrome|not provided|Ovarian cancer,191092
TSC2,Tuberous sclerosis 2|Hereditary cancer-predisposing syndrome|Tuberous sclerosis 2;Lymphangiomyomatosis;Isolated focal cortical dysplasia type II|not provided,191092
TSC2,Hereditary cancer-predisposing syndrome|Tuberous sclerosis 2|not provided|Isolated focal cortical dysplasia type II;Tuberous sclerosis 2;Lymphangiomyomatosis,191092
TSC2,Tuberous sclerosis 2|Hereditary cancer-predisposing syndrome|not provided|Tuberous sclerosis 2;Lymphangiomyomatosis;Isolated focal cortical dysplasia type II,191092
TSC2,Tuberous sclerosis 2|Hereditary cancer-predisposing syndrome|Isolated focal cortical dysplasia type II;Tuberous sclerosis 2;Lymphangiomyomatosis|Tuberous sclerosis syndrome|TSC2-related disorder,191092
TSC2,Tuberous sclerosis 2|not provided|Isolated focal cortical dysplasia type II;Lymphangiomyomatosis;Tuberous sclerosis 2|TSC2-related disorder|Hereditary cancer-predisposing syndrome,191092
TSC2,Tuberous sclerosis 2|not specified|Hereditary cancer-predisposing syndrome|Tuberous sclerosis 2;Lymphangiomyomatosis;Isolated focal cortical dysplasia type II|Tuberous sclerosis syndrome,191092
TSC2,Tuberous sclerosis 2|Isolated focal cortical dysplasia type II;Tuberous sclerosis 2;Lymphangiomyomatosis|Tuberous sclerosis syndrome|Hereditary cancer-predisposing syndrome,191092
TSC2,Tuberous sclerosis 2|Hereditary cancer-predisposing syndrome|Isolated focal cortical dysplasia type II|Tuberous sclerosis syndrome|not provided,191092
TSC2,Tuberous sclerosis 2|Hereditary cancer-predisposing syndrome|Tuberous sclerosis syndrome|Isolated focal cortical dysplasia type II,191092
TSC2,Tuberous sclerosis 2|not provided|Hereditary cancer-predisposing syndrome|TSC2-related disorder|Tuberous sclerosis 2;Lymphangiomyomatosis;Isolated focal cortical dysplasia type II,191092
TSC2,Tuberous sclerosis 2|Hereditary cancer-predisposing syndrome|Tuberous sclerosis 2;Lymphangiomyomatosis;Isolated focal cortical dysplasia type II|Tuberous sclerosis syndrome,191092
TSC2,Tuberous sclerosis 2|Hereditary cancer-predisposing syndrome|not provided|not specified,191092
TSC2,Lymphangiomyomatosis|Tuberous sclerosis 2|Tuberous sclerosis syndrome|Gastric cancer,191092
TSC2,Tuberous sclerosis 2|Hereditary cancer-predisposing syndrome|Tuberous sclerosis syndrome|TSC2-related disorder|not specified,191092
TSC2,not provided|Tuberous sclerosis 2|Hereditary cancer-predisposing syndrome|Tuberous sclerosis syndrome|Isolated focal cortical dysplasia type II;Tuberous sclerosis 2;Lymphangiomyomatosis,191092
TSC2,not provided|Tuberous sclerosis 2|Tuberous sclerosis syndrome|Hereditary cancer-predisposing syndrome|Isolated focal cortical dysplasia type II;Tuberous sclerosis 2;Lymphangiomyomatosis,191092
TSC2,Tuberous sclerosis 2|Hereditary cancer-predisposing syndrome|not provided|Tuberous sclerosis syndrome|Tuberous sclerosis 2;Lymphangiomyomatosis;Isolated focal cortical dysplasia type II|TSC2-related disorder,191092
TSC2,Tuberous sclerosis 2|Hereditary cancer-predisposing syndrome|Isolated focal cortical dysplasia type II;Tuberous sclerosis 2;Lymphangiomyomatosis,191092
TSC2,Tuberous sclerosis 2|Hereditary cancer-predisposing syndrome|not specified|not provided|Tuberous sclerosis syndrome,191092
TBC1D24,"Caused by mutation in the TBC1 domain family, member 24;Developmental and epileptic encephalopathy, 1;Autosomal dominant nonsyndromic hearing loss 65|not provided|Inborn genetic diseases",613577
PRRT2,Episodic kinesigenic dyskinesia|not provided,614386
PLCB1,"not provided|Developmental and epileptic encephalopathy, 12|Inborn genetic diseases|not specified",607120
PLCB1,"Developmental and epileptic encephalopathy, 12|not provided|Inborn genetic diseases",607120
DEPDC5,Familial focal epilepsy with variable foci|DEPDC5-related disorder,614191
DEPDC5,"not provided|Familial focal epilepsy with variable foci|Epilepsy, familial focal, with variable foci 1|Inborn genetic diseases|DEPDC5-related disorder",614191
DEPDC5,Familial focal epilepsy with variable foci|not provided|Inborn genetic diseases,614191
DEPDC5,Familial focal epilepsy with variable foci|not provided|Inborn genetic diseases|not specified,614191
DEPDC5,"Familial focal epilepsy with variable foci|not provided|Inborn genetic diseases|Epilepsy, familial focal, with variable foci 1|not specified|DEPDC5-related disorder",614191
DEPDC5,"Familial focal epilepsy with variable foci|Inborn genetic diseases|Epilepsy, familial focal, with variable foci 1",614191
DEPDC5,"Familial focal epilepsy with variable foci|not specified|Epilepsy, familial focal, with variable foci 1|not provided|Inborn genetic diseases",614191
DEPDC5,Familial focal epilepsy with variable foci|not provided|Inborn genetic diseases|DEPDC5-related disorder,614191
CDKL5,"Angelman syndrome-like;Developmental and epileptic encephalopathy, 2",300203
MECP2,Rett syndrome;Angelman syndrome;X-linked intellectual disability-psychosis-macroorchidism syndrome,300005
MECP2,Severe neonatal-onset encephalopathy with microcephaly|MECP2-related disorder,300005
CDKL5,"Angelman syndrome-like;Developmental and epileptic encephalopathy, 2|not provided",300203
ARX,"Developmental and epileptic encephalopathy, 1;Intellectual disability, X-linked, with or without seizures, ARX-related|not provided|Inborn genetic diseases|not specified|ARX-related disorder",300382
KCNQ2,"Developmental and epileptic encephalopathy|Developmental and epileptic encephalopathy, 7|Complex neurodevelopmental disorder",602235
PLCB1,"Developmental and epileptic encephalopathy, 12|Inborn genetic diseases|not provided|PLCB1-related disorder",607120
PLCB1,"not provided|Developmental and epileptic encephalopathy, 12|Inborn genetic diseases|PLCB1-related disorder|not specified",607120
DEPDC5,Familial focal epilepsy with variable foci|See cases,614191
DEPDC5,Familial focal epilepsy with variable foci|Self-limited epilepsy with centrotemporal spikes|not provided|not specified|Focal epilepsy|Inborn genetic diseases,614191
DEPDC5,Familial focal epilepsy with variable foci|not specified,614191
DEPDC5,"Epilepsy, familial focal, with variable foci 1|Intellectual disability|Familial focal epilepsy with variable foci",614191
DEPDC5,Inborn genetic diseases|not provided|Familial focal epilepsy with variable foci,614191
DEPDC5,Familial focal epilepsy with variable foci|Inborn genetic diseases,614191
DEPDC5,"Familial focal epilepsy with variable foci|Epilepsy, familial focal, with variable foci 1",614191
DEPDC5,Familial focal epilepsy with variable foci|not provided|Inborn genetic diseases|DEPDC5-related disorder|not specified,614191
MECP2,Severe neonatal-onset encephalopathy with microcephaly|not specified|not provided|Inborn genetic diseases|MECP2-related disorder,300005
MECP2,Severe neonatal-onset encephalopathy with microcephaly|not specified|MECP2-related disorder,300005
ARX,"Developmental and epileptic encephalopathy, 1;Intellectual disability, X-linked, with or without seizures, ARX-related|not provided|Inborn genetic diseases",300382
ARX,"Intellectual disability, X-linked, with or without seizures, ARX-related;Developmental and epileptic encephalopathy, 1|not specified",300382
ARX,"Intellectual disability, X-linked, with or without seizures, ARX-related;Developmental and epileptic encephalopathy, 1|not provided",300382
ARX,"Developmental and epileptic encephalopathy, 1;Intellectual disability, X-linked, with or without seizures, ARX-related|ARX-related disorder|Inborn genetic diseases|Intellectual disability, X-linked, with or without seizures, ARX-related",300382
ARX,"Developmental and epileptic encephalopathy, 1;Intellectual disability, X-linked, with or without seizures, ARX-related",300382
TSC1,Isolated focal cortical dysplasia type II|Tuberous sclerosis syndrome|Hereditary cancer-predisposing syndrome|Tuberous sclerosis 1|not provided,605284
SLC2A1,"not provided|GLUT1 deficiency syndrome 1, autosomal recessive|Childhood onset GLUT1 deficiency syndrome 2|Encephalopathy due to GLUT1 deficiency",138140
SCN2A,"not provided|Developmental and epileptic encephalopathy, 11",182390
SCN2A,"not provided|Developmental and epileptic encephalopathy, 11|Seizures, benign familial infantile, 3;Developmental and epileptic encephalopathy, 11|Intellectual disability|Developmental and epileptic encephalopathy|Inborn genetic diseases|SCN2A-related disorder|Seizure",182390
SCN2A,"not provided|Developmental and epileptic encephalopathy, 11|Seizures, benign familial infantile, 3;Developmental and epileptic encephalopathy, 11",182390
SCN2A,"not provided|Complex neurodevelopmental disorder|SCN2A-related generalized epilepsy with febrile seizures plus;Seizures, benign familial infantile, 3",182390
SCN1A,"not provided|Developmental and epileptic encephalopathy|Severe myoclonic epilepsy in infancy;Developmental and epileptic encephalopathy 6B;Migraine, familial hemiplegic, 3;Generalized epilepsy with febrile seizures plus, type 2",182389
SCN1A,"not provided|Severe myoclonic epilepsy in infancy;Generalized epilepsy with febrile seizures plus, type 2|Autosomal dominant epilepsy",182389
SCN1A,"not provided|Developmental and epileptic encephalopathy|Generalized epilepsy with febrile seizures plus, type 2|Severe myoclonic epilepsy in infancy|Severe myoclonic epilepsy in infancy;Developmental and epileptic encephalopathy 6B;Migraine, familial hemiplegic, 3;Generalized epilepsy with febrile seizures plus, type 2",182389
SCN9A,"not provided|Generalized epilepsy with febrile seizures plus, type 7;Neuropathy, hereditary sensory and autonomic, type 2A|Primary erythromelalgia;Channelopathy-associated congenital insensitivity to pain, autosomal recessive;Generalized epilepsy with febrile seizures plus;Neuropathy, hereditary sensory and autonomic, type 2A;Paroxysmal extreme pain disorder|Inborn genetic diseases",603415
SLC6A1,not provided|Marfanoid habitus and intellectual disability|Epilepsy with myoclonic atonic seizures,137165
SLC6A1,not provided|Neurodevelopmental delay|Epilepsy with myoclonic atonic seizures|Seizure,137165
ALDH7A1,not provided|not specified|Pyridoxine-dependent epilepsy,107323
GABRA1,"not provided|Developmental and epileptic encephalopathy, 19|Epilepsy, idiopathic generalized, susceptibility to, 13;Epilepsy, childhood absence 4;Idiopathic generalized epilepsy",137160
GABRA1,"not provided|Epilepsy, idiopathic generalized, susceptibility to, 13;Epilepsy, childhood absence 4;Idiopathic generalized epilepsy|Developmental and epileptic encephalopathy, 19|Marfanoid habitus and intellectual disability",137160
GABRG2,not provided|Autosomal dominant nocturnal frontal lobe epilepsy,137164
KCNQ3,"not provided|Seizures, benign familial neonatal, 2",602232
KCNQ3,"not provided|Inborn genetic diseases|Seizures, benign familial neonatal, 2|Benign neonatal seizures|See cases|Seizure",602232
STXBP1,"not provided|Developmental and epileptic encephalopathy, 4|Infantile epilepsy syndrome",602926
TSC1,not specified|Tuberous sclerosis 1|TSC1-related disorder,605284
TSC1,Tuberous sclerosis syndrome|Tuberous sclerosis 1|Hereditary cancer-predisposing syndrome|not provided|Isolated focal cortical dysplasia type II,605284
TSC1,not provided|Tuberous sclerosis 1|Lymphangiomyomatosis;Isolated focal cortical dysplasia type II;Tuberous sclerosis 1,605284
TSC1,not provided|Tuberous sclerosis 1|Isolated focal cortical dysplasia type II|Hereditary cancer-predisposing syndrome|Tuberous sclerosis syndrome,605284
SCN8A,not provided|SCN8A-related disorder,600702
SCN8A,"not provided|Developmental and epileptic encephalopathy, 13|Developmental and epileptic encephalopathy|Seizures, benign familial infantile, 5",600702
FOXG1,"not provided|Rett syndrome, congenital variant|Inborn genetic diseases|FOXG1 disorder",164874
CHD2,not provided|Inborn genetic diseases,602119
CHD2,Developmental and epileptic encephalopathy 94|not provided|Complex neurodevelopmental disorder,602119
CHD2,not provided|Developmental and epileptic encephalopathy 94|Inborn genetic diseases|Intellectual disability,602119
CHD2,not provided|Developmental and epileptic encephalopathy 94|Intellectual disability,602119
NPRL3,not provided,600928
TSC2,not provided|Isolated focal cortical dysplasia type II;Lymphangiomyomatosis;Tuberous sclerosis 2|Hereditary cancer-predisposing syndrome|Tuberous sclerosis 2|Tuberous sclerosis syndrome,191092
TBC1D24,"not provided|Rolandic epilepsy-paroxysmal exercise-induced dystonia-writer's cramp syndrome|Developmental and epileptic encephalopathy, 1;Autosomal dominant nonsyndromic hearing loss 65;Caused by mutation in the TBC1 domain family, member 24|Inborn genetic diseases|Auditory neuropathy spectrum disorder|6 conditions",613577
TBC1D24,"not provided|Developmental and epileptic encephalopathy, 1;Caused by mutation in the TBC1 domain family, member 24;Autosomal dominant nonsyndromic hearing loss 65",613577
TBC1D24,"not provided|Autosomal dominant nonsyndromic hearing loss 65;Developmental and epileptic encephalopathy, 1;Caused by mutation in the TBC1 domain family, member 24|6 conditions",613577
TBC1D24,"not provided|Autosomal dominant nonsyndromic hearing loss 65;Caused by mutation in the TBC1 domain family, member 24;Developmental and epileptic encephalopathy, 1|Rolandic epilepsy-paroxysmal exercise-induced dystonia-writer's cramp syndrome|TBC1D24-related disorder|Epilepsy",613577
PRRT2,not provided|Episodic kinesigenic dyskinesia|Inborn genetic diseases,614386
KCNQ2,not provided|Epileptic encephalopathy|KCNQ2-related disorder|Developmental and epileptic encephalopathy,602235
KCNQ2,"not provided|Developmental and epileptic encephalopathy|Seizures, benign familial neonatal, 1|Inborn genetic diseases",602235
KCNQ2,not provided|KCNQ2-related disorder,602235
DEPDC5,"not provided|Epilepsy, familial focal, with variable foci 1|Familial focal epilepsy with variable foci|Inborn genetic diseases|DEPDC5-related disorder",614191
DEPDC5,not provided|Inborn genetic diseases,614191
DEPDC5,not provided|Familial focal epilepsy with variable foci|DEPDC5-related disorder,614191
DEPDC5,"not provided|Epilepsy, familial focal, with variable foci 1|DEPDC5-related disorder",614191
MECP2,Severe neonatal-onset encephalopathy with microcephaly|Rett syndrome|not provided,300005
CDKL5,"Developmental and epileptic encephalopathy, 2;Angelman syndrome-like|not provided",300203
CDKL5,"Developmental and epileptic encephalopathy, 2;Angelman syndrome-like|not provided|CDKL5 disorder|Inborn genetic diseases|CDKL5-related disorder",300203
CDKL5,not provided|Inborn genetic diseases|CDKL5 disorder,300203
CDKL5,"not provided|Angelman syndrome-like;Developmental and epileptic encephalopathy, 2|CDKL5 disorder|Inborn genetic diseases",300203
ARX,not provided|Corpus callosum agenesis-abnormal genitalia syndrome,300382
ARX,"Developmental and epileptic encephalopathy, 1;Intellectual disability, X-linked, with or without seizures, ARX-related|not provided|Inborn genetic diseases|ARX-related disorder",300382
SLC2A1,"not provided|not specified|GLUT1 deficiency syndrome 1, autosomal recessive|Encephalopathy due to GLUT1 deficiency|Childhood onset GLUT1 deficiency syndrome 2|Dystonia 9|Epilepsy, idiopathic generalized, susceptibility to, 12|Hereditary cryohydrocytosis with reduced stomatin",138140
CHD2,not provided|History of neurodevelopmental disorder|Developmental and epileptic encephalopathy 94,602119
CHD2,not provided|Developmental and epileptic encephalopathy 94|Self-limited epilepsy with centrotemporal spikes|Inborn genetic diseases|CHD2-related disorder|Complex neurodevelopmental disorder,602119
TBC1D24,"not provided|Caused by mutation in the TBC1 domain family, member 24;Developmental and epileptic encephalopathy, 1;Autosomal dominant nonsyndromic hearing loss 65|Inborn genetic diseases",613577
TBC1D24,"not provided|Caused by mutation in the TBC1 domain family, member 24;Developmental and epileptic encephalopathy, 1;Autosomal dominant nonsyndromic hearing loss 65|Rolandic epilepsy-paroxysmal exercise-induced dystonia-writer's cramp syndrome",613577
TBC1D24,"not provided|Caused by mutation in the TBC1 domain family, member 24;Developmental and epileptic encephalopathy, 1;Autosomal dominant nonsyndromic hearing loss 65|Developmental and epileptic encephalopathy, 16",613577
TBC1D24,"Autosomal dominant nonsyndromic hearing loss 65|Developmental and epileptic encephalopathy, 1;Caused by mutation in the TBC1 domain family, member 24;Autosomal dominant nonsyndromic hearing loss 65",613577
SCN2A,not provided|Inborn genetic diseases,182390
SCN2A,"not provided|Developmental and epileptic encephalopathy, 11|Inborn genetic diseases",182390
SCN1A,not provided|Severe myoclonic epilepsy in infancy;Developmental and epileptic encephalopathy 6B|Developmental and epileptic encephalopathy,182389
SCN1A,not provided|Intellectual disability,182389
SCN1A,not provided|Developmental and epileptic encephalopathy|Seizure,182389
SCN9A,"Generalized epilepsy with febrile seizures plus, type 7;Neuropathy, hereditary sensory and autonomic, type 2A|not provided|Inborn genetic diseases",603415
ALDH7A1,"not provided|Pyridoxine-dependent epilepsy|Developmental and epileptic encephalopathy, 13|ALDH7A1-related disorder|Seizure",107323
MECP2,not specified|Inborn genetic diseases|Severe neonatal-onset encephalopathy with microcephaly|Rett syndrome,300005
TSC2,Hereditary cancer-predisposing syndrome|Tuberous sclerosis 2|not provided|Lymphangiomyomatosis;Tuberous sclerosis 2;Isolated focal cortical dysplasia type II,191092
TSC2,Hereditary cancer-predisposing syndrome|Melanoma,191092
SLC2A1,"GLUT1 deficiency syndrome 1, autosomal recessive|Encephalopathy due to GLUT1 deficiency|Dystonia 9|Hereditary cryohydrocytosis with reduced stomatin|Childhood onset GLUT1 deficiency syndrome 2|not provided|Epilepsy, idiopathic generalized, susceptibility to, 12",138140
SCN1A,"not provided|Migraine, familial hemiplegic, 3|Generalized epilepsy with febrile seizures plus, type 2|Developmental and epileptic encephalopathy",182389
SCN9A,"Neuropathy, hereditary sensory and autonomic, type 2A;Generalized epilepsy with febrile seizures plus, type 7|not provided",603415
SCN9A,"Inborn genetic diseases|not specified|not provided|Neuropathy, hereditary sensory and autonomic, type 2A;Generalized epilepsy with febrile seizures plus, type 7",603415
SLC6A1,not provided|Neurodevelopmental delay|Epilepsy with myoclonic atonic seizures,137165
GABRA1,"not provided|Developmental and epileptic encephalopathy, 19",137160
SCN8A,"not provided|Developmental and epileptic encephalopathy|Seizures, benign familial infantile, 5",600702
CHD2,Inborn genetic diseases|not provided|Developmental and epileptic encephalopathy 94|Intellectual disability,602119
TSC2,not provided|Lymphangiomyomatosis;Isolated focal cortical dysplasia type II;Tuberous sclerosis 2,191092
TBC1D24,"not provided|Developmental and epileptic encephalopathy, 1;Autosomal dominant nonsyndromic hearing loss 65;Caused by mutation in the TBC1 domain family, member 24|Autosomal dominant nonsyndromic hearing loss 65|Inborn genetic diseases",613577
KCNQ2,"not provided|Developmental and epileptic encephalopathy|Seizures, benign familial neonatal, 1;Developmental and epileptic encephalopathy, 7|Inborn genetic diseases",602235
KCNQ2,"not provided|Developmental and epileptic encephalopathy, 7|KCNQ2-related disorder|Complex neurodevelopmental disorder|Developmental and epileptic encephalopathy",602235
MECP2,"not provided|Severe neonatal-onset encephalopathy with microcephaly|Autism, susceptibility to, X-linked 3|Rett syndrome|Severe neonatal-onset encephalopathy with microcephaly;X-linked intellectual disability-psychosis-macroorchidism syndrome;Autism, susceptibility to, X-linked 3;Syndromic X-linked intellectual disability Lubs type;Rett syndrome",300005
MECP2,Intellectual disability|Severe neonatal-onset encephalopathy with microcephaly|Rett syndrome|not provided,300005
CDKL5,"CDKL5 disorder|not provided|Developmental and epileptic encephalopathy, 2;Angelman syndrome-like",300203
KCNQ2,"Developmental and epileptic encephalopathy, 7;Seizures, benign familial neonatal, 1|Developmental and epileptic encephalopathy, 7|Seizure|KCNQ2-related disorder",602235
SCN2A,Autism Spectrum Disorder with Intellectual Disability,182390
STXBP1,Non-syndromic intellectual disability,602926
SCN3A,"atypical cerebral palsy|not provided|Developmental and epileptic encephalopathy, 62",182391
SCN3A,"not provided|Epilepsy, familial focal, with variable foci 4",182391
SCN3A,"not provided|Developmental and epileptic encephalopathy|Congenital bilateral perisylvian syndrome|Developmental and epileptic encephalopathy, 62",182391
SCN2A,"not provided|Developmental and epileptic encephalopathy, 11|Seizures, benign familial infantile, 3;Developmental and epileptic encephalopathy, 11|Infantile spasms|Complex neurodevelopmental disorder|Episodic ataxia, type 9",182390
SCN2A,not specified|not provided,182390
SCN1A,not specified|not provided|Developmental and epileptic encephalopathy|SCN1A-related disorder|Mitochondrial disease,182389
SCN9A,"not specified|not provided|Generalized epilepsy with febrile seizures plus, type 7;Neuropathy, hereditary sensory and autonomic, type 2A|Generalized epilepsy with febrile seizures plus, type 7|Inborn genetic diseases",603415
SLC6A1,not provided|Neurodevelopmental disorder|Inborn genetic diseases|Epilepsy with myoclonic atonic seizures,137165
GABRG2,not provided|GABRG2-related disorder,137164
CHD2,not provided|Developmental and epileptic encephalopathy 94|Complex neurodevelopmental disorder,602119
TBC1D24,"not provided|Developmental and epileptic encephalopathy, 1;Caused by mutation in the TBC1 domain family, member 24;Autosomal dominant nonsyndromic hearing loss 65|Familial cancer of breast",613577
TBC1D24,"Familial infantile myoclonic epilepsy|not provided|Developmental and epileptic encephalopathy, 1;Autosomal dominant nonsyndromic hearing loss 65;Caused by mutation in the TBC1 domain family, member 24",613577
KCNQ2,"Seizures, benign familial neonatal, 1;Developmental and epileptic encephalopathy, 7|Developmental and epileptic encephalopathy|not provided",602235
MECP2,not provided|Severe neonatal-onset encephalopathy with microcephaly|MECP2-related disorder|Rett syndrome,300005
SLC2A1,Self-limited epilepsy with centrotemporal spikes,138140
SCN2A,Self-limited epilepsy with centrotemporal spikes,182390
SCN9A,"Generalized epilepsy with febrile seizures plus, type 7;Neuropathy, hereditary sensory and autonomic, type 2A|Self-limited epilepsy with centrotemporal spikes|Inborn genetic diseases",603415
SCN9A,"Neuropathy, hereditary sensory and autonomic, type 2A;Generalized epilepsy with febrile seizures plus, type 7|Self-limited epilepsy with centrotemporal spikes|Neuropathy, hereditary sensory and autonomic, type 2A;Paroxysmal extreme pain disorder;Primary erythromelalgia;Channelopathy-associated congenital insensitivity to pain, autosomal recessive;Generalized epilepsy with febrile seizures plus|Inborn genetic diseases|Neuropathy, hereditary sensory and autonomic, type 2A;Paroxysmal extreme pain disorder;Primary erythromelalgia;Channelopathy-associated congenital insensitivity to pain, autosomal recessive|not provided|SCN9A-related neuropathic pain syndromes",603415
SLC6A1,Self-limited epilepsy with centrotemporal spikes|not specified|Epilepsy with myoclonic atonic seizures,137165
GABRG2,"Self-limited epilepsy with centrotemporal spikes|EPILEPSY, CHILDHOOD ABSENCE, SUSCEPTIBILITY TO, 2;Febrile seizures, familial, 8|not provided|Nonpapillary renal cell carcinoma",137164
KCNQ3,"Self-limited epilepsy with centrotemporal spikes|Seizures, benign familial neonatal, 2",602232
KCNQ3,Self-limited epilepsy with centrotemporal spikes|Inborn genetic diseases|Benign neonatal seizures,602232
CHD2,Self-limited epilepsy with centrotemporal spikes,602119
PLCB1,Self-limited epilepsy with centrotemporal spikes,607120
DEPDC5,Self-limited epilepsy with centrotemporal spikes,614191
DEPDC5,"Familial focal epilepsy with variable foci|Self-limited epilepsy with centrotemporal spikes|not provided|not specified|Inborn genetic diseases|Epilepsy, familial focal, with variable foci 1",614191
SLC2A1,"Childhood onset GLUT1 deficiency syndrome 2|Epilepsy, idiopathic generalized, susceptibility to, 12|not specified|GLUT1 deficiency syndrome 1, autosomal recessive|not provided|Inborn genetic diseases|Encephalopathy due to GLUT1 deficiency|Dystonia 9|Hereditary cryohydrocytosis with reduced stomatin",138140
SLC2A1,GLUT1 deficiency syndrome,138140
SCN2A,"Developmental and epileptic encephalopathy, 11|Seizures, benign familial infantile, 3|Seizures, benign familial infantile, 3;Developmental and epileptic encephalopathy, 11|not provided",182390
SCN2A,"not specified|Seizures, benign familial infantile, 3|not provided|Developmental and epileptic encephalopathy, 11;Seizures, benign familial infantile, 3",182390
SCN1A,not provided|not specified|Inborn genetic diseases|Developmental and epileptic encephalopathy,182389
STXBP1,not specified|Inborn genetic diseases|See cases,602926
STXBP1,not provided|not specified|Developmental and epileptic encephalopathy,602926
SCN8A,"not specified|Developmental and epileptic encephalopathy, 13;Cognitive impairment with or without cerebellar ataxia;Seizures, benign familial infantile, 5|Developmental and epileptic encephalopathy|not provided",600702
TBC1D24,"Familial infantile myoclonic epilepsy|Developmental and epileptic encephalopathy, 1;Caused by mutation in the TBC1 domain family, member 24;Autosomal dominant nonsyndromic hearing loss 65",613577
TBC1D24,"Familial infantile myoclonic epilepsy|Developmental and epileptic encephalopathy, 16|Developmental and epileptic encephalopathy, 1;Autosomal dominant nonsyndromic hearing loss 65;Caused by mutation in the TBC1 domain family, member 24",613577
PLCB1,"not specified|Developmental and epileptic encephalopathy, 12",607120
PLCB1,"not specified|Inborn genetic diseases|not provided|Developmental and epileptic encephalopathy, 12|PLCB1-related disorder",607120
PCDH19,"Developmental and epileptic encephalopathy, 9|not specified|Inborn genetic diseases",300460
CDKL5,"not specified|CDKL5 disorder|Developmental and epileptic encephalopathy, 2;Angelman syndrome-like",300203
CDKL5,"Developmental and epileptic encephalopathy, 2|Thyroid cancer, nonmedullary, 1",300203
CDKL5,"Angelman syndrome-like;Developmental and epileptic encephalopathy, 2|CDKL5 disorder|not specified|not provided",300203
CDKL5,"not specified|Developmental and epileptic encephalopathy, 2;Angelman syndrome-like|Inborn genetic diseases|CDKL5 disorder",300203
ARX,"not specified|Intellectual disability, X-linked, with or without seizures, ARX-related;Developmental and epileptic encephalopathy, 1|not provided|Inborn genetic diseases",300382
TSC2,Bone osteosarcoma|Tuberous sclerosis 2,191092
SCN9A,"Neuropathy, hereditary sensory and autonomic, type 2A;Generalized epilepsy with febrile seizures plus, type 7|Channelopathy-associated congenital insensitivity to pain, autosomal recessive|not provided|not specified|Primary erythromelalgia|Paroxysmal extreme pain disorder",603415
SCN9A,"not specified|Channelopathy-associated congenital insensitivity to pain, autosomal recessive|Neuropathy, hereditary sensory and autonomic, type 2A;Generalized epilepsy with febrile seizures plus, type 7",603415
PRRT2,"Seizures, benign familial infantile, 2;Episodic kinesigenic dyskinesia 1|Episodic kinesigenic dyskinesia 1|Episodic kinesigenic dyskinesia",614386
SCN3A,SCN3A-related disorder|not provided|Developmental and epileptic encephalopathy|Inborn genetic diseases|Seizure,182391
SLC2A1,"Encephalopathy due to GLUT1 deficiency|Encephalopathy due to GLUT1 deficiency;Childhood onset GLUT1 deficiency syndrome 2;Epilepsy, idiopathic generalized, susceptibility to, 12;Dystonia 9|GLUT1 deficiency syndrome 1, autosomal recessive|Hereditary cryohydrocytosis with reduced stomatin|Childhood onset GLUT1 deficiency syndrome 2|not provided|Dystonia 9|Epilepsy, idiopathic generalized, susceptibility to, 12",138140
CDKL5,"Angelman syndrome-like;Developmental and epileptic encephalopathy, 2|Developmental and epileptic encephalopathy, 2",300203
GABRA1,See cases,137160
SCN2A,See cases,182390
SLC2A1,"Dystonia 9|not provided|GLUT1 deficiency syndrome 1, autosomal recessive|Childhood onset GLUT1 deficiency syndrome 2|Epilepsy, idiopathic generalized, susceptibility to, 12|Hereditary cryohydrocytosis with reduced stomatin|Encephalopathy due to GLUT1 deficiency",138140
KCNQ2,not provided|Seizure|Developmental and epileptic encephalopathy,602235
DEPDC5,Familial focal epilepsy with variable foci|Inborn genetic diseases|not provided,614191
KCNQ3,Seizure|not provided|Benign neonatal seizures,602232
STXBP1,not provided|Uterine corpus endometrial carcinoma,602926
GABRA1,"not provided|Idiopathic generalized epilepsy;Epilepsy, idiopathic generalized, susceptibility to, 13;Epilepsy, childhood absence 4",137160
SCN8A,"not provided|Developmental and epileptic encephalopathy|Developmental and epileptic encephalopathy, 13;Cognitive impairment with or without cerebellar ataxia;Seizures, benign familial infantile, 5|Developmental and epileptic encephalopathy, 13;Myoclonus, familial, 2;Cognitive impairment with or without cerebellar ataxia;Seizures, benign familial infantile, 5",600702
TSC2,not provided|Tuberous sclerosis syndrome|not specified|Tuberous sclerosis 2,191092
KCNQ2,Developmental and epileptic encephalopathy|not provided|not specified,602235
SLC2A1,"not provided|GLUT1 deficiency syndrome 1, autosomal recessive|Hereditary cryohydrocytosis with reduced stomatin|Encephalopathy due to GLUT1 deficiency|Childhood onset GLUT1 deficiency syndrome 2|Dystonia 9|Inborn genetic diseases|Epilepsy, idiopathic generalized, susceptibility to, 12",138140
SCN1A,"not specified|Migraine, familial hemiplegic, 3;Severe myoclonic epilepsy in infancy;Generalized epilepsy with febrile seizures plus, type 2|Developmental and epileptic encephalopathy|not provided|Generalized epilepsy with febrile seizures plus, type 2",182389
SCN9A,"not specified|6 conditions|Neuropathy, hereditary sensory and autonomic, type 2A;Generalized epilepsy with febrile seizures plus, type 7|Inborn genetic diseases",603415
SCN9A,"not specified|Neuropathy, hereditary sensory and autonomic, type 2A;Generalized epilepsy with febrile seizures plus, type 7|SCN9A-related disorder",603415
SLC6A1,not provided|Inborn genetic diseases|Epilepsy with myoclonic atonic seizures,137165
GABRG2,"not specified|Febrile seizures, familial, 8;EPILEPSY, CHILDHOOD ABSENCE, SUSCEPTIBILITY TO, 2",137164
TSC1,not provided|Tuberous sclerosis 1|Malignant tumor of urinary bladder,605284
TSC1,not specified|Tuberous sclerosis 1|Hereditary cancer-predisposing syndrome|TSC1-related disorder|Tuberous sclerosis 1;Lymphangiomyomatosis;Isolated focal cortical dysplasia type II,605284
TSC2,not provided|Tuberous sclerosis 2|TSC2-related disorder,191092
TSC2,not provided|Tuberous sclerosis 2|Isolated focal cortical dysplasia type II,191092
TBC1D24,"not specified|Caused by mutation in the TBC1 domain family, member 24;Developmental and epileptic encephalopathy, 1;Autosomal dominant nonsyndromic hearing loss 65|not provided|Inborn genetic diseases|TBC1D24-related disorder",613577
DEPDC5,Familial focal epilepsy with variable foci|not specified|Inborn genetic diseases|Intellectual disability|not provided,614191
DEPDC5,not provided|Familial focal epilepsy with variable foci|Developmental and epileptic encephalopathy 111|not specified,614191
ARX,not specified|not provided,300382
SLC2A1,"Encephalopathy due to GLUT1 deficiency|GLUT1 deficiency syndrome 1, autosomal recessive|not provided|Encephalopathy due to GLUT1 deficiency;Childhood onset GLUT1 deficiency syndrome 2|Childhood onset GLUT1 deficiency syndrome 2|SLC2A1-related disorder",138140
SLC2A1,"not provided|GLUT1 deficiency syndrome 1, autosomal recessive|Hereditary cryohydrocytosis with reduced stomatin|Encephalopathy due to GLUT1 deficiency|Childhood onset GLUT1 deficiency syndrome 2|Epilepsy, idiopathic generalized, susceptibility to, 12|Dystonia 9",138140
SLC2A1,"not provided|Hereditary cryohydrocytosis with reduced stomatin|Childhood onset GLUT1 deficiency syndrome 2|GLUT1 deficiency syndrome 1, autosomal recessive|Encephalopathy due to GLUT1 deficiency|Dystonia 9|Epilepsy, idiopathic generalized, susceptibility to, 12",138140
SLC2A1,"not provided|Inborn genetic diseases|GLUT1 deficiency syndrome 1, autosomal recessive|Encephalopathy due to GLUT1 deficiency",138140
SCN2A,"History of neurodevelopmental disorder|Seizures, benign familial infantile, 3|Developmental and epileptic encephalopathy|Developmental and epileptic encephalopathy, 11|Seizures, benign familial infantile, 3;Developmental and epileptic encephalopathy, 11|not provided",182390
SCN2A,not provided|Intellectual disability|Epilepsy,182390
SCN2A,"not provided|Seizures, benign familial infantile, 3;Developmental and epileptic encephalopathy, 11|Seizures, benign familial infantile, 3",182390
SCN2A,"not provided|Seizures, benign familial infantile, 3;Developmental and epileptic encephalopathy, 11|Inborn genetic diseases|SCN2A-related disorder",182390
SCN2A,"not provided|Complex neurodevelopmental disorder|Seizures, benign familial infantile, 3;Developmental and epileptic encephalopathy, 11",182390
SCN1A,Developmental and epileptic encephalopathy|Severe myoclonic epilepsy in infancy|not provided,182389
SCN9A,"not provided|Neuropathy, hereditary sensory and autonomic, type 2A;Generalized epilepsy with febrile seizures plus, type 7|Inborn genetic diseases|Primary erythromelalgia;Generalized epilepsy with febrile seizures plus;Neuropathy, hereditary sensory and autonomic, type 2A;Paroxysmal extreme pain disorder",603415
SCN9A,"not provided|Neuropathy, hereditary sensory and autonomic, type 2A;Generalized epilepsy with febrile seizures plus, type 7|Inborn genetic diseases|not specified",603415
ALDH7A1,not provided|Pyridoxine-dependent epilepsy|Melanoma,107323
GABRA1,"not provided|Idiopathic generalized epilepsy;Epilepsy, childhood absence 4;Epilepsy, idiopathic generalized, susceptibility to, 13",137160
GABRG2,"not provided|EPILEPSY, CHILDHOOD ABSENCE, SUSCEPTIBILITY TO, 2;Febrile seizures, familial, 8|Febrile seizures, familial, 8",137164
KCNQ3,Inborn genetic diseases|Benign neonatal seizures|not provided,602232
TSC1,not provided|Tuberous sclerosis 1|Tuberous sclerosis 1;Lymphangiomyomatosis;Isolated focal cortical dysplasia type II,605284
SCN8A,Developmental and epileptic encephalopathy|not provided|Complex neurodevelopmental disorder,600702
SCN8A,not provided|Inborn genetic diseases|Developmental and epileptic encephalopathy|not specified,600702
CHD2,not provided|Intellectual disability,602119
TSC2,not provided|Tuberous sclerosis 2|Lymphangiomyomatosis;Tuberous sclerosis 2;Isolated focal cortical dysplasia type II|Cervical cancer,191092
TBC1D24,"not specified|Caused by mutation in the TBC1 domain family, member 24;Autosomal dominant nonsyndromic hearing loss 65;Developmental and epileptic encephalopathy, 1|not provided",613577
KCNQ2,"not provided|Seizures, benign familial neonatal, 1;Developmental and epileptic encephalopathy, 7|Intellectual disability|Developmental and epileptic encephalopathy, 7|Developmental and epileptic encephalopathy|Complex neurodevelopmental disorder|Inborn genetic diseases",602235
PCDH19,"not provided|Developmental and epileptic encephalopathy, 9;Glycine encephalopathy",300460
PCDH19,"not provided|developmental delay with seizures|Developmental and epileptic encephalopathy, 9|Seizure",300460
MECP2,not provided|Inborn genetic diseases|Rett syndrome,300005
ARX,"not provided|Developmental and epileptic encephalopathy, 1;Intellectual disability, X-linked, with or without seizures, ARX-related|ARX-related disorder",300382
FOXG1,"Rett syndrome, congenital variant|Axial hypotonia;Stereotypic movement disorder;Global developmental delay;Abnormal optic nerve morphology;Strabismus",164874
SLC2A1,"GLUT1 deficiency syndrome 1, autosomal recessive|Epilepsy, idiopathic generalized, susceptibility to, 12|Dystonia 9|Childhood onset GLUT1 deficiency syndrome 2;Epilepsy, idiopathic generalized, susceptibility to, 12;Dystonia 9;Encephalopathy due to GLUT1 deficiency;Hereditary cryohydrocytosis with reduced stomatin|Hereditary cryohydrocytosis with reduced stomatin|Encephalopathy due to GLUT1 deficiency|Childhood onset GLUT1 deficiency syndrome 2",138140
SLC2A1,"GLUT1 deficiency syndrome 1, autosomal recessive|not provided|Encephalopathy due to GLUT1 deficiency",138140
SLC2A1,"GLUT1 deficiency syndrome 1, autosomal recessive|Childhood onset GLUT1 deficiency syndrome 2",138140
SCN2A,"Seizures, benign familial infantile, 3;Developmental and epileptic encephalopathy, 11|Inborn genetic diseases",182390
SCN2A,"Seizures, benign familial infantile, 3;Developmental and epileptic encephalopathy, 11|not provided|Complex neurodevelopmental disorder",182390
SCN2A,"Seizures, benign familial infantile, 3;Developmental and epileptic encephalopathy, 11|not provided|SCN2A-related disorder",182390
SCN2A,"Seizures, benign familial infantile, 3;Developmental and epileptic encephalopathy, 11|Seizures, benign familial infantile, 3|Complex neurodevelopmental disorder",182390
SCN1A,Developmental and epileptic encephalopathy|Developmental and epileptic encephalopathy 6B,182389
SCN9A,"Neuropathy, hereditary sensory and autonomic, type 2A;Generalized epilepsy with febrile seizures plus, type 7|Primary erythromelalgia;Neuropathy, hereditary sensory and autonomic, type 2A;Paroxysmal extreme pain disorder;Channelopathy-associated congenital insensitivity to pain, autosomal recessive|Inborn genetic diseases|not provided",603415
SCN9A,"Neuropathy, hereditary sensory and autonomic, type 2A;Generalized epilepsy with febrile seizures plus, type 7|Inborn genetic diseases|not specified",603415
SCN9A,"Neuropathy, hereditary sensory and autonomic, type 2A;Generalized epilepsy with febrile seizures plus, type 7|Generalized epilepsy with febrile seizures plus, type 7",603415
SCN2A,"Seizures, benign familial infantile, 3;Developmental and epileptic encephalopathy, 11|not provided|Episodic ataxia, type 9;Seizures, benign familial infantile, 3;Developmental and epileptic encephalopathy, 11",182390
SCN1A,Developmental and epileptic encephalopathy|not specified|Inborn genetic diseases,182389
SCN9A,"Generalized epilepsy with febrile seizures plus, type 7;Neuropathy, hereditary sensory and autonomic, type 2A|Inborn genetic diseases|not provided|Channelopathy-associated congenital insensitivity to pain, autosomal recessive|Generalized epilepsy with febrile seizures plus;Channelopathy-associated congenital insensitivity to pain, autosomal recessive;Primary erythromelalgia;Neuropathy, hereditary sensory and autonomic, type 2A;Paroxysmal extreme pain disorder",603415
SCN2A,"Developmental and epileptic encephalopathy, 11;Seizures, benign familial infantile, 3|not provided|Inborn genetic diseases|Episodic ataxia, type 9;Developmental and epileptic encephalopathy, 11;Seizures, benign familial infantile, 3|Genetic developmental and epileptic encephalopathy|not specified",182390
SCN9A,"Neuropathy, hereditary sensory and autonomic, type 2A;Generalized epilepsy with febrile seizures plus, type 7|Primary erythromelalgia|Channelopathy-associated congenital insensitivity to pain, autosomal recessive|Paroxysmal extreme pain disorder",603415
SCN2A,"not provided|Seizures, benign familial infantile, 3;Developmental and epileptic encephalopathy, 11|not specified",182390
SCN9A,"Neuropathy, hereditary sensory and autonomic, type 2A;Generalized epilepsy with febrile seizures plus, type 7|Primary erythromelalgia|Channelopathy-associated congenital insensitivity to pain, autosomal recessive|Paroxysmal extreme pain disorder|Inborn genetic diseases|not provided",603415
SCN9A,"Generalized epilepsy with febrile seizures plus, type 7;Neuropathy, hereditary sensory and autonomic, type 2A|not provided|6 conditions|Inborn genetic diseases",603415
SCN1A,"Severe myoclonic epilepsy in infancy;Migraine, familial hemiplegic, 3;Generalized epilepsy with febrile seizures plus, type 2|not provided|Developmental and epileptic encephalopathy|Inborn genetic diseases|Severe myoclonic epilepsy in infancy;Developmental and epileptic encephalopathy 6B;Migraine, familial hemiplegic, 3;Generalized epilepsy with febrile seizures plus, type 2|not specified",182389
SCN9A,"Generalized epilepsy with febrile seizures plus, type 7;Neuropathy, hereditary sensory and autonomic, type 2A|6 conditions",603415
SCN9A,"Neuropathy, hereditary sensory and autonomic, type 2A;Generalized epilepsy with febrile seizures plus, type 7|SCN9A-related disorder",603415
SCN9A,"Neuropathy, hereditary sensory and autonomic, type 2A;Generalized epilepsy with febrile seizures plus, type 7|Inborn genetic diseases|SCN9A-related disorder",603415
SCN9A,"Primary erythromelalgia|Paroxysmal extreme pain disorder|Inborn genetic diseases|not provided|See cases|Neuropathy, hereditary sensory and autonomic, type 2A;Channelopathy-associated congenital insensitivity to pain, autosomal recessive;Paroxysmal extreme pain disorder;Primary erythromelalgia",603415
SCN9A,"Neuropathy, hereditary sensory and autonomic, type 2A;Generalized epilepsy with febrile seizures plus, type 7|Channelopathy-associated congenital insensitivity to pain, autosomal recessive",603415
SCN9A,"not provided|Generalized epilepsy with febrile seizures plus, type 7;Neuropathy, hereditary sensory and autonomic, type 2A|Channelopathy-associated congenital insensitivity to pain, autosomal recessive|Primary erythromelalgia|Paroxysmal extreme pain disorder|not specified|Inborn genetic diseases|SCN9A-related disorder",603415
SCN9A,"Neuropathy, hereditary sensory and autonomic, type 2A;Generalized epilepsy with febrile seizures plus, type 7|not provided|Neuropathy, hereditary sensory and autonomic, type 2A;Channelopathy-associated congenital insensitivity to pain, autosomal recessive;Paroxysmal extreme pain disorder;Primary erythromelalgia|Inborn genetic diseases",603415
SLC6A1,not provided|SLC6A1-related neurodevelopmental disorder|Inborn genetic diseases|Epilepsy with myoclonic atonic seizures,137165
SLC6A1,not provided|SLC6A1-related disorder|Epilepsy with myoclonic atonic seizures,137165
SLC6A1,not provided|Inborn genetic diseases|SLC6A1-related disorder|Hepatocellular carcinoma|Epilepsy with myoclonic atonic seizures,137165
SLC6A1,not provided|Inborn genetic diseases|SLC6A1-related disorder|Epilepsy with myoclonic atonic seizures,137165
SLC6A1,Epilepsy with myoclonic atonic seizures|not provided,137165
SLC6A1,not provided|Inborn genetic diseases|Epilepsy with myoclonic atonic seizures|SLC6A1-related disorder,137165
SLC6A1,not specified|not provided|Inborn genetic diseases|SLC6A1-related disorder|Epilepsy with myoclonic atonic seizures,137165
SLC6A1,not provided|Epilepsy with myoclonic atonic seizures|Inborn genetic diseases|SLC6A1-related disorder,137165
GABRG2,"Febrile seizures, familial, 8;EPILEPSY, CHILDHOOD ABSENCE, SUSCEPTIBILITY TO, 2",137164
ALDH7A1,Pyridoxine-dependent epilepsy|not provided|Gastric cancer|Familial cancer of breast|Thymoma,107323
GABRA1,"Epilepsy, idiopathic generalized, susceptibility to, 13;Idiopathic generalized epilepsy;Epilepsy, childhood absence 4|not specified",137160
GABRA1,"Epilepsy, idiopathic generalized, susceptibility to, 13;Idiopathic generalized epilepsy;Epilepsy, childhood absence 4",137160
ALDH7A1,Pyridoxine-dependent epilepsy|not provided|See cases,107323
GABRA1,"Epilepsy, idiopathic generalized, susceptibility to, 13;Idiopathic generalized epilepsy;Epilepsy, childhood absence 4|Developmental and epileptic encephalopathy, 19",137160
KCNQ3,"Benign neonatal seizures|Seizures, benign familial neonatal, 2|KCNQ3-related disorder",602232
TSC1,Tuberous sclerosis 1|Hereditary cancer-predisposing syndrome|TSC1-related disorder|not provided,605284
TSC1,Tuberous sclerosis 1|Hereditary cancer-predisposing syndrome|not provided|Tuberous sclerosis syndrome|Tuberous sclerosis 1;Lymphangiomyomatosis;Isolated focal cortical dysplasia type II,605284
TSC1,not provided|Hereditary cancer-predisposing syndrome|Tuberous sclerosis 1;Lymphangiomyomatosis;Isolated focal cortical dysplasia type II|Tuberous sclerosis syndrome,605284
TSC1,Tuberous sclerosis 1|Tuberous sclerosis syndrome|Lymphangiomyomatosis;Tuberous sclerosis 1;Isolated focal cortical dysplasia type II|Hereditary cancer-predisposing syndrome,605284
TSC1,Tuberous sclerosis 1|Hereditary cancer-predisposing syndrome|Tuberous sclerosis 1;Lymphangiomyomatosis;Isolated focal cortical dysplasia type II,605284
TSC1,Tuberous sclerosis 1|not provided|Ovarian cancer|not specified|Hereditary cancer-predisposing syndrome,605284
TSC1,Tuberous sclerosis 1|not provided|Tuberous sclerosis syndrome|Hereditary cancer-predisposing syndrome,605284
TSC1,Tuberous sclerosis 1|Ovarian cancer,605284
TSC1,Tuberous sclerosis 1|Hereditary cancer-predisposing syndrome|Tuberous sclerosis syndrome|Isolated focal cortical dysplasia type II,605284
STXBP1,"Developmental and epileptic encephalopathy|Developmental and epileptic encephalopathy, 4",602926
TSC1,Tuberous sclerosis 1|Hereditary cancer-predisposing syndrome|not specified|Tuberous sclerosis syndrome,605284
TSC1,Tuberous sclerosis 1|Hereditary cancer-predisposing syndrome|not specified|Tuberous sclerosis 1;Lymphangiomyomatosis;Isolated focal cortical dysplasia type II,605284
TSC1,Tuberous sclerosis 1|Hereditary cancer-predisposing syndrome|Lymphangiomyomatosis;Tuberous sclerosis 1;Isolated focal cortical dysplasia type II|Tuberous sclerosis syndrome,605284
TSC1,Tuberous sclerosis 1|Tuberous sclerosis 1;Lymphangiomyomatosis;Isolated focal cortical dysplasia type II,605284
TSC1,Tuberous sclerosis 1|not specified|Hereditary cancer-predisposing syndrome|Tuberous sclerosis syndrome|Lymphangiomyomatosis;Isolated focal cortical dysplasia type II;Tuberous sclerosis 1|TSC1-related disorder|not provided,605284
TSC1,Tuberous sclerosis 1|Hereditary cancer-predisposing syndrome|Tuberous sclerosis syndrome|TSC1-related disorder,605284
TSC1,Tuberous sclerosis 1|not provided|Isolated focal cortical dysplasia type II|Hereditary cancer-predisposing syndrome|Tuberous sclerosis syndrome,605284
TSC1,Tuberous sclerosis 1|Lymphangiomyomatosis|not provided|Hereditary cancer-predisposing syndrome|Tuberous sclerosis syndrome,605284
TSC1,Tuberous sclerosis 1|not specified|TSC1-related disorder,605284
TSC1,Tuberous sclerosis 1|Hereditary cancer-predisposing syndrome|Tuberous sclerosis 1;Lymphangiomyomatosis;Isolated focal cortical dysplasia type II|Tuberous sclerosis syndrome,605284
TSC1,Tuberous sclerosis 1|not provided|not specified|Tuberous sclerosis syndrome|Hereditary cancer-predisposing syndrome,605284
TSC1,Tuberous sclerosis 1|not provided|Hereditary cancer-predisposing syndrome|Tuberous sclerosis syndrome|Lymphangiomyomatosis;Tuberous sclerosis 1;Isolated focal cortical dysplasia type II,605284
TSC1,Tuberous sclerosis 1|not provided|Hereditary cancer-predisposing syndrome|Isolated focal cortical dysplasia type II|Tuberous sclerosis syndrome|Tuberous sclerosis 1;Lymphangiomyomatosis;Isolated focal cortical dysplasia type II|not specified,605284
TSC1,Tuberous sclerosis 1|not provided|Hereditary cancer-predisposing syndrome|not specified,605284
TSC1,Tuberous sclerosis 1|Hereditary cancer-predisposing syndrome|Tuberous sclerosis syndrome|Cleft palate,605284
TSC1,Tuberous sclerosis 1|Hereditary cancer-predisposing syndrome|not specified|Isolated focal cortical dysplasia type II|Tuberous sclerosis 1;Lymphangiomyomatosis;Isolated focal cortical dysplasia type II|Tuberous sclerosis syndrome|TSC1-related disorder,605284
TSC1,Tuberous sclerosis 1|not provided|Malignant tumor of urinary bladder|TSC1-related disorder,605284
TSC1,Tuberous sclerosis 1|Hereditary cancer-predisposing syndrome|Tuberous sclerosis syndrome|not provided|Isolated focal cortical dysplasia type II;Lymphangiomyomatosis;Tuberous sclerosis 1,605284
SCN8A,Developmental and epileptic encephalopathy|not provided|SCN8A-related disorder|not specified,600702
SCN8A,"Developmental and epileptic encephalopathy|Inborn genetic diseases|not provided|Developmental and epileptic encephalopathy, 13|Cognitive impairment with or without cerebellar ataxia",600702
SCN8A,not provided|Developmental and epileptic encephalopathy|Uterine corpus endometrial carcinoma|Gastric cancer|Cervical cancer,600702
FOXG1,"Inborn genetic diseases|Rett syndrome, congenital variant|not provided",164874
FOXG1,"Rett syndrome, congenital variant|not provided|Inborn genetic diseases",164874
FOXG1,"Rett syndrome, congenital variant|Inborn genetic diseases|not provided",164874
CHD2,Developmental and epileptic encephalopathy 94|Inborn genetic diseases|CHD2-related disorder,602119
CHD2,Developmental and epileptic encephalopathy 94|CHD2-related disorder|Inborn genetic diseases,602119
NPRL3,"Epilepsy, familial focal, with variable foci 3|not provided|Uterine corpus endometrial carcinoma|Sarcoma|Nonpapillary renal cell carcinoma|Lung cancer|Ovarian serous cystadenocarcinoma|Thymoma|Thyroid cancer, nonmedullary, 1|Acute myeloid leukemia|Malignant tumor of esophagus|NPRL3-related disorder|Clear cell carcinoma of kidney|Gastric cancer|Adrenocortical carcinoma, hereditary|Cervical cancer",600928
TSC2,Tuberous sclerosis 2|not specified|not provided,191092
TSC2,Tuberous sclerosis 2|not provided|Lymphangiomyomatosis;Isolated focal cortical dysplasia type II;Tuberous sclerosis 2,191092
TSC2,Tuberous sclerosis 2|Hereditary cancer-predisposing syndrome|Tuberous sclerosis syndrome|Isolated focal cortical dysplasia type II|not provided,191092
TSC2,Tuberous sclerosis 2|Hereditary cancer-predisposing syndrome|not provided|Isolated focal cortical dysplasia type II|Tuberous sclerosis syndrome,191092
TSC2,Tuberous sclerosis 2|not specified|not provided|Tuberous sclerosis syndrome|Hereditary cancer-predisposing syndrome,191092
TSC2,Tuberous sclerosis 2|Hereditary cancer-predisposing syndrome|Lymphangiomyomatosis;Isolated focal cortical dysplasia type II;Tuberous sclerosis 2|Tuberous sclerosis syndrome,191092
TSC2,Tuberous sclerosis 2|Tuberous sclerosis 2;Isolated focal cortical dysplasia type II;Lymphangiomyomatosis|Hereditary cancer-predisposing syndrome|Tuberous sclerosis syndrome|not provided|TSC2-related disorder,191092
TSC2,Tuberous sclerosis 2|Lymphangiomyomatosis;Isolated focal cortical dysplasia type II;Tuberous sclerosis 2|not provided|Tuberous sclerosis syndrome|Hereditary cancer-predisposing syndrome,191092
TSC2,Tuberous sclerosis 2|Hereditary cancer-predisposing syndrome|Tuberous sclerosis syndrome|not provided|Isolated focal cortical dysplasia type II|Lymphangiomyomatosis;Isolated focal cortical dysplasia type II;Tuberous sclerosis 2,191092
TSC2,Tuberous sclerosis 2|Lymphangiomyomatosis;Isolated focal cortical dysplasia type II;Tuberous sclerosis 2|Hereditary cancer-predisposing syndrome|Tuberous sclerosis syndrome,191092
TBC1D24,"Developmental and epileptic encephalopathy, 1;Autosomal dominant nonsyndromic hearing loss 65;Caused by mutation in the TBC1 domain family, member 24",613577
TBC1D24,"Developmental and epileptic encephalopathy, 1;Caused by mutation in the TBC1 domain family, member 24;Autosomal dominant nonsyndromic hearing loss 65",613577
NPRL3,"Epilepsy, familial focal, with variable foci 3|NPRL3-related disorder|not provided|not specified",600928
NPRL3,"Epilepsy, familial focal, with variable foci 3|not specified",600928
TSC2,Tuberous sclerosis 2|Hereditary cancer-predisposing syndrome|TSC2-related disorder|Isolated focal cortical dysplasia type II,191092
TSC2,Tuberous sclerosis 2|Tuberous sclerosis syndrome|Hereditary cancer-predisposing syndrome|not provided|TSC2-related disorder,191092
TSC2,Tuberous sclerosis 2|Hereditary cancer-predisposing syndrome|Tuberous sclerosis syndrome|not specified,191092
TSC2,Tuberous sclerosis 2|Hereditary cancer-predisposing syndrome|Tuberous sclerosis syndrome|not provided|TSC2-related disorder,191092
TSC2,Tuberous sclerosis 2|not provided|Tuberous sclerosis syndrome|Hereditary cancer-predisposing syndrome|Isolated focal cortical dysplasia type II,191092
TSC2,Tuberous sclerosis 2|Lymphangiomyomatosis;Isolated focal cortical dysplasia type II;Tuberous sclerosis 2|Hereditary cancer-predisposing syndrome|Isolated focal cortical dysplasia type II,191092
TSC2,Tuberous sclerosis 2|Hereditary cancer-predisposing syndrome|Tuberous sclerosis syndrome|Lymphangiomyomatosis;Isolated focal cortical dysplasia type II;Tuberous sclerosis 2|not provided,191092
TSC2,Tuberous sclerosis 2|Hereditary cancer-predisposing syndrome|TSC2-related disorder|Lymphangiomyomatosis;Isolated focal cortical dysplasia type II;Tuberous sclerosis 2|Isolated focal cortical dysplasia type II,191092
TSC2,Tuberous sclerosis 2|Hereditary cancer-predisposing syndrome|Ovarian cancer|Tuberous sclerosis syndrome,191092
TSC2,Tuberous sclerosis 2|Hereditary cancer-predisposing syndrome|Lymphangiomyomatosis;Isolated focal cortical dysplasia type II;Tuberous sclerosis 2|not provided|TSC2-related disorder,191092
TSC2,Tuberous sclerosis 2|Lymphangiomyomatosis;Isolated focal cortical dysplasia type II;Tuberous sclerosis 2|Hereditary cancer-predisposing syndrome,191092
TSC2,Tuberous sclerosis 2|Tuberous sclerosis syndrome|Hereditary cancer-predisposing syndrome|Isolated focal cortical dysplasia type II|not provided|TSC2-related disorder,191092
TSC2,Hereditary cancer-predisposing syndrome|not specified|not provided|Tuberous sclerosis 2|TSC2-related disorder,191092
TSC2,Tuberous sclerosis 2|Tuberous sclerosis 2;Isolated focal cortical dysplasia type II;Lymphangiomyomatosis|not provided|Hereditary cancer-predisposing syndrome|TSC2-related disorder|Tuberous sclerosis syndrome,191092
TSC2,Tuberous sclerosis 2|Tuberous sclerosis syndrome|Hereditary cancer-predisposing syndrome|Lymphangiomyomatosis;Isolated focal cortical dysplasia type II;Tuberous sclerosis 2|not provided,191092
TSC2,Tuberous sclerosis 2|not provided|Clear cell carcinoma of kidney,191092
TSC2,Hereditary cancer-predisposing syndrome|Tuberous sclerosis 2|Isolated focal cortical dysplasia type II|not provided|Tuberous sclerosis syndrome,191092
TSC2,Tuberous sclerosis 2|Hereditary cancer-predisposing syndrome|Lymphangiomyomatosis;Isolated focal cortical dysplasia type II;Tuberous sclerosis 2|not provided,191092
TSC2,Tuberous sclerosis 2|Hereditary cancer-predisposing syndrome|not provided|Lymphangiomyomatosis;Isolated focal cortical dysplasia type II;Tuberous sclerosis 2|Tuberous sclerosis syndrome,191092
TSC2,Hereditary cancer-predisposing syndrome|Tuberous sclerosis 2|Tuberous sclerosis syndrome|not provided|TSC2-related disorder,191092
TSC2,Tuberous sclerosis 2|Hereditary cancer-predisposing syndrome|not provided|Lymphangiomyomatosis;Isolated focal cortical dysplasia type II;Tuberous sclerosis 2|Tuberous sclerosis syndrome|TSC2-related disorder,191092
TSC2,Tuberous sclerosis 2|Hereditary cancer-predisposing syndrome|Isolated focal cortical dysplasia type II|not provided|Tuberous sclerosis syndrome,191092
TSC2,Tuberous sclerosis 2|Hereditary cancer-predisposing syndrome|Tuberous sclerosis syndrome|TSC2-related disorder|not provided|Isolated focal cortical dysplasia type II,191092
TSC2,Tuberous sclerosis 2|Hereditary cancer-predisposing syndrome|Tuberous sclerosis syndrome|Lymphangiomyomatosis;Isolated focal cortical dysplasia type II;Tuberous sclerosis 2,191092
TSC2,Tuberous sclerosis 2|Hereditary cancer-predisposing syndrome|not specified|Isolated focal cortical dysplasia type II;Tuberous sclerosis 2;Lymphangiomyomatosis,191092
TSC2,Tuberous sclerosis 2|not provided|Hereditary cancer-predisposing syndrome|Tuberous sclerosis syndrome|Tuberous sclerosis 2;Isolated focal cortical dysplasia type II;Lymphangiomyomatosis,191092
TSC2,Tuberous sclerosis 2|Lymphangiomyomatosis;Isolated focal cortical dysplasia type II;Tuberous sclerosis 2|TSC2-related disorder,191092
TSC2,Tuberous sclerosis 2|Hereditary cancer-predisposing syndrome|Tuberous sclerosis syndrome|Lung cancer|not provided,191092
TSC2,Tuberous sclerosis 2|Hereditary cancer-predisposing syndrome|Isolated focal cortical dysplasia type II|TSC2-related disorder|Lymphangiomyomatosis;Isolated focal cortical dysplasia type II;Tuberous sclerosis 2,191092
NPRL3,"Epilepsy, familial focal, with variable foci 3|NPRL3-related disorder|not provided",600928
TSC2,Tuberous sclerosis 2|not provided|TSC2-related disorder|Isolated focal cortical dysplasia type II|Hereditary cancer-predisposing syndrome,191092
NPRL3,"Epilepsy, familial focal, with variable foci 3|not provided|Inborn genetic diseases",600928
TBC1D24,"Developmental and epileptic encephalopathy, 1;Autosomal dominant nonsyndromic hearing loss 65;Caused by mutation in the TBC1 domain family, member 24|not provided|Inborn genetic diseases",613577
TSC2,Tuberous sclerosis 2|not specified|Hereditary cancer-predisposing syndrome|TSC2-related disorder,191092
PRRT2,Episodic kinesigenic dyskinesia|not specified,614386
PRRT2,"Episodic kinesigenic dyskinesia|Infantile convulsions and choreoathetosis|Seizures, benign familial infantile, 2|not provided|PRRT2-associated paroxysmal movement disorder",614386
TBC1D24,"Autosomal dominant nonsyndromic hearing loss 65;Developmental and epileptic encephalopathy, 1;Caused by mutation in the TBC1 domain family, member 24|not provided|Epilepsy|Autosomal recessive nonsyndromic hearing loss 86|6 conditions",613577
TBC1D24,"Autosomal dominant nonsyndromic hearing loss 65;Developmental and epileptic encephalopathy, 1;Caused by mutation in the TBC1 domain family, member 24|not provided|6 conditions|Inborn genetic diseases",613577
TBC1D24,"Autosomal dominant nonsyndromic hearing loss 65;Developmental and epileptic encephalopathy, 1;Caused by mutation in the TBC1 domain family, member 24|Inborn genetic diseases",613577
PRRT2,Episodic kinesigenic dyskinesia|not provided|PRRT2-Associated Paroxysmal Movement Disorders,614386
NPRL3,"Epilepsy, familial focal, with variable foci 3|Inborn genetic diseases",600928
NPRL3,"Epilepsy, familial focal, with variable foci 3|Inborn genetic diseases|not provided",600928
KCNQ2,"Developmental and epileptic encephalopathy|Developmental and epileptic encephalopathy, 7|not provided",602235
PLCB1,"Developmental and epileptic encephalopathy, 12|Inborn genetic diseases|not provided|not specified",607120
PLCB1,"Developmental and epileptic encephalopathy, 12|Inborn genetic diseases|not provided",607120
DEPDC5,DEPDC5-related disorder|Familial focal epilepsy with variable foci|Inborn genetic diseases|not provided,614191
DEPDC5,"Familial focal epilepsy with variable foci|not specified|not provided|DEPDC5-related disorder|Inborn genetic diseases|Epilepsy, familial focal, with variable foci 1",614191
DEPDC5,"Epilepsy, familial focal, with variable foci 1|not provided|Inborn genetic diseases|Familial focal epilepsy with variable foci",614191
DEPDC5,Familial focal epilepsy with variable foci|Familial prostate cancer,614191
KCNQ2,"Developmental and epileptic encephalopathy|Developmental and epileptic encephalopathy, 33",602235
PCDH19,"Developmental and epileptic encephalopathy, 9|Rolandic epilepsy, intellectual disability, and speech dyspraxia, X-linked",300460
PCDH19,"Developmental and epileptic encephalopathy, 9|Inborn genetic diseases",300460
KCNQ2,Developmental and epileptic encephalopathy|KCNQ2-related disorder,602235
ARX,"Developmental and epileptic encephalopathy, 1;Intellectual disability, X-linked, with or without seizures, ARX-related|Inborn genetic diseases|not provided|ARX-related disorder",300382
KCNQ2,"Seizures, benign familial neonatal, 1;Developmental and epileptic encephalopathy, 7|Developmental and epileptic encephalopathy|Complex neurodevelopmental disorder|not provided",602235
CDKL5,"Developmental and epileptic encephalopathy, 2;Angelman syndrome-like|Developmental and epileptic encephalopathy, 2",300203
KCNQ2,"Developmental and epileptic encephalopathy|not provided|Developmental and epileptic encephalopathy, 7|Complex neurodevelopmental disorder",602235
DEPDC5,Familial focal epilepsy with variable foci|not provided|Inborn genetic diseases|DEPDC5-related disorder|Familial cancer of breast,614191
ARX,"Intellectual disability, X-linked, with or without seizures, ARX-related;Developmental and epileptic encephalopathy, 1|Intellectual disability, X-linked, with or without seizures, ARX-related;Corpus callosum agenesis-abnormal genitalia syndrome;Developmental and epileptic encephalopathy, 1;Partington syndrome;X-linked lissencephaly with abnormal genitalia",300382
DEPDC5,Familial focal epilepsy with variable foci|DEPDC5-related disorder|not provided,614191
DEPDC5,Familial focal epilepsy with variable foci|Inborn genetic diseases|DEPDC5-related disorder,614191
DEPDC5,Familial focal epilepsy with variable foci|Inborn genetic diseases|not specified|not provided,614191
DEPDC5,"Familial focal epilepsy with variable foci|not provided|Inborn genetic diseases|Epilepsy, familial focal, with variable foci 1",614191
PCDH19,"Inborn genetic diseases|Developmental and epileptic encephalopathy, 9|PCDH19-related disorder|not specified",300460
CDKL5,"not provided|Developmental and epileptic encephalopathy, 2;Angelman syndrome-like|Malignant tumor of esophagus|Thyroid cancer, nonmedullary, 1",300203
TSC1,Hereditary cancer-predisposing syndrome|Tuberous sclerosis 1|Tuberous sclerosis 1;Lymphangiomyomatosis;Isolated focal cortical dysplasia type II,605284
TSC1,Hereditary cancer-predisposing syndrome|Tuberous sclerosis syndrome|Tuberous sclerosis 1,605284
TSC1,Hereditary cancer-predisposing syndrome|Tuberous sclerosis 1|Tuberous sclerosis syndrome|not provided,605284
TSC1,Hereditary cancer-predisposing syndrome|Tuberous sclerosis 1|not provided|Lymphangiomyomatosis;Tuberous sclerosis 1;Isolated focal cortical dysplasia type II,605284
TSC1,Hereditary cancer-predisposing syndrome|Tuberous sclerosis 1|Tuberous sclerosis 1;Isolated focal cortical dysplasia type II;Lymphangiomyomatosis|not provided,605284
TSC1,Hereditary cancer-predisposing syndrome|Tuberous sclerosis 1|Isolated focal cortical dysplasia type II|Tuberous sclerosis syndrome|not provided,605284
TSC1,Hereditary cancer-predisposing syndrome|not specified|Tuberous sclerosis 1|Isolated focal cortical dysplasia type II,605284
TSC1,Hereditary cancer-predisposing syndrome|Tuberous sclerosis 1|not provided|TSC1-related disorder,605284
TSC1,Hereditary cancer-predisposing syndrome|not specified|Tuberous sclerosis 1|TSC1-related disorder|Tuberous sclerosis syndrome,605284
TSC2,Hereditary cancer-predisposing syndrome|Tuberous sclerosis syndrome|Tuberous sclerosis 2|Isolated focal cortical dysplasia type II;Tuberous sclerosis 2;Lymphangiomyomatosis,191092
TSC2,Hereditary cancer-predisposing syndrome|Tuberous sclerosis 2|Tuberous sclerosis syndrome|Isolated focal cortical dysplasia type II|not provided,191092
TSC2,Hereditary cancer-predisposing syndrome|Tuberous sclerosis 2|Tuberous sclerosis syndrome|Lymphangiomyomatosis;Isolated focal cortical dysplasia type II;Tuberous sclerosis 2,191092
TSC2,Hereditary cancer-predisposing syndrome|Tuberous sclerosis 2|Isolated focal cortical dysplasia type II|Tuberous sclerosis syndrome,191092
TSC2,Hereditary cancer-predisposing syndrome|Tuberous sclerosis 2|not provided|TSC2-related disorder|Tuberous sclerosis syndrome,191092
TSC2,Hereditary cancer-predisposing syndrome|Tuberous sclerosis 2|Tuberous sclerosis syndrome|not provided|Lymphangiomyomatosis;Isolated focal cortical dysplasia type II;Tuberous sclerosis 2,191092
TSC2,Hereditary cancer-predisposing syndrome|Lymphangiomyomatosis;Isolated focal cortical dysplasia type II;Tuberous sclerosis 2|Tuberous sclerosis syndrome,191092
TSC2,Hereditary cancer-predisposing syndrome|not provided|Tuberous sclerosis 2|Isolated focal cortical dysplasia type II,191092
TSC2,Tuberous sclerosis 2|Hereditary cancer-predisposing syndrome|not provided|not specified|Tuberous sclerosis syndrome,191092
TSC2,Hereditary cancer-predisposing syndrome|Tuberous sclerosis 2|not provided|Lymphangiomyomatosis;Isolated focal cortical dysplasia type II;Tuberous sclerosis 2,191092
TSC2,Hereditary cancer-predisposing syndrome|Tuberous sclerosis 2|Lymphangiomyomatosis;Isolated focal cortical dysplasia type II;Tuberous sclerosis 2|Tuberous sclerosis syndrome,191092
TSC2,Hereditary cancer-predisposing syndrome|not provided,191092
TSC2,Hereditary cancer-predisposing syndrome|not specified|Tuberous sclerosis 2|not provided,191092
TSC2,Hereditary cancer-predisposing syndrome|Tuberous sclerosis 2|Isolated focal cortical dysplasia type II|Tuberous sclerosis syndrome|not provided,191092
TSC2,Hereditary cancer-predisposing syndrome|Tuberous sclerosis 2|not provided|Ovarian cancer|not specified|Tuberous sclerosis syndrome,191092
TSC2,Hereditary cancer-predisposing syndrome|Tuberous sclerosis 2|Lymphangiomyomatosis;Isolated focal cortical dysplasia type II;Tuberous sclerosis 2,191092
TSC2,Hereditary cancer-predisposing syndrome|Isolated focal cortical dysplasia type II|Tuberous sclerosis 2,191092
TSC2,Hereditary cancer-predisposing syndrome|Tuberous sclerosis syndrome|not specified|Tuberous sclerosis 2|not provided|TSC2-related disorder,191092
SCN1A,not provided|not specified,182389
SCN8A,"Developmental and epileptic encephalopathy, 13|Developmental and epileptic encephalopathy|Intellectual disability",600702
SLC2A1,"not provided|GLUT1 deficiency syndrome|GLUT1 deficiency syndrome 1, autosomal recessive|Encephalopathy due to GLUT1 deficiency|SLC2A1-related disorder",138140
SCN2A,not provided|SCN2A-related disorder|Complex neurodevelopmental disorder,182390
TBC1D24,"not provided|Caused by mutation in the TBC1 domain family, member 24;Developmental and epileptic encephalopathy, 1;Autosomal dominant nonsyndromic hearing loss 65|TBC1D24-related disorder",613577
PCDH19,not provided|Nonpapillary renal cell carcinoma,300460
CDKL5,"not provided|Angelman syndrome-like;Developmental and epileptic encephalopathy, 2|Developmental and epileptic encephalopathy, 2",300203
CDKL5,"not provided|Developmental and epileptic encephalopathy, 2|CDKL5 disorder|Developmental and epileptic encephalopathy",300203
SLC2A1,"not provided|GLUT1 deficiency syndrome 1, autosomal recessive|SLC2A1-related disorder",138140
SLC2A1,"not provided|GLUT1 deficiency syndrome 1, autosomal recessive|Hereditary cryohydrocytosis with reduced stomatin|Encephalopathy due to GLUT1 deficiency|Childhood onset GLUT1 deficiency syndrome 2|Dystonia 9|Epilepsy, idiopathic generalized, susceptibility to, 12",138140
SCN2A,"not provided|Developmental and epileptic encephalopathy, 11;Seizures, benign familial infantile, 3|Autism spectrum disorder|See cases|Episodic ataxia, type 9",182390
STXBP1,"Developmental and epileptic encephalopathy, 4|Intellectual disability",602926
SCN9A,Severe myoclonic epilepsy in infancy,603415
SCN2A,"Seizures, benign familial infantile, 3|Complex neurodevelopmental disorder|Developmental and epileptic encephalopathy, 11|Inborn genetic diseases",182390
SCN1A,Severe myoclonic epilepsy in infancy|Developmental and epileptic encephalopathy|Developmental and epileptic encephalopathy 6B,182389
SCN8A,"Developmental and epileptic encephalopathy, 13|Cognitive impairment with or without cerebellar ataxia",600702
KCNQ2,"Developmental and epileptic encephalopathy, 7|Developmental and epileptic encephalopathy|Inborn genetic diseases|not provided",602235
SCN1A,Autosomal dominant epilepsy|Inborn genetic diseases,182389
SCN1A,"Autosomal dominant epilepsy|not provided|Developmental and epileptic encephalopathy|Migraine, familial hemiplegic, 3|SCN1A-related disorder",182389
SCN1A,"not provided|Migraine, familial hemiplegic, 3;Generalized epilepsy with febrile seizures plus, type 2;Severe myoclonic epilepsy in infancy|Developmental and epileptic encephalopathy|Inborn genetic diseases|Generalized epilepsy with febrile seizures plus, type 2",182389
TSC1,Tuberous sclerosis 1|not provided|not specified|Hereditary cancer-predisposing syndrome|Lymphangiomyomatosis;Isolated focal cortical dysplasia type II;Tuberous sclerosis 1|Tuberous sclerosis syndrome,605284
STXBP1,"Developmental and epileptic encephalopathy, 4|not provided",602926
CDKL5,"not specified|Developmental and epileptic encephalopathy, 2;Angelman syndrome-like|Hepatocellular carcinoma|Melanoma|not provided",300203
SCN9A,"not provided|Neuropathy, hereditary sensory and autonomic, type 2A;Generalized epilepsy with febrile seizures plus, type 7|Inborn genetic diseases|SCN9A-related disorder",603415
SCN1A,"not provided|Developmental and epileptic encephalopathy|Migraine, familial hemiplegic, 3;Generalized epilepsy with febrile seizures plus, type 2;Severe myoclonic epilepsy in infancy",182389
SCN1A,not provided|Developmental and epileptic encephalopathy|not specified|Inborn genetic diseases|SCN1A-related disorder,182389
PLCB1,"not provided|Developmental and epileptic encephalopathy, 12|Acute myeloid leukemia",607120
SCN1A,not provided|Developmental and epileptic encephalopathy|Inborn genetic diseases|SCN1A-related disorder|Weaver syndrome,182389
PRRT2,"not provided|Episodic kinesigenic dyskinesia|Seizures, benign familial infantile, 2",614386
SCN9A,not provided|Inborn genetic diseases,603415
PLCB1,"not provided|Inborn genetic diseases|Developmental and epileptic encephalopathy, 12|Malignant tumor of esophagus",607120
SCN1A,not provided|Obesity;Seizure;Intellectual disability,182389
GABRG2,"not provided|EPILEPSY, CHILDHOOD ABSENCE, SUSCEPTIBILITY TO, 2;Febrile seizures, familial, 8|Seizure",137164
FOXG1,"not provided|Rett syndrome, congenital variant|Rett syndrome",164874
SCN3A,not specified,182391
TBC1D24,"not provided|Autosomal dominant nonsyndromic hearing loss 65;Caused by mutation in the TBC1 domain family, member 24;Developmental and epileptic encephalopathy, 1",613577
NPRL3,"not provided|Epilepsy, familial focal, with variable foci 3|not specified",600928
SCN9A,"Channelopathy-associated congenital insensitivity to pain, autosomal recessive|Neuropathy, hereditary sensory and autonomic, type 2A;Generalized epilepsy with febrile seizures plus, type 7|not provided",603415
TBC1D24,"Inborn genetic diseases|not provided|Caused by mutation in the TBC1 domain family, member 24;Developmental and epileptic encephalopathy, 1;Autosomal dominant nonsyndromic hearing loss 65|not specified",613577
TBC1D24,"not specified|Developmental and epileptic encephalopathy, 1;Autosomal dominant nonsyndromic hearing loss 65;Caused by mutation in the TBC1 domain family, member 24|not provided|TBC1D24-related disorder",613577
TBC1D24,"Inborn genetic diseases|not specified|Caused by mutation in the TBC1 domain family, member 24;Developmental and epileptic encephalopathy, 1;Autosomal dominant nonsyndromic hearing loss 65",613577
TBC1D24,"Caused by mutation in the TBC1 domain family, member 24;Developmental and epileptic encephalopathy, 1;Autosomal dominant nonsyndromic hearing loss 65|not specified",613577
SLC2A1,"not specified|GLUT1 deficiency syndrome 1, autosomal recessive|Dystonia 9|Hereditary cryohydrocytosis with reduced stomatin|Encephalopathy due to GLUT1 deficiency|Childhood onset GLUT1 deficiency syndrome 2|Epilepsy, idiopathic generalized, susceptibility to, 12",138140
SLC2A1,"not specified|GLUT1 deficiency syndrome 1, autosomal recessive|Epilepsy, idiopathic generalized, susceptibility to, 12|Hereditary cryohydrocytosis with reduced stomatin|Childhood onset GLUT1 deficiency syndrome 2|Encephalopathy due to GLUT1 deficiency|Dystonia 9",138140
SLC2A1,"GLUT1 deficiency syndrome 1, autosomal recessive|Encephalopathy due to GLUT1 deficiency|Dystonia 9|not provided|Inborn genetic diseases|Epilepsy, idiopathic generalized, susceptibility to, 12|SLC2A1-related disorder|Childhood onset GLUT1 deficiency syndrome 2|Hereditary cryohydrocytosis with reduced stomatin",138140
SLC2A1,"not specified|GLUT1 deficiency syndrome 1, autosomal recessive|Epilepsy, idiopathic generalized, susceptibility to, 12|Hereditary cryohydrocytosis with reduced stomatin|Encephalopathy due to GLUT1 deficiency|Childhood onset GLUT1 deficiency syndrome 2|Dystonia 9",138140
SLC2A1,"GLUT1 deficiency syndrome 1, autosomal recessive|not provided|Childhood onset GLUT1 deficiency syndrome 2;Epilepsy, idiopathic generalized, susceptibility to, 12;Dystonia 9;Hereditary cryohydrocytosis with reduced stomatin;Encephalopathy due to GLUT1 deficiency|SLC2A1-related disorder",138140
SLC2A1,"not specified|GLUT1 deficiency syndrome 1, autosomal recessive|Hereditary cryohydrocytosis with reduced stomatin|Childhood onset GLUT1 deficiency syndrome 2|Dystonia 9|Epilepsy, idiopathic generalized, susceptibility to, 12|Encephalopathy due to GLUT1 deficiency",138140
SCN2A,"Developmental and epileptic encephalopathy, 11;Seizures, benign familial infantile, 3|not provided|Inborn genetic diseases|SCN2A-related disorder",182390
SCN2A,"Seizures, benign familial infantile, 3;Developmental and epileptic encephalopathy, 11|not provided|not specified",182390
SCN9A,"not specified|Neuropathy, hereditary sensory and autonomic, type 2A;Generalized epilepsy with febrile seizures plus, type 7|not provided",603415
SCN1A,"not specified|not provided|Migraine, familial hemiplegic, 3|Developmental and epileptic encephalopathy|Generalized epilepsy with febrile seizures plus, type 2",182389
SCN2A,"not specified|Seizures, benign familial infantile, 3;Developmental and epileptic encephalopathy, 11|Inborn genetic diseases|Episodic ataxia, type 9;Seizures, benign familial infantile, 3;Developmental and epileptic encephalopathy, 11",182390
SCN2A,"not provided|Developmental and epileptic encephalopathy, 11;Seizures, benign familial infantile, 3|SCN2A-related disorder|not specified",182390
SCN2A,not specified|Inborn genetic diseases,182390
SCN1A,Inborn genetic diseases|not specified|Developmental and epileptic encephalopathy,182389
SCN9A,"Generalized epilepsy with febrile seizures plus, type 7;Neuropathy, hereditary sensory and autonomic, type 2A|not specified",603415
ALDH7A1,not specified|not provided|Pyridoxine-dependent epilepsy|Inborn genetic diseases|ALDH7A1-related disorder,107323
GABRG2,"not provided|EPILEPSY, CHILDHOOD ABSENCE, SUSCEPTIBILITY TO, 2;Febrile seizures, familial, 8|GABRG2-related disorder",137164
GABRA1,"not specified|Developmental and epileptic encephalopathy, 19",137160
STXBP1,not specified|Inborn genetic diseases|Developmental and epileptic encephalopathy,602926
TSC1,not specified|Tuberous sclerosis syndrome|Hereditary cancer-predisposing syndrome|Tuberous sclerosis 1,605284
STXBP1,Developmental and epileptic encephalopathy|not specified,602926
STXBP1,"not specified|Developmental and epileptic encephalopathy|Developmental and epileptic encephalopathy, 4",602926
TSC1,not specified|Hereditary cancer-predisposing syndrome,605284
TSC1,Tuberous sclerosis 1|not specified,605284
SCN8A,not specified|Developmental and epileptic encephalopathy|SCN8A-related disorder|Inborn genetic diseases,600702
TSC2,not specified|Tuberous sclerosis 2|Tuberous sclerosis syndrome,191092
TSC2,not specified|Hereditary cancer-predisposing syndrome|Tuberous sclerosis 2|TSC2-related disorder|Colorectal cancer,191092
TSC2,Tuberous sclerosis 2|not specified|Lymphangiomyomatosis;Tuberous sclerosis 2;Isolated focal cortical dysplasia type II,191092
CHD2,not specified|Developmental and epileptic encephalopathy 94|CHD2-related disorder,602119
TSC2,not specified|Tuberous sclerosis 2|not provided|Hereditary cancer-predisposing syndrome,191092
TSC2,not specified|Tuberous sclerosis 2|TSC2-related disorder|Tuberous sclerosis syndrome|Hereditary cancer-predisposing syndrome,191092
TSC2,not specified|TSC2-related disorder,191092
TSC2,not specified|Tuberous sclerosis 2|not provided|Cervical cancer,191092
TSC2,not specified|Tuberous sclerosis 2|TSC2-related disorder,191092
TSC2,not specified|Tuberous sclerosis 2|Lymphangiomyomatosis;Tuberous sclerosis 2;Isolated focal cortical dysplasia type II|TSC2-related disorder|Hereditary cancer-predisposing syndrome|Tuberous sclerosis syndrome,191092
CHD2,Developmental and epileptic encephalopathy 94|not specified,602119
CHD2,not provided|Developmental and epileptic encephalopathy 94|Colon adenocarcinoma,602119
CHD2,Developmental and epileptic encephalopathy 94|Intellectual disability|not provided|Inborn genetic diseases,602119
TSC2,not specified|not provided|Tuberous sclerosis 2|TSC2-related disorder,191092
TBC1D24,"Autosomal dominant nonsyndromic hearing loss 65;Caused by mutation in the TBC1 domain family, member 24;Developmental and epileptic encephalopathy, 1|not provided",613577
PCDH19,"not provided|Developmental and epileptic encephalopathy, 9|not specified",300460
MECP2,not provided|Severe neonatal-onset encephalopathy with microcephaly|Inborn genetic diseases|MECP2-related disorder,300005
MECP2,not specified|Severe neonatal-onset encephalopathy with microcephaly|not provided,300005
MECP2,not specified|Severe neonatal-onset encephalopathy with microcephaly|Inborn genetic diseases|MECP2-related disorder,300005
CDKL5,"not specified|Inborn genetic diseases|Developmental and epileptic encephalopathy, 2;Angelman syndrome-like",300203
MECP2,Severe neonatal-onset encephalopathy with microcephaly|not provided|Inborn genetic diseases|MECP2-related disorder,300005
ARX,"not specified|Developmental and epileptic encephalopathy, 1;Intellectual disability, X-linked, with or without seizures, ARX-related|ARX-related disorder",300382
ARX,"Intellectual disability, X-linked, with or without seizures, ARX-related;Developmental and epileptic encephalopathy, 1|not provided|See cases|Inborn genetic diseases",300382
PCDH19,"not specified|Developmental and epileptic encephalopathy, 9|PCDH19-related disorder",300460
CDKL5,"Developmental and epileptic encephalopathy, 2;Angelman syndrome-like|not provided|Developmental and epileptic encephalopathy, 2|CDKL5 disorder",300203
ARX,"not specified|Intellectual disability, X-linked, with or without seizures, ARX-related;Developmental and epileptic encephalopathy, 1|ARX-related disorder",300382
MECP2,Severe neonatal-onset encephalopathy with microcephaly|not provided|MECP2-related disorder,300005
CDKL5,"not specified|Angelman syndrome-like;Developmental and epileptic encephalopathy, 2|not provided",300203
CDKL5,not specified|Inborn genetic diseases|CDKL5 disorder,300203
STXBP1,"Developmental and epileptic encephalopathy, 4|Developmental and epileptic encephalopathy|not provided",602926
CDKL5,"Developmental and epileptic encephalopathy, 2|Developmental and epileptic encephalopathy, 2;Angelman syndrome-like|not provided|not specified",300203
KCNQ2,"Developmental and epileptic encephalopathy, 7|Inborn genetic diseases|KCNQ2-related disorder",602235
SLC2A1,Inborn genetic diseases|not provided,138140
SLC2A1,"Inborn genetic diseases|GLUT1 deficiency syndrome 1, autosomal recessive|not provided|Hereditary cryohydrocytosis with reduced stomatin|Encephalopathy due to GLUT1 deficiency|Childhood onset GLUT1 deficiency syndrome 2|Dystonia 9|Epilepsy, idiopathic generalized, susceptibility to, 12",138140
SLC2A1,"Inborn genetic diseases|not provided|GLUT1 deficiency syndrome 1, autosomal recessive|Encephalopathy due to GLUT1 deficiency",138140
SLC2A1,Inborn genetic diseases,138140
SCN3A,"Inborn genetic diseases|Developmental and epileptic encephalopathy, 62|Developmental and epileptic encephalopathy",182391
SCN3A,Inborn genetic diseases|Developmental and epileptic encephalopathy|not provided,182391
SCN3A,Inborn genetic diseases|not provided,182391
SCN2A,Inborn genetic diseases,182390
SCN2A,"Inborn genetic diseases|Developmental and epileptic encephalopathy, 11",182390
SCN2A,Inborn genetic diseases|Complex neurodevelopmental disorder,182390
SCN2A,"Inborn genetic diseases|Complex neurodevelopmental disorder|Developmental and epileptic encephalopathy, 11;Seizures, benign familial infantile, 3",182390
SCN2A,"Inborn genetic diseases|Developmental and epileptic encephalopathy, 11;Seizures, benign familial infantile, 3|Complex neurodevelopmental disorder|not provided",182390
SCN1A,"Inborn genetic diseases|Generalized epilepsy with febrile seizures plus, type 2|not provided",182389
SCN1A,Inborn genetic diseases|Developmental and epileptic encephalopathy|not specified|not provided,182389
SCN9A,"Inborn genetic diseases|Neuropathy, hereditary sensory and autonomic, type 2A;Generalized epilepsy with febrile seizures plus, type 7",603415
SLC6A1,Inborn genetic diseases|Epilepsy with myoclonic atonic seizures,137165
SLC6A1,Inborn genetic diseases,137165
SLC6A1,Inborn genetic diseases|not provided,137165
GABRA1,Inborn genetic diseases,137160
GABRG2,"Inborn genetic diseases|Developmental and epileptic encephalopathy, 74",137164
GABRG2,Inborn genetic diseases,137164
STXBP1,Inborn genetic diseases|Infantile epilepsy syndrome,602926
STXBP1,"Inborn genetic diseases|Developmental and epileptic encephalopathy|Developmental and epileptic encephalopathy, 4",602926
SCN8A,Inborn genetic diseases,600702
SCN8A,Inborn genetic diseases|Complex neurodevelopmental disorder,600702
SCN8A,"Inborn genetic diseases|Developmental and epileptic encephalopathy, 13",600702
FOXG1,"Inborn genetic diseases|Rett syndrome, congenital variant",164874
FOXG1,"Inborn genetic diseases|Rett syndrome, congenital variant|Neurodevelopmental abnormality",164874
CHD2,Inborn genetic diseases,602119
CHD2,Inborn genetic diseases|Developmental and epileptic encephalopathy 94|not provided,602119
CHD2,Inborn genetic diseases|Developmental and epileptic encephalopathy 94,602119
CHD2,Inborn genetic diseases|not provided|Developmental and epileptic encephalopathy 94,602119
CHD2,Inborn genetic diseases|Developmental and epileptic encephalopathy 94|CHD2-related disorder,602119
DEPDC5,Inborn genetic diseases|Familial focal epilepsy with variable foci|not provided,614191
DEPDC5,Inborn genetic diseases|Familial focal epilepsy with variable foci,614191
PCDH19,Inborn genetic diseases,300460
MECP2,Inborn genetic diseases|Severe neonatal-onset encephalopathy with microcephaly,300005
MECP2,"Inborn genetic diseases|Severe neonatal-onset encephalopathy with microcephaly|MECP2-related disorder|X-linked intellectual disability-psychosis-macroorchidism syndrome;Autism, susceptibility to, X-linked 3",300005
MECP2,Inborn genetic diseases,300005
MECP2,not specified|Inborn genetic diseases,300005
CDKL5,Inborn genetic diseases,300203
CDKL5,Inborn genetic diseases|CDKL5 disorder,300203
ARX,"Inborn genetic diseases|Intellectual disability, X-linked, with or without seizures, ARX-related;Developmental and epileptic encephalopathy, 1|ARX-related disorder",300382
SCN3A,"Epilepsy, familial focal, with variable foci 4|not provided|Inborn genetic diseases",182391
SCN3A,"Epilepsy, familial focal, with variable foci 4|not provided|See cases",182391
SCN3A,"Epilepsy, familial focal, with variable foci 4",182391
SCN8A,"Developmental and epileptic encephalopathy, 13|not provided|Developmental and epileptic encephalopathy|See cases",600702
SCN2A,"not specified|not provided|Developmental and epileptic encephalopathy, 11;Seizures, benign familial infantile, 3|SCN2A-related disorder",182390
SCN2A,"Seizure|Developmental and epileptic encephalopathy, 11|SCN2A-related disorder",182390
SCN1A,Seizure|not provided,182389
SCN8A,"Intellectual disability, moderate|Developmental and epileptic encephalopathy",600702
SCN8A,"Choreoathetosis;Global developmental delay;Leukoencephalopathy;Febrile seizure (within the age range of 3 months to 6 years)|Developmental and epileptic encephalopathy|Developmental and epileptic encephalopathy, 13",600702
CDKL5,Developmental and epileptic encephalopathy,300203
TBC1D24,not provided|6 conditions|Rolandic epilepsy-paroxysmal exercise-induced dystonia-writer's cramp syndrome,613577
SLC2A1,"GLUT1 deficiency syndrome 1, autosomal recessive|Encephalopathy due to GLUT1 deficiency|Dystonia 9|Inborn genetic diseases|Hereditary cryohydrocytosis with reduced stomatin|Childhood onset GLUT1 deficiency syndrome 2|Epilepsy, idiopathic generalized, susceptibility to, 12",138140
SLC2A1,"not provided|GLUT1 deficiency syndrome 1, autosomal recessive|not specified|Epilepsy, idiopathic generalized, susceptibility to, 12|Hereditary cryohydrocytosis with reduced stomatin|Childhood onset GLUT1 deficiency syndrome 2|Encephalopathy due to GLUT1 deficiency|Dystonia 9",138140
SLC2A1,"GLUT1 deficiency syndrome 1, autosomal recessive|Encephalopathy due to GLUT1 deficiency|not provided",138140
SCN1A,Developmental and epileptic encephalopathy|Inborn genetic diseases,182389
SCN1A,"Developmental and epileptic encephalopathy|Generalized epilepsy with febrile seizures plus, type 2|Epileptic encephalopathy|not provided",182389
SCN2A,"not provided|Inborn genetic diseases|Developmental and epileptic encephalopathy, 11;Seizures, benign familial infantile, 3",182390
SCN1A,"Developmental and epileptic encephalopathy|Generalized epilepsy with febrile seizures plus, type 2|not provided",182389
SCN2A,"Seizures, benign familial infantile, 3;Developmental and epileptic encephalopathy, 11|Developmental and epileptic encephalopathy, 11",182390
SCN2A,"Seizures, benign familial infantile, 3;Developmental and epileptic encephalopathy, 11|Complex neurodevelopmental disorder|unclassified developmental and epileptic encephalopathy|not provided",182390
SCN9A,"Generalized epilepsy with febrile seizures plus, type 7;Neuropathy, hereditary sensory and autonomic, type 2A|Inborn genetic diseases|not specified",603415
SCN1A,"not provided|Migraine, familial hemiplegic, 3;Generalized epilepsy with febrile seizures plus, type 2;Severe myoclonic epilepsy in infancy|Developmental and epileptic encephalopathy|Migraine, familial hemiplegic, 3;Generalized epilepsy with febrile seizures plus, type 2;Severe myoclonic epilepsy in infancy;Developmental and epileptic encephalopathy 6B|not specified",182389
SCN9A,"Generalized epilepsy with febrile seizures plus, type 7;Neuropathy, hereditary sensory and autonomic, type 2A|6 conditions|not provided",603415
SCN1A,"Developmental and epileptic encephalopathy|Generalized epilepsy with febrile seizures plus, type 2|not provided|Migraine, familial hemiplegic, 3",182389
SCN9A,"Neuropathy, hereditary sensory and autonomic, type 2A;Generalized epilepsy with febrile seizures plus, type 7|Inborn genetic diseases|Generalized epilepsy with febrile seizures plus, type 7|not provided",603415
SCN1A,"Developmental and epileptic encephalopathy|Severe myoclonic epilepsy in infancy|Generalized epilepsy with febrile seizures plus, type 2",182389
SCN9A,"Generalized epilepsy with febrile seizures plus, type 7;Neuropathy, hereditary sensory and autonomic, type 2A|Primary erythromelalgia|not provided",603415
SCN9A,"Neuropathy, hereditary sensory and autonomic, type 2A;Generalized epilepsy with febrile seizures plus, type 7|Generalized epilepsy with febrile seizures plus, type 7|not provided|SCN9A-related disorder|Inborn genetic diseases",603415
SCN1A,Developmental and epileptic encephalopathy|SUDDEN INFANT DEATH SYNDROME,182389
SCN1A,Developmental and epileptic encephalopathy|Inborn genetic diseases|SCN1A-related disorder|not provided,182389
SCN9A,"Neuropathy, hereditary sensory and autonomic, type 2A;Generalized epilepsy with febrile seizures plus, type 7|Generalized epilepsy with febrile seizures plus, type 7|Primary erythromelalgia;Neuropathy, hereditary sensory and autonomic, type 2A;Paroxysmal extreme pain disorder;Channelopathy-associated congenital insensitivity to pain, autosomal recessive|not specified",603415
SCN9A,"Neuropathy, hereditary sensory and autonomic, type 2A;Generalized epilepsy with febrile seizures plus, type 7|not provided|6 conditions|Primary erythromelalgia|Inborn genetic diseases",603415
SLC6A1,Inborn genetic diseases|not provided|Epilepsy with myoclonic atonic seizures,137165
SLC6A1,SLC6A1-related disorder|Epilepsy with myoclonic atonic seizures,137165
GABRA1,"Epilepsy, idiopathic generalized, susceptibility to, 13;Epilepsy, childhood absence 4;Idiopathic generalized epilepsy",137160
GABRA1,"Epilepsy, idiopathic generalized, susceptibility to, 13;Epilepsy, childhood absence 4;Idiopathic generalized epilepsy|Inborn genetic diseases",137160
GABRA1,"not provided|Idiopathic generalized epilepsy;Epilepsy, childhood absence 4;Epilepsy, idiopathic generalized, susceptibility to, 13|Inborn genetic diseases",137160
KCNQ3,Benign neonatal seizures|Inborn genetic diseases|not specified,602232
TSC1,Tuberous sclerosis 1|not provided|Hereditary cancer-predisposing syndrome|Lymphangiomyomatosis;Tuberous sclerosis 1;Isolated focal cortical dysplasia type II,605284
TSC1,not provided|Tuberous sclerosis 1|Tuberous sclerosis syndrome|Hereditary cancer-predisposing syndrome,605284
TSC1,Tuberous sclerosis 1|Hereditary cancer-predisposing syndrome|Hereditary cancer,605284
TSC1,Tuberous sclerosis 1|Lymphangiomyomatosis;Tuberous sclerosis 1;Isolated focal cortical dysplasia type II|Hereditary cancer-predisposing syndrome|Isolated focal cortical dysplasia type II,605284
TSC1,Tuberous sclerosis 1|not provided|Hereditary cancer-predisposing syndrome|TSC1-related disorder|Tuberous sclerosis syndrome,605284
TSC1,Tuberous sclerosis 1|Hereditary cancer-predisposing syndrome|Lymphangiomyomatosis;Tuberous sclerosis 1;Isolated focal cortical dysplasia type II,605284
TSC1,Tuberous sclerosis 1|Lymphangiomyomatosis;Tuberous sclerosis 1;Isolated focal cortical dysplasia type II|Hereditary cancer-predisposing syndrome,605284
TSC1,Tuberous sclerosis 1|Lymphangiomyomatosis;Tuberous sclerosis 1;Isolated focal cortical dysplasia type II|Isolated focal cortical dysplasia type II|not provided|Hereditary cancer-predisposing syndrome,605284
TSC1,Tuberous sclerosis 1|Tuberous sclerosis syndrome|Hereditary cancer-predisposing syndrome|not provided,605284
TSC1,Tuberous sclerosis 1|Isolated focal cortical dysplasia type II|not provided|Hereditary cancer-predisposing syndrome,605284
TSC1,Tuberous sclerosis 1|Lymphangiomyomatosis;Tuberous sclerosis 1;Isolated focal cortical dysplasia type II|Hereditary cancer-predisposing syndrome|not provided,605284
TSC1,Tuberous sclerosis 1|Lymphangiomyomatosis;Isolated focal cortical dysplasia type II;Tuberous sclerosis 1|Hereditary cancer-predisposing syndrome,605284
SCN8A,not provided|Developmental and epileptic encephalopathy|Cognitive impairment with or without cerebellar ataxia,600702
SCN8A,Developmental and epileptic encephalopathy|Inborn genetic diseases|SCN8A-related disorder,600702
SCN8A,Developmental and epileptic encephalopathy|See cases,600702
SCN8A,Developmental and epileptic encephalopathy|Inborn genetic diseases|not provided,600702
SCN8A,Developmental and epileptic encephalopathy|not provided|not specified,600702
SCN8A,Developmental and epileptic encephalopathy|Complex neurodevelopmental disorder|Inborn genetic diseases,600702
SCN8A,Developmental and epileptic encephalopathy|not provided|Inborn genetic diseases|not specified,600702
SCN8A,"Developmental and epileptic encephalopathy|Developmental and epileptic encephalopathy, 13;Cognitive impairment with or without cerebellar ataxia;Seizures, benign familial infantile, 5|Inborn genetic diseases",600702
FOXG1,"Rett syndrome, congenital variant|not specified|not provided|FOXG1 disorder|Inborn genetic diseases",164874
CHD2,Developmental and epileptic encephalopathy 94|CHD2-related disorder|not provided,602119
TSC2,Tuberous sclerosis 2|Isolated focal cortical dysplasia type II|Hereditary cancer-predisposing syndrome,191092
TSC2,Tuberous sclerosis 2|Hereditary cancer-predisposing syndrome|Tuberous sclerosis syndrome|TSC2-related disorder|not provided,191092
TSC2,Tuberous sclerosis syndrome|not provided|Tuberous sclerosis 2|not specified|Hereditary cancer-predisposing syndrome,191092
TSC2,Tuberous sclerosis 2|Tuberous sclerosis 2;Isolated focal cortical dysplasia type II;Lymphangiomyomatosis|Hereditary cancer-predisposing syndrome|Tuberous sclerosis syndrome,191092
TSC2,Tuberous sclerosis 2|Lymphangiomyomatosis;Isolated focal cortical dysplasia type II;Tuberous sclerosis 2|Hereditary cancer-predisposing syndrome|not provided|TSC2-related disorder|not specified,191092
TSC2,Tuberous sclerosis 2|not provided|Isolated focal cortical dysplasia type II|Tuberous sclerosis syndrome|Hereditary cancer-predisposing syndrome|TSC2-related disorder|Tuberous sclerosis 2;Isolated focal cortical dysplasia type II;Lymphangiomyomatosis,191092
TSC2,Tuberous sclerosis 2|Hereditary cancer-predisposing syndrome|Tuberous sclerosis 2;Isolated focal cortical dysplasia type II;Lymphangiomyomatosis,191092
TSC2,Tuberous sclerosis 2|Hereditary cancer-predisposing syndrome|Tuberous sclerosis 2;Isolated focal cortical dysplasia type II;Lymphangiomyomatosis|Tuberous sclerosis syndrome,191092
TSC2,Tuberous sclerosis 2|Hereditary cancer-predisposing syndrome|not provided|Tuberous sclerosis 2;Isolated focal cortical dysplasia type II;Lymphangiomyomatosis,191092
TSC2,Tuberous sclerosis 2|Vascular dementia|Hereditary cancer-predisposing syndrome|Tuberous sclerosis syndrome,191092
TSC2,Tuberous sclerosis 2|Hereditary cancer-predisposing syndrome|Lymphangiomyomatosis;Isolated focal cortical dysplasia type II;Tuberous sclerosis 2|Tuberous sclerosis syndrome|TSC2-related disorder,191092
TSC2,Tuberous sclerosis 2|not provided|Hereditary cancer-predisposing syndrome|Lymphangiomyomatosis;Isolated focal cortical dysplasia type II;Tuberous sclerosis 2|Tuberous sclerosis syndrome,191092
TSC2,Tuberous sclerosis 2|TSC2-related disorder|Hereditary cancer-predisposing syndrome,191092
TSC2,Ovarian cancer|Tuberous sclerosis 2|Hereditary cancer-predisposing syndrome,191092
TSC2,Ovarian cancer|Tuberous sclerosis 2|Hereditary cancer-predisposing syndrome|not provided|Tuberous sclerosis syndrome|Isolated focal cortical dysplasia type II,191092
TSC2,Tuberous sclerosis 2|not provided|Hereditary cancer-predisposing syndrome|Tuberous sclerosis syndrome|Isolated focal cortical dysplasia type II;Lymphangiomyomatosis;Tuberous sclerosis 2,191092
TSC2,Tuberous sclerosis 2|not provided|Hereditary cancer-predisposing syndrome|Isolated focal cortical dysplasia type II,191092
TSC2,Tuberous sclerosis 2|not provided|Hereditary cancer-predisposing syndrome|Tuberous sclerosis 2;Isolated focal cortical dysplasia type II;Lymphangiomyomatosis|Tuberous sclerosis syndrome,191092
PRRT2,Episodic kinesigenic dyskinesia|not provided|PRRT2-related disorder,614386
TBC1D24,"Autosomal dominant nonsyndromic hearing loss 65;Caused by mutation in the TBC1 domain family, member 24;Developmental and epileptic encephalopathy, 1",613577
TSC2,Tuberous sclerosis 2|Lymphangiomyomatosis;Isolated focal cortical dysplasia type II;Tuberous sclerosis 2|Hereditary cancer-predisposing syndrome|not provided,191092
TSC2,Tuberous sclerosis 2|Hereditary cancer-predisposing syndrome|Tuberous sclerosis 2;Isolated focal cortical dysplasia type II;Lymphangiomyomatosis|not provided,191092
TSC2,Tuberous sclerosis 2|Hereditary cancer-predisposing syndrome|not provided|Tuberous sclerosis syndrome|TSC2-related disorder|Isolated focal cortical dysplasia type II,191092
TSC2,Hereditary cancer-predisposing syndrome|Tuberous sclerosis syndrome|Tuberous sclerosis 2|not provided|Lymphangiomyomatosis;Tuberous sclerosis 2;Isolated focal cortical dysplasia type II,191092
TSC2,Isolated focal cortical dysplasia type II|Tuberous sclerosis 2|Hereditary cancer-predisposing syndrome|Tuberous sclerosis syndrome|not provided,191092
TSC2,Tuberous sclerosis 2|Hereditary cancer-predisposing syndrome|TSC2-related disorder|Isolated focal cortical dysplasia type II|not provided,191092
TSC2,Tuberous sclerosis 2|Tuberous sclerosis 2;Isolated focal cortical dysplasia type II;Lymphangiomyomatosis|Hereditary cancer-predisposing syndrome,191092
TSC2,Tuberous sclerosis 2|Isolated focal cortical dysplasia type II|Tuberous sclerosis 2;Isolated focal cortical dysplasia type II;Lymphangiomyomatosis,191092
TSC2,Hereditary cancer-predisposing syndrome|not provided|Tuberous sclerosis syndrome|Tuberous sclerosis 2,191092
TSC2,Tuberous sclerosis 2|Tuberous sclerosis syndrome|TSC2-related disorder|Hereditary cancer-predisposing syndrome,191092
TSC2,Tuberous sclerosis 2|Hereditary cancer-predisposing syndrome|not provided|Isolated focal cortical dysplasia type II|Tuberous sclerosis syndrome|Tuberous sclerosis 2;Isolated focal cortical dysplasia type II;Lymphangiomyomatosis,191092
PRRT2,Episodic kinesigenic dyskinesia|Inborn genetic diseases|not provided|PRRT2-related disorder,614386
TSC2,Tuberous sclerosis 2|Tuberous sclerosis syndrome|Hereditary cancer-predisposing syndrome|Lymphangiomyomatosis;Tuberous sclerosis 2;Isolated focal cortical dysplasia type II,191092
NPRL3,"Epilepsy, familial focal, with variable foci 3|not provided|NPRL3-related disorder",600928
KCNQ2,"Developmental and epileptic encephalopathy|Developmental and epileptic encephalopathy, 7;Seizures, benign familial neonatal, 1|Inborn genetic diseases",602235
PLCB1,"Developmental and epileptic encephalopathy, 12|not provided",607120
KCNQ2,Developmental and epileptic encephalopathy|KCNQ2-related disorder|not provided|Inborn genetic diseases,602235
DEPDC5,Familial focal epilepsy with variable foci|not provided|Melanoma,614191
DEPDC5,"Familial focal epilepsy with variable foci|Epilepsy, familial focal, with variable foci 1|Seizure",614191
DEPDC5,"Epilepsy, familial focal, with variable foci 1|not provided|Familial focal epilepsy with variable foci|DEPDC5-related disorder|Inborn genetic diseases|not specified",614191
DEPDC5,Familial focal epilepsy with variable foci|Hepatocellular carcinoma,614191
DEPDC5,"Epilepsy, familial focal, with variable foci 1|Familial focal epilepsy with variable foci|Inborn genetic diseases",614191
MECP2,Severe neonatal-onset encephalopathy with microcephaly|Inborn genetic diseases|MECP2-related disorder,300005
CDKL5,"Angelman syndrome-like;Developmental and epileptic encephalopathy, 2|not provided|CDKL5-related disorder",300203
CDKL5,"Developmental and epileptic encephalopathy, 2;Angelman syndrome-like|not provided|Thyroid cancer, nonmedullary, 1|Hepatocellular carcinoma|Nonpapillary renal cell carcinoma",300203
ARX,"Developmental and epileptic encephalopathy, 1;Intellectual disability, X-linked, with or without seizures, ARX-related|Inborn genetic diseases",300382
MECP2,Severe neonatal-onset encephalopathy with microcephaly|X-linked intellectual disability-psychosis-macroorchidism syndrome|Rett syndrome,300005
DEPDC5,Familial focal epilepsy with variable foci|See cases|Inborn genetic diseases,614191
CDKL5,"Angelman syndrome-like;Developmental and epileptic encephalopathy, 2|CDKL5 disorder",300203
ARX,"Developmental and epileptic encephalopathy, 1;Intellectual disability, X-linked, with or without seizures, ARX-related|ARX-related disorder",300382
ARX,"Developmental and epileptic encephalopathy, 1;Intellectual disability, X-linked, with or without seizures, ARX-related|not specified",300382
MECP2,Severe neonatal-onset encephalopathy with microcephaly|Inborn genetic diseases,300005
CDKL5,"Angelman syndrome-like;Developmental and epileptic encephalopathy, 2|not specified",300203
ARX,"Intellectual disability, X-linked, with or without seizures, ARX-related;Developmental and epileptic encephalopathy, 1|Inborn genetic diseases|not provided",300382
KCNQ2,KCNQ2-related disorder,602235
SCN2A,Complex neurodevelopmental disorder|SCN2A-related disorder|not provided,182390
STXBP1,not provided|Developmental and epileptic encephalopathy|Infantile epilepsy syndrome,602926
TSC1,not provided|Malignant tumor of urinary bladder|Hereditary cancer-predisposing syndrome,605284
SLC2A1,"not provided|GLUT1 deficiency syndrome 1, autosomal recessive|Encephalopathy due to GLUT1 deficiency|Dystonia 9|Inborn genetic diseases|SLC2A1-related disorder",138140
GABRA1,"not provided|Idiopathic generalized epilepsy;Epilepsy, idiopathic generalized, susceptibility to, 13;Epilepsy, childhood absence 4|Inborn genetic diseases",137160
STXBP1,Infantile epilepsy syndrome|not provided,602926
SLC6A1,not provided|Inborn genetic diseases|SLC6A1-related disorder,137165
PCDH19,not provided|Inborn genetic diseases,300460
MECP2,History of neurodevelopmental disorder|Rett syndrome|Severe neonatal-onset encephalopathy with microcephaly|MECP2-related disorder,300005
CDKL5,"West syndrome|Thyroid cancer, nonmedullary, 1",300203
CDKL5,"West syndrome|Developmental and epileptic encephalopathy, 2;Angelman syndrome-like",300203
CDKL5,West syndrome,300203
SCN3A,not provided|SCN3A-related disorder|Inborn genetic diseases,182391
SCN8A,"Developmental and epileptic encephalopathy, 13;Seizures, benign familial infantile, 5|Developmental and epileptic encephalopathy|Inborn genetic diseases",600702
MECP2,Rett syndrome|Severe neonatal-onset encephalopathy with microcephaly|X-linked intellectual disability-psychosis-macroorchidism syndrome|not provided,300005
SCN9A,"Primary erythromelalgia|Channelopathy-associated congenital insensitivity to pain, autosomal recessive|Generalized epilepsy with febrile seizures plus, type 7|Febrile seizures, familial, 1|Paroxysmal extreme pain disorder|Generalized epilepsy with febrile seizures plus, type 7;Neuropathy, hereditary sensory and autonomic, type 2A|Inborn genetic diseases",603415
TSC2,Lymphangiomyomatosis|Tuberous sclerosis 2|Isolated focal cortical dysplasia type II,191092
SCN2A,"Developmental and epileptic encephalopathy, 11;Seizures, benign familial infantile, 3|Complex neurodevelopmental disorder",182390
SCN8A,"SCN8A-related epileptic disorder|Developmental and epileptic encephalopathy, 13",600702
SCN8A,SCN8A-related disorder,600702
SCN1A,Primary generalized epilepsy|Developmental and epileptic encephalopathy,182389
SCN1A,pharmacoresistant multifocal epilepsy|not provided|Developmental and epileptic encephalopathy,182389
SCN1A,Myoclonic epilepsy|Developmental and epileptic encephalopathy,182389
GABRG2,Seizure,137164
SCN8A,Bilateral tonic-clonic seizure,600702
TSC2,Tuberous sclerosis 2|Seizure,191092
PRRT2,Complex febrile seizure|Episodic kinesigenic dyskinesia,614386
PCDH19,Intractable status epilepticus,300460
PCDH19,Bilateral tonic-clonic seizure,300460
CDKL5,Infantile spasms,300203
CHD2,Developmental and epileptic encephalopathy 94|Complex neurodevelopmental disorder|not provided,602119
CDKL5,"Developmental and epileptic encephalopathy, 2|Angelman syndrome-like;Developmental and epileptic encephalopathy, 2",300203
SLC6A1,Intellectual disability|Epilepsy with myoclonic atonic seizures,137165
TSC2,Autism spectrum disorder;Tuberous sclerosis syndrome,191092
TSC2,not provided|TSC2-related disorder|Tuberous sclerosis 2,191092
SLC2A1,Encephalopathy due to GLUT1 deficiency|not specified,138140
SLC2A1,"Inborn genetic diseases|GLUT1 deficiency syndrome 1, autosomal recessive",138140
SLC2A1,"GLUT1 deficiency syndrome 1, autosomal recessive|not provided|Childhood onset GLUT1 deficiency syndrome 2|Epilepsy, idiopathic generalized, susceptibility to, 12|Hereditary cryohydrocytosis with reduced stomatin|Encephalopathy due to GLUT1 deficiency|Dystonia 9",138140
SLC2A1,"GLUT1 deficiency syndrome 1, autosomal recessive|Hereditary cryohydrocytosis with reduced stomatin|not provided|Encephalopathy due to GLUT1 deficiency|Childhood onset GLUT1 deficiency syndrome 2|Dystonia 9|Epilepsy, idiopathic generalized, susceptibility to, 12",138140
SCN1A,Developmental and epileptic encephalopathy|not provided|Lung cancer,182389
SCN2A,"Developmental and epileptic encephalopathy, 11;Seizures, benign familial infantile, 3|not provided",182390
SCN2A,"Developmental and epileptic encephalopathy, 11;Seizures, benign familial infantile, 3|Developmental and epileptic encephalopathy, 11",182390
SCN1A,"Developmental and epileptic encephalopathy|Severe myoclonic epilepsy in infancy;Developmental and epileptic encephalopathy 6B;Migraine, familial hemiplegic, 3;Generalized epilepsy with febrile seizures plus, type 2",182389
SCN9A,"Neuropathy, hereditary sensory and autonomic, type 2A;Generalized epilepsy with febrile seizures plus, type 7|not provided|SCN9A-related disorder|not specified",603415
SCN1A,Developmental and epileptic encephalopathy|Severe myoclonic epilepsy in infancy;Acute encephalopathy|not provided,182389
SCN9A,"Inborn genetic diseases|Neuropathy, hereditary sensory and autonomic, type 2A;Generalized epilepsy with febrile seizures plus, type 7|not provided",603415
SCN9A,"Neuropathy, hereditary sensory and autonomic, type 2A;Generalized epilepsy with febrile seizures plus, type 7|Primary erythromelalgia|Paroxysmal extreme pain disorder|Channelopathy-associated congenital insensitivity to pain, autosomal recessive|Inborn genetic diseases",603415
SCN9A,"Neuropathy, hereditary sensory and autonomic, type 2A;Generalized epilepsy with febrile seizures plus, type 7|Neuropathy, hereditary sensory and autonomic, type 2A;Paroxysmal extreme pain disorder;Channelopathy-associated congenital insensitivity to pain, autosomal recessive;Primary erythromelalgia|Inborn genetic diseases",603415
SLC6A1,Inborn genetic diseases|Epilepsy with myoclonic atonic seizures|not provided|not specified,137165
SCN1A,Developmental and epileptic encephalopathy|not provided|not specified,182389
SCN1A,Developmental and epileptic encephalopathy|Inborn genetic diseases|not provided,182389
SCN1A,"Developmental and epileptic encephalopathy|not provided|Generalized epilepsy with febrile seizures plus, type 2",182389
SCN1A,"Developmental and epileptic encephalopathy|Generalized epilepsy with febrile seizures plus, type 2|Migraine, familial hemiplegic, 3|not provided",182389
SCN1A,"Developmental and epileptic encephalopathy|Severe myoclonic epilepsy in infancy;Developmental and epileptic encephalopathy 6B;Migraine, familial hemiplegic, 3;Generalized epilepsy with febrile seizures plus, type 2|not provided",182389
SCN1A,"Developmental and epileptic encephalopathy|Generalized epilepsy with febrile seizures plus, type 2",182389
SCN9A,"Neuropathy, hereditary sensory and autonomic, type 2A;Generalized epilepsy with febrile seizures plus, type 7|Channelopathy-associated congenital insensitivity to pain, autosomal recessive|Inborn genetic diseases",603415
SCN9A,"Neuropathy, hereditary sensory and autonomic, type 2A;Generalized epilepsy with febrile seizures plus, type 7|Inborn genetic diseases|Channelopathy-associated congenital insensitivity to pain, autosomal recessive",603415
SCN9A,"Neuropathy, hereditary sensory and autonomic, type 2A;Generalized epilepsy with febrile seizures plus, type 7|Generalized epilepsy with febrile seizures plus, type 7|not provided",603415
SLC6A1,not provided|Epilepsy with myoclonic atonic seizures|SLC6A1-related disorder,137165
SCN2A,"Developmental and epileptic encephalopathy, 11;Seizures, benign familial infantile, 3|Inborn genetic diseases",182390
SCN1A,Developmental and epileptic encephalopathy|Epilepsy,182389
SCN1A,Developmental and epileptic encephalopathy|SCN1A-related disorder,182389
ALDH7A1,Pyridoxine-dependent epilepsy|Inborn genetic diseases|ALDH7A1-related disorder,107323
GABRG2,"Febrile seizures, familial, 8;EPILEPSY, CHILDHOOD ABSENCE, SUSCEPTIBILITY TO, 2|not provided",137164
GABRA1,"Idiopathic generalized epilepsy;Epilepsy, childhood absence 4;Epilepsy, idiopathic generalized, susceptibility to, 13",137160
KCNQ3,"Benign neonatal seizures|Inborn genetic diseases|Seizures, benign familial neonatal, 2",602232
STXBP1,"Developmental and epileptic encephalopathy|Developmental and epileptic encephalopathy, 4|Inborn genetic diseases",602926
TSC1,Tuberous sclerosis 1|not specified|Hereditary cancer-predisposing syndrome|not provided,605284
GABRA1,"Idiopathic generalized epilepsy;Epilepsy, idiopathic generalized, susceptibility to, 13;Epilepsy, childhood absence 4",137160
GABRA1,"Idiopathic generalized epilepsy;Epilepsy, idiopathic generalized, susceptibility to, 13;Epilepsy, childhood absence 4|Developmental and epileptic encephalopathy, 19",137160
GABRA1,"Idiopathic generalized epilepsy;Epilepsy, idiopathic generalized, susceptibility to, 13;Epilepsy, childhood absence 4|not provided",137160
GABRG2,"EPILEPSY, CHILDHOOD ABSENCE, SUSCEPTIBILITY TO, 2;Febrile seizures, familial, 8|not provided|Developmental and epileptic encephalopathy, 74;Febrile seizures, familial, 8|Febrile seizures, familial, 8",137164
GABRG2,"EPILEPSY, CHILDHOOD ABSENCE, SUSCEPTIBILITY TO, 2;Febrile seizures, familial, 8|EPILEPSY, CHILDHOOD ABSENCE, SUSCEPTIBILITY TO, 2|not provided",137164
TSC1,Tuberous sclerosis 1|Isolated focal cortical dysplasia type II|Hereditary cancer-predisposing syndrome,605284
TSC1,Tuberous sclerosis 1|Hereditary cancer-predisposing syndrome|Isolated focal cortical dysplasia type II|Tuberous sclerosis syndrome|Isolated focal cortical dysplasia type II;Lymphangiomyomatosis;Tuberous sclerosis 1,605284
GABRA1,"Epilepsy, idiopathic generalized, susceptibility to, 13;Epilepsy, childhood absence 4;Idiopathic generalized epilepsy|not provided|Inborn genetic diseases",137160
STXBP1,"Developmental and epileptic encephalopathy|Developmental and epileptic encephalopathy, 4|not specified",602926
SCN8A,"Developmental and epileptic encephalopathy|Seizures, benign familial infantile, 5",600702
TSC1,Tuberous sclerosis 1|not provided|Isolated focal cortical dysplasia type II|Tuberous sclerosis syndrome,605284
TSC1,Tuberous sclerosis 1|Lymphangiomyomatosis;Tuberous sclerosis 1;Isolated focal cortical dysplasia type II,605284
FOXG1,"Rett syndrome, congenital variant|Inborn genetic diseases",164874
SCN8A,Developmental and epileptic encephalopathy|Cognitive impairment with or without cerebellar ataxia,600702
NPRL3,"Epilepsy, familial focal, with variable foci 3|not provided|Seizure",600928
TSC2,Tuberous sclerosis 2|Neoplasm;Cortical tubers|Hereditary cancer-predisposing syndrome|not provided|Tuberous sclerosis syndrome,191092
TSC2,Tuberous sclerosis 2|not provided|Tuberous sclerosis syndrome|Tuberous sclerosis 2;Isolated focal cortical dysplasia type II;Lymphangiomyomatosis|Hereditary cancer-predisposing syndrome,191092
TSC2,not provided|Tuberous sclerosis 2|Hereditary cancer-predisposing syndrome|not specified|Tuberous sclerosis syndrome|Vesicoureteral reflux 8,191092
TSC2,Tuberous sclerosis 2|Isolated focal cortical dysplasia type II;Lymphangiomyomatosis;Tuberous sclerosis 2|Hereditary cancer-predisposing syndrome,191092
FOXG1,"Rett syndrome, congenital variant|Neurodevelopmental disorder",164874
TBC1D24,"Developmental and epileptic encephalopathy, 1;Autosomal dominant nonsyndromic hearing loss 65;Caused by mutation in the TBC1 domain family, member 24|Nonpapillary renal cell carcinoma|not specified|Tremor;Seizure;Nystagmus;Dysarthria;Myoclonus|TBC1D24-related disorder|not provided",613577
TSC1,Tuberous sclerosis 1|Hereditary cancer-predisposing syndrome|Tuberous sclerosis syndrome|Lymphangiomyomatosis;Tuberous sclerosis 1;Isolated focal cortical dysplasia type II,605284
TSC1,Tuberous sclerosis 1|Isolated focal cortical dysplasia type II|Hereditary cancer-predisposing syndrome|not provided,605284
NPRL3,"Intellectual disability|Epilepsy, familial focal, with variable foci 3|not provided",600928
TSC2,Tuberous sclerosis 2|Isolated focal cortical dysplasia type II;Lymphangiomyomatosis;Tuberous sclerosis 2|Hereditary cancer-predisposing syndrome|not provided,191092
TSC2,Tuberous sclerosis 2|not provided|Isolated focal cortical dysplasia type II|Hereditary cancer-predisposing syndrome,191092
TSC2,Tuberous sclerosis 2|not provided|Isolated focal cortical dysplasia type II;Lymphangiomyomatosis;Tuberous sclerosis 2|Tuberous sclerosis syndrome|Hereditary cancer-predisposing syndrome,191092
TSC2,Tuberous sclerosis 2|Hereditary cancer-predisposing syndrome|Tuberous sclerosis syndrome|Tuberous sclerosis 2;Isolated focal cortical dysplasia type II;Lymphangiomyomatosis,191092
NPRL3,"Seizure|Epilepsy, familial focal, with variable foci 3",600928
TSC2,Tuberous sclerosis 2|Hereditary cancer-predisposing syndrome|not provided|Tuberous sclerosis syndrome|Isolated focal cortical dysplasia type II,191092
TBC1D24,"Autosomal dominant nonsyndromic hearing loss 65;Developmental and epileptic encephalopathy, 1;Caused by mutation in the TBC1 domain family, member 24|not provided",613577
TSC2,Tuberous sclerosis 2|Isolated focal cortical dysplasia type II|not provided|Hereditary cancer-predisposing syndrome,191092
TSC2,Tuberous sclerosis 2|Isolated focal cortical dysplasia type II|Tuberous sclerosis syndrome|Hereditary cancer-predisposing syndrome,191092
TSC2,Tuberous sclerosis 2|Hereditary cancer-predisposing syndrome|not provided|Isolated focal cortical dysplasia type II;Lymphangiomyomatosis;Tuberous sclerosis 2,191092
TSC2,Tuberous sclerosis 2|Hereditary cancer-predisposing syndrome|Isolated focal cortical dysplasia type II;Lymphangiomyomatosis;Tuberous sclerosis 2,191092
TSC2,6 conditions|Tuberous sclerosis 2|Hereditary cancer-predisposing syndrome,191092
TSC2,Tuberous sclerosis 2|Hereditary cancer-predisposing syndrome|not specified|Tuberous sclerosis 2;Isolated focal cortical dysplasia type II;Lymphangiomyomatosis|not provided,191092
PRRT2,Episodic kinesigenic dyskinesia|Inborn genetic diseases,614386
KCNQ2,Developmental and epileptic encephalopathy|Inborn genetic diseases|KCNQ2-related disorder,602235
SCN8A,"Developmental and epileptic encephalopathy|Developmental and epileptic encephalopathy, 13;Seizures, benign familial infantile, 5;Myoclonus, familial, 2",600702
SCN8A,"Developmental and epileptic encephalopathy|Developmental and epileptic encephalopathy, 13;Seizures, benign familial infantile, 5;Cognitive impairment with or without cerebellar ataxia|Inborn genetic diseases|Developmental and epileptic encephalopathy, 13;Seizures, benign familial infantile, 5;Cognitive impairment with or without cerebellar ataxia;Myoclonus, familial, 2",600702
CDKL5,"Developmental and epileptic encephalopathy, 2;Angelman syndrome-like|CDKL5 disorder|Thyroid cancer, nonmedullary, 1",300203
KCNQ2,Developmental and epileptic encephalopathy|Inborn genetic diseases|not specified,602235
KCNQ2,"Developmental and epileptic encephalopathy|Developmental and epileptic encephalopathy, 7|Seizures, benign familial neonatal, 1",602235
ARX,"Developmental and epileptic encephalopathy, 1;Intellectual disability, X-linked, with or without seizures, ARX-related|Partington syndrome;Developmental and epileptic encephalopathy, 1;Intellectual disability, X-linked, with or without seizures, ARX-related;Corpus callosum agenesis-abnormal genitalia syndrome;X-linked lissencephaly with abnormal genitalia|not specified|not provided",300382
TSC2,Tuberous sclerosis 2|Hereditary cancer-predisposing syndrome|Tuberous sclerosis syndrome|not provided|Lymphangiomyomatosis;Isolated focal cortical dysplasia type II;Tuberous sclerosis 2,191092
TSC2,Tuberous sclerosis 2|Hereditary cancer-predisposing syndrome|Isolated focal cortical dysplasia type II|Tuberous sclerosis syndrome|Isolated focal cortical dysplasia type II;Lymphangiomyomatosis;Tuberous sclerosis 2,191092
TSC2,Tuberous sclerosis 2|Hereditary cancer-predisposing syndrome|Isolated focal cortical dysplasia type II;Tuberous sclerosis 2;Lymphangiomyomatosis|Ovarian serous cystadenocarcinoma|not provided|TSC2-related disorder,191092
TSC2,Tuberous sclerosis 2|Hereditary cancer-predisposing syndrome|Isolated focal cortical dysplasia type II|Tuberous sclerosis 2;Lymphangiomyomatosis;Isolated focal cortical dysplasia type II,191092
TSC2,Tuberous sclerosis 2|Lymphangiomyomatosis;Isolated focal cortical dysplasia type II;Tuberous sclerosis 2|not provided|TSC2-related disorder|Hereditary cancer-predisposing syndrome,191092
TSC2,Tuberous sclerosis 2|Hereditary cancer-predisposing syndrome|Isolated focal cortical dysplasia type II;Lymphangiomyomatosis;Tuberous sclerosis 2|not provided|Isolated focal cortical dysplasia type II,191092
TSC2,Tuberous sclerosis 2|not provided|Isolated focal cortical dysplasia type II;Lymphangiomyomatosis;Tuberous sclerosis 2|Hereditary cancer-predisposing syndrome|Tuberous sclerosis syndrome,191092
TBC1D24,"Developmental and epileptic encephalopathy, 1;Autosomal dominant nonsyndromic hearing loss 65;Caused by mutation in the TBC1 domain family, member 24|Inborn genetic diseases|not provided",613577
PRRT2,"Episodic kinesigenic dyskinesia|Seizures, benign familial infantile, 2;Episodic kinesigenic dyskinesia 1;Infantile convulsions and choreoathetosis|Inborn genetic diseases|not specified",614386
DEPDC5,"Familial focal epilepsy with variable foci|Epilepsy, familial focal, with variable foci 1|Inborn genetic diseases",614191
DEPDC5,Familial focal epilepsy with variable foci|Inborn genetic diseases|Acute myeloid leukemia|not provided,614191
DEPDC5,"Familial focal epilepsy with variable foci|Inborn genetic diseases|not provided|Epilepsy, familial focal, with variable foci 1",614191
MECP2,Severe neonatal-onset encephalopathy with microcephaly|not provided|Inborn genetic diseases,300005
KCNQ2,"Developmental and epileptic encephalopathy|not provided|Seizures, benign familial neonatal, 1|Inborn genetic diseases",602235
DEPDC5,"Familial focal epilepsy with variable foci|not provided|Epilepsy, familial focal, with variable foci 1|Seizure",614191
SCN3A,"not provided|Epilepsy, familial focal, with variable foci 4|Developmental and epileptic encephalopathy, 62|not specified",182391
SCN3A,"not provided|Developmental and epileptic encephalopathy, 62|Epilepsy, familial focal, with variable foci 4|not specified",182391
GABRG2,"not provided|EPILEPSY, CHILDHOOD ABSENCE, SUSCEPTIBILITY TO, 2|Developmental and epileptic encephalopathy, 74|not specified",137164
TBC1D24,Autosomal dominant nonsyndromic hearing loss 65|Autosomal recessive nonsyndromic hearing loss 86,613577
SLC2A1,"GLUT1 deficiency syndrome 1, autosomal recessive|not provided|Inborn genetic diseases|Hereditary cryohydrocytosis with reduced stomatin|Encephalopathy due to GLUT1 deficiency|Childhood onset GLUT1 deficiency syndrome 2|Dystonia 9|Epilepsy, idiopathic generalized, susceptibility to, 12",138140
SLC2A1,"GLUT1 deficiency syndrome 1, autosomal recessive|Inborn genetic diseases|Childhood onset GLUT1 deficiency syndrome 2|Dystonia 9|Epilepsy, idiopathic generalized, susceptibility to, 12|Hereditary cryohydrocytosis with reduced stomatin|Encephalopathy due to GLUT1 deficiency",138140
SLC2A1,"Inborn genetic diseases|SLC2A1-related disorder|GLUT1 deficiency syndrome 1, autosomal recessive",138140
SLC2A1,"GLUT1 deficiency syndrome 1, autosomal recessive|Childhood onset GLUT1 deficiency syndrome 2|Epilepsy, idiopathic generalized, susceptibility to, 12|Inborn genetic diseases|Hereditary cryohydrocytosis with reduced stomatin|Encephalopathy due to GLUT1 deficiency|Dystonia 9|not provided",138140
SCN2A,"Inborn genetic diseases|Developmental and epileptic encephalopathy, 11;Seizures, benign familial infantile, 3",182390
SCN1A,Inborn genetic diseases|Developmental and epileptic encephalopathy,182389
SCN2A,"Inborn genetic diseases|Seizures, benign familial infantile, 3;Developmental and epileptic encephalopathy, 11",182390
SCN2A,"Seizures, benign familial infantile, 3;Developmental and epileptic encephalopathy, 11|not provided|Developmental and epileptic encephalopathy, 11|Inborn genetic diseases|Seizures, benign familial infantile, 3;Developmental and epileptic encephalopathy, 11;Episodic ataxia, type 9",182390
SCN2A,"Inborn genetic diseases|Developmental and epileptic encephalopathy, 11;Seizures, benign familial infantile, 3|not provided|Developmental and epileptic encephalopathy, 11|SCN2A-related disorder",182390
SCN1A,Developmental and epileptic encephalopathy|Inborn genetic diseases|Developmental and epileptic encephalopathy 6B,182389
SCN1A,Inborn genetic diseases|Developmental and epileptic encephalopathy|Developmental and epileptic encephalopathy 6B,182389
SCN2A,"Developmental and epileptic encephalopathy, 11;Seizures, benign familial infantile, 3|Inborn genetic diseases|Seizures, benign familial infantile, 3",182390
SCN2A,"Inborn genetic diseases|not specified|Developmental and epileptic encephalopathy, 11;Seizures, benign familial infantile, 3",182390
ALDH7A1,Inborn genetic diseases|Pyridoxine-dependent epilepsy,107323
GABRA1,"Idiopathic generalized epilepsy;Epilepsy, childhood absence 4;Epilepsy, idiopathic generalized, susceptibility to, 13|Inborn genetic diseases",137160
GABRG2,"EPILEPSY, CHILDHOOD ABSENCE, SUSCEPTIBILITY TO, 2;Febrile seizures, familial, 8|not provided|Inborn genetic diseases",137164
SLC6A1,Inborn genetic diseases|Epilepsy with myoclonic atonic seizures|not provided,137165
SLC6A1,Epilepsy with myoclonic atonic seizures|Inborn genetic diseases|not provided,137165
SLC6A1,Epilepsy with myoclonic atonic seizures|Inborn genetic diseases,137165
ALDH7A1,Pyridoxine-dependent epilepsy|Inborn genetic diseases|not specified,107323
GABRA1,"not provided|Inborn genetic diseases|Epilepsy, idiopathic generalized, susceptibility to, 13;Epilepsy, childhood absence 4;Idiopathic generalized epilepsy",137160
GABRG2,"not provided|EPILEPSY, CHILDHOOD ABSENCE, SUSCEPTIBILITY TO, 2;Febrile seizures, familial, 8|EPILEPSY, CHILDHOOD ABSENCE, SUSCEPTIBILITY TO, 2|Inborn genetic diseases",137164
GABRA1,"Inborn genetic diseases|Idiopathic generalized epilepsy;Epilepsy, childhood absence 4;Epilepsy, idiopathic generalized, susceptibility to, 13",137160
KCNQ3,"Inborn genetic diseases|Seizures, benign familial neonatal, 2|Benign neonatal seizures",602232
STXBP1,Inborn genetic diseases|Developmental and epileptic encephalopathy,602926
SCN8A,Developmental and epileptic encephalopathy|Inborn genetic diseases|not provided|not specified,600702
SCN8A,Inborn genetic diseases|Developmental and epileptic encephalopathy,600702
TBC1D24,"Inborn genetic diseases|Developmental and epileptic encephalopathy, 1;Caused by mutation in the TBC1 domain family, member 24;Autosomal dominant nonsyndromic hearing loss 65",613577
TBC1D24,"Developmental and epileptic encephalopathy, 1;Caused by mutation in the TBC1 domain family, member 24;Autosomal dominant nonsyndromic hearing loss 65|Inborn genetic diseases",613577
TBC1D24,"Inborn genetic diseases|Developmental and epileptic encephalopathy, 1;Caused by mutation in the TBC1 domain family, member 24;Autosomal dominant nonsyndromic hearing loss 65|not provided",613577
PRRT2,Inborn genetic diseases|Episodic kinesigenic dyskinesia,614386
FOXG1,not provided|Inborn genetic diseases,164874
CHD2,Developmental and epileptic encephalopathy 94|Inborn genetic diseases|Intellectual disability,602119
KCNQ2,"Inborn genetic diseases|not provided|Developmental and epileptic encephalopathy, 7",602235
PLCB1,"Inborn genetic diseases|Developmental and epileptic encephalopathy, 12",607120
DEPDC5,Inborn genetic diseases|not provided,614191
DEPDC5,Inborn genetic diseases,614191
PLCB1,Inborn genetic diseases,607120
DEPDC5,Inborn genetic diseases|DEPDC5-related disorder,614191
MECP2,Severe neonatal-onset encephalopathy with microcephaly|Inborn genetic diseases|not specified|Rett syndrome,300005
PCDH19,"Inborn genetic diseases|Developmental and epileptic encephalopathy, 9",300460
PCDH19,"Developmental and epileptic encephalopathy, 9|Inborn genetic diseases|Seizure",300460
PCDH19,Inborn genetic diseases|Intellectual disability,300460
CDKL5,"Angelman syndrome-like;Developmental and epileptic encephalopathy, 2|Inborn genetic diseases|CDKL5 disorder",300203
ARX,"Intellectual disability, X-linked, with or without seizures, ARX-related;Developmental and epileptic encephalopathy, 1|Inborn genetic diseases|ARX-related disorder",300382
MECP2,"History of neurodevelopmental disorder|Severe neonatal-onset encephalopathy with microcephaly|Rett syndrome|Severe neonatal-onset encephalopathy with microcephaly;Syndromic X-linked intellectual disability Lubs type;Autism, susceptibility to, X-linked 3;X-linked intellectual disability-psychosis-macroorchidism syndrome;Rett syndrome",300005
MECP2,Inborn genetic diseases|not provided,300005
CDKL5,"History of neurodevelopmental disorder|Angelman syndrome-like;Developmental and epileptic encephalopathy, 2|not provided|CDKL5-related disorder",300203
ARX,"Inborn genetic diseases|Developmental and epileptic encephalopathy, 1;Intellectual disability, X-linked, with or without seizures, ARX-related;X-linked lissencephaly with abnormal genitalia;Corpus callosum agenesis-abnormal genitalia syndrome;Partington syndrome|Developmental and epileptic encephalopathy, 1;Intellectual disability, X-linked, with or without seizures, ARX-related",300382
ARX,"Developmental and epileptic encephalopathy, 1;Intellectual disability, X-linked, with or without seizures, ARX-related|Inborn genetic diseases|Intellectual disability, X-linked, with or without seizures, ARX-related",300382
ARX,"Developmental and epileptic encephalopathy, 1;Intellectual disability, X-linked, with or without seizures, ARX-related|Inborn genetic diseases|not specified",300382
ARX,History of neurodevelopmental disorder,300382
ARX,"Inborn genetic diseases|Developmental and epileptic encephalopathy, 1;Intellectual disability, X-linked, with or without seizures, ARX-related",300382
MECP2,Inborn genetic diseases|Rett syndrome,300005
MECP2,"not provided|Severe neonatal-onset encephalopathy with microcephaly|Inborn genetic diseases|Severe neonatal-onset encephalopathy with microcephaly;Syndromic X-linked intellectual disability Lubs type;Autism, susceptibility to, X-linked 3;X-linked intellectual disability-psychosis-macroorchidism syndrome;Rett syndrome|MECP2-related disorder",300005
CDKL5,"History of neurodevelopmental disorder|Angelman syndrome-like;Developmental and epileptic encephalopathy, 2",300203
ARX,"Developmental and epileptic encephalopathy, 1|Developmental and epileptic encephalopathy, 1;Intellectual disability, X-linked, with or without seizures, ARX-related|Inborn genetic diseases|not provided",300382
DEPDC5,"Epilepsy, familial focal, with variable foci 1|not provided|See cases|Familial focal epilepsy with variable foci|Inborn genetic diseases",614191
TBC1D24,not provided|TBC1D24-related disorder,613577
CDKL5,"not provided|Angelman syndrome-like;Developmental and epileptic encephalopathy, 2|Thyroid cancer, nonmedullary, 1",300203
SLC2A1,"not provided|GLUT1 deficiency syndrome 1, autosomal recessive|Hereditary cryohydrocytosis with reduced stomatin|Childhood onset GLUT1 deficiency syndrome 2|Epilepsy, idiopathic generalized, susceptibility to, 12|Encephalopathy due to GLUT1 deficiency|Dystonia 9|Inborn genetic diseases",138140
SLC2A1,"not provided|Inborn genetic diseases|Epilepsy, idiopathic generalized, susceptibility to, 12|Hereditary cryohydrocytosis with reduced stomatin|Encephalopathy due to GLUT1 deficiency|Childhood onset GLUT1 deficiency syndrome 2|GLUT1 deficiency syndrome 1, autosomal recessive|Dystonia 9",138140
TSC2,Tuberous sclerosis syndrome|Tuberous sclerosis 2|not provided|Hereditary cancer-predisposing syndrome|Tuberous sclerosis 2;Isolated focal cortical dysplasia type II;Lymphangiomyomatosis,191092
SCN3A,"not provided|Epilepsy, focal, SCN3A related",182391
ARX,"Intellectual disability, X-linked, with or without seizures, ARX-related|Ventriculomegaly",300382
SLC2A1,"Hereditary cryohydrocytosis with reduced stomatin;Dystonia 9;Encephalopathy due to GLUT1 deficiency;Childhood onset GLUT1 deficiency syndrome 2;Epilepsy, idiopathic generalized, susceptibility to, 12",138140
CDKL5,Nicolaides-Baraitser syndrome,300203
SCN2A,"Developmental and epileptic encephalopathy, 11|Developmental and epileptic encephalopathy, 11;Seizures, benign familial infantile, 3|Complex neurodevelopmental disorder|not provided",182390
SCN1A,"not provided|Severe myoclonic epilepsy in infancy;Developmental and epileptic encephalopathy 6B;Migraine, familial hemiplegic, 3;Generalized epilepsy with febrile seizures plus, type 2|Developmental and epileptic encephalopathy",182389
GABRG2,"not provided|EPILEPSY, CHILDHOOD ABSENCE, SUSCEPTIBILITY TO, 2;Febrile seizures, familial, 8|Inborn genetic diseases|Febrile seizures, familial, 8",137164
TSC1,Acute myeloid leukemia|Tuberous sclerosis 1|Hereditary cancer-predisposing syndrome,605284
TSC1,Neuroblastoma,605284
SCN8A,"Myoclonus, familial, 2|Complex neurodevelopmental disorder",600702
SLC2A1,"not provided|GLUT1 deficiency syndrome 1, autosomal recessive|Epilepsy, idiopathic generalized, susceptibility to, 12",138140
SCN3A,"not provided|Developmental and epileptic encephalopathy, 62|Epilepsy, familial focal, with variable foci 4",182391
SCN8A,COGNITIVE IMPAIRMENT WITHOUT CEREBELLAR ATAXIA|Developmental and epileptic encephalopathy|not provided,600702
SLC2A1,Intellectual disability|not provided,138140
GABRA1,"Sensorineural hearing loss disorder;Intellectual disability;Seizure|Idiopathic generalized epilepsy;Epilepsy, idiopathic generalized, susceptibility to, 13;Epilepsy, childhood absence 4|not provided",137160
SLC2A1,"Encephalopathy due to GLUT1 deficiency;Childhood onset GLUT1 deficiency syndrome 2;Hereditary cryohydrocytosis with reduced stomatin;Epilepsy, idiopathic generalized, susceptibility to, 12;Dystonia 9|GLUT1 deficiency syndrome 1, autosomal recessive",138140
SLC2A1,"Encephalopathy due to GLUT1 deficiency;Childhood onset GLUT1 deficiency syndrome 2;Hereditary cryohydrocytosis with reduced stomatin;Epilepsy, idiopathic generalized, susceptibility to, 12;Dystonia 9",138140
SCN2A,"Developmental and epileptic encephalopathy, 11;Seizures, benign familial infantile, 3|not provided|Developmental and epileptic encephalopathy, 11;Episodic ataxia, type 9;Seizures, benign familial infantile, 3",182390
SCN2A,"Developmental and epileptic encephalopathy, 11;Seizures, benign familial infantile, 3|Developmental and epileptic encephalopathy, 11;Episodic ataxia, type 9;Seizures, benign familial infantile, 3",182390
SCN1A,"Severe myoclonic epilepsy in infancy;Migraine, familial hemiplegic, 3;Generalized epilepsy with febrile seizures plus, type 2|not provided|Developmental and epileptic encephalopathy|Generalized epilepsy with febrile seizures plus, type 2|Severe myoclonic epilepsy in infancy;Developmental and epileptic encephalopathy 6B;Migraine, familial hemiplegic, 3;Generalized epilepsy with febrile seizures plus, type 2|SCN1A-related disorder",182389
SCN9A,"Primary erythromelalgia;Paroxysmal extreme pain disorder;Channelopathy-associated congenital insensitivity to pain, autosomal recessive|Severe myoclonic epilepsy in infancy;Primary erythromelalgia;Generalized epilepsy with febrile seizures plus, type 7;Paroxysmal extreme pain disorder;Channelopathy-associated congenital insensitivity to pain, autosomal recessive",603415
GABRA1,"Developmental and epileptic encephalopathy, 19;Epilepsy, idiopathic generalized, susceptibility to, 13|Idiopathic generalized epilepsy;Epilepsy, idiopathic generalized, susceptibility to, 13;Epilepsy, childhood absence 4",137160
GABRG2,"EPILEPSY, CHILDHOOD ABSENCE, SUSCEPTIBILITY TO, 2;Febrile seizures, familial, 8|Developmental and epileptic encephalopathy, 74;Febrile seizures, familial, 8",137164
KCNQ3,"Seizures, benign familial neonatal, 2|Benign neonatal seizures|KCNQ3-related disorder",602232
TSC1,Lymphangiomyomatosis;Tuberous sclerosis 1;Isolated focal cortical dysplasia type II,605284
SCN8A,"Seizures, benign familial infantile, 5;Cognitive impairment with or without cerebellar ataxia;Developmental and epileptic encephalopathy, 13|Inborn genetic diseases|Myoclonus, familial, 2;Seizures, benign familial infantile, 5;Cognitive impairment with or without cerebellar ataxia;Developmental and epileptic encephalopathy, 13|Developmental and epileptic encephalopathy",600702
TSC2,Lymphangiomyomatosis;Isolated focal cortical dysplasia type II;Tuberous sclerosis 2|Tuberous sclerosis 2,191092
TSC2,Lymphangiomyomatosis;Isolated focal cortical dysplasia type II;Tuberous sclerosis 2|not provided|Tuberous sclerosis 2,191092
TSC2,Lymphangiomyomatosis;Isolated focal cortical dysplasia type II;Tuberous sclerosis 2,191092
TSC2,Lymphangiomyomatosis;Isolated focal cortical dysplasia type II;Tuberous sclerosis 2|Tuberous sclerosis 2|Hereditary cancer-predisposing syndrome|Tuberous sclerosis syndrome,191092
TSC2,Lymphangiomyomatosis;Isolated focal cortical dysplasia type II;Tuberous sclerosis 2|Tuberous sclerosis 2|Hereditary cancer-predisposing syndrome,191092
TBC1D24,"Developmental and epileptic encephalopathy, 16;Autosomal recessive nonsyndromic hearing loss 86;Autosomal dominant nonsyndromic hearing loss 65;DOORS syndrome;Familial infantile myoclonic epilepsy|not provided|Caused by mutation in the TBC1 domain family, member 24;Autosomal dominant nonsyndromic hearing loss 65;Developmental and epileptic encephalopathy, 1|6 conditions",613577
PRRT2,"Seizures, benign familial infantile, 2;Infantile convulsions and choreoathetosis;Episodic kinesigenic dyskinesia 1",614386
KCNQ2,"Seizures, benign familial neonatal, 1;Developmental and epileptic encephalopathy, 7|Developmental and epileptic encephalopathy",602235
PCDH19,"Developmental and epileptic encephalopathy, 9|Seizure",300460
MECP2,"Syndromic X-linked intellectual disability Lubs type;Rett syndrome;Severe neonatal-onset encephalopathy with microcephaly;X-linked intellectual disability-psychosis-macroorchidism syndrome;Autism, susceptibility to, X-linked 3|Severe neonatal-onset encephalopathy with microcephaly",300005
SCN1A,"Generalized epilepsy with febrile seizures plus, type 2|Severe myoclonic epilepsy in infancy|Developmental and epileptic encephalopathy",182389
TSC2,Tuberous sclerosis 1,191092
SLC2A1,"GLUT1 deficiency syndrome|Encephalopathy due to GLUT1 deficiency|GLUT1 deficiency syndrome 1, autosomal recessive|not provided",138140
TBC1D24,Autosomal recessive nonsyndromic hearing loss 86|Inborn genetic diseases,613577
SCN1A,Autosomal dominant epilepsy,182389
KCNQ3,Seizure,602232
PRRT2,Seizure|Inborn genetic diseases|Episodic kinesigenic dyskinesia,614386
STXBP1,Intellectual disability;Spasticity,602926
SCN9A,"Generalized epilepsy with febrile seizures plus, type 7|Neuropathy, hereditary sensory and autonomic, type 2A;Generalized epilepsy with febrile seizures plus, type 7",603415
SCN1A,Epilepsy,182389
SCN9A,"Inborn genetic diseases|Generalized epilepsy with febrile seizures plus, type 7;Neuropathy, hereditary sensory and autonomic, type 2A|Epilepsy",603415
SCN9A,"Generalized epilepsy with febrile seizures plus, type 7;Neuropathy, hereditary sensory and autonomic, type 2A|Charcot-Marie-Tooth disease|not specified",603415
SCN1A,"Developmental and epileptic encephalopathy, 1|Generalized epilepsy with febrile seizures plus, type 1|Developmental and epileptic encephalopathy|not provided",182389
ARX,ARX-associated condition,300382
SLC2A1,"GLUT1 deficiency syndrome 1, autosomal recessive|Encephalopathy due to GLUT1 deficiency|Epilepsy, idiopathic generalized, susceptibility to, 12|Dystonia 9|Hereditary cryohydrocytosis with reduced stomatin|Childhood onset GLUT1 deficiency syndrome 2",138140
SLC2A1,"GLUT1 deficiency syndrome 1, autosomal recessive|Dystonia 9|Epilepsy, idiopathic generalized, susceptibility to, 12|Encephalopathy due to GLUT1 deficiency|Hereditary cryohydrocytosis with reduced stomatin|Childhood onset GLUT1 deficiency syndrome 2",138140
SLC2A1,"GLUT1 deficiency syndrome 1, autosomal recessive|Inborn genetic diseases|Hereditary cryohydrocytosis with reduced stomatin|Encephalopathy due to GLUT1 deficiency|not provided|Childhood onset GLUT1 deficiency syndrome 2|Dystonia 9|Epilepsy, idiopathic generalized, susceptibility to, 12",138140
SLC2A1,"GLUT1 deficiency syndrome 1, autosomal recessive|not provided|Encephalopathy due to GLUT1 deficiency|Dystonia 9;Epilepsy, idiopathic generalized, susceptibility to, 12;Encephalopathy due to GLUT1 deficiency;Childhood onset GLUT1 deficiency syndrome 2;Hereditary cryohydrocytosis with reduced stomatin|Seizure|Childhood onset GLUT1 deficiency syndrome 2",138140
SLC2A1,"GLUT1 deficiency syndrome 1, autosomal recessive|Hereditary cryohydrocytosis with reduced stomatin|Inborn genetic diseases|not provided|not specified|Encephalopathy due to GLUT1 deficiency|Childhood onset GLUT1 deficiency syndrome 2|Dystonia 9|Epilepsy, idiopathic generalized, susceptibility to, 12",138140
SLC2A1,"GLUT1 deficiency syndrome 1, autosomal recessive|not provided|Encephalopathy due to GLUT1 deficiency|Dystonia 9|Inborn genetic diseases|Childhood onset GLUT1 deficiency syndrome 2|Epilepsy, idiopathic generalized, susceptibility to, 12|Hereditary cryohydrocytosis with reduced stomatin",138140
SCN3A,"not provided|Developmental and epileptic encephalopathy, 62",182391
SCN3A,not provided|See cases,182391
SCN3A,"not provided|Epilepsy, focal, SCN3A related;Developmental and epileptic encephalopathy, 62",182391
SCN3A,not provided|SCN3A-related neurodevelopmental disorder,182391
SCN3A,not provided|Inborn genetic diseases|SCN3A-related disorder,182391
SCN3A,"not provided|Epilepsy, familial focal, with variable foci 4;Developmental and epileptic encephalopathy, 62",182391
SCN2A,"Developmental and epileptic encephalopathy, 11;Seizures, benign familial infantile, 3|Seizures, benign familial infantile, 3|Inborn genetic diseases|not provided",182390
SCN2A,"Developmental and epileptic encephalopathy, 11;Seizures, benign familial infantile, 3|Developmental and epileptic encephalopathy, 11|Complex neurodevelopmental disorder|Developmental and epileptic encephalopathy",182390
SCN1A,Developmental and epileptic encephalopathy|Inborn genetic diseases|Severe myoclonic epilepsy in infancy,182389
SCN1A,Developmental and epileptic encephalopathy|See cases|not provided,182389
SCN1A,"Developmental and epileptic encephalopathy|Inborn genetic diseases|Generalized epilepsy with febrile seizures plus, type 2|not provided|SCN1A-related disorder",182389
SCN1A,"Developmental and epileptic encephalopathy|Inborn genetic diseases|Severe myoclonic epilepsy in infancy;Generalized epilepsy with febrile seizures plus, type 2",182389
SCN1A,Developmental and epileptic encephalopathy|Inborn genetic diseases|Generalized epilepsy with febrile seizures plus,182389
SCN1A,Developmental and epileptic encephalopathy|Seizure,182389
SCN9A,"Generalized epilepsy with febrile seizures plus, type 7;Neuropathy, hereditary sensory and autonomic, type 2A|Paroxysmal extreme pain disorder|Primary erythromelalgia|Channelopathy-associated congenital insensitivity to pain, autosomal recessive|not provided|Inborn genetic diseases|not specified",603415
SCN9A,"Generalized epilepsy with febrile seizures plus, type 7;Neuropathy, hereditary sensory and autonomic, type 2A|Generalized epilepsy with febrile seizures plus, type 7|Inborn genetic diseases",603415
SCN9A,"Generalized epilepsy with febrile seizures plus, type 7;Neuropathy, hereditary sensory and autonomic, type 2A|Inborn genetic diseases|Channelopathy-associated congenital insensitivity to pain, autosomal recessive;Primary erythromelalgia;Neuropathy, hereditary sensory and autonomic, type 2A;Paroxysmal extreme pain disorder",603415
SCN9A,"Generalized epilepsy with febrile seizures plus, type 7;Neuropathy, hereditary sensory and autonomic, type 2A|Primary erythromelalgia|Channelopathy-associated congenital insensitivity to pain, autosomal recessive|Paroxysmal extreme pain disorder",603415
SCN9A,"Generalized epilepsy with febrile seizures plus, type 7;Neuropathy, hereditary sensory and autonomic, type 2A|Channelopathy-associated congenital insensitivity to pain, autosomal recessive;Primary erythromelalgia;Neuropathy, hereditary sensory and autonomic, type 2A;Paroxysmal extreme pain disorder",603415
SCN9A,"Generalized epilepsy with febrile seizures plus, type 7;Neuropathy, hereditary sensory and autonomic, type 2A|Channelopathy-associated congenital insensitivity to pain, autosomal recessive|Paroxysmal extreme pain disorder|Primary erythromelalgia|Inborn genetic diseases",603415
SCN9A,"Generalized epilepsy with febrile seizures plus, type 7;Neuropathy, hereditary sensory and autonomic, type 2A|Inborn genetic diseases|not provided|SCN9A-related disorder",603415
SCN9A,"Generalized epilepsy with febrile seizures plus, type 7;Neuropathy, hereditary sensory and autonomic, type 2A|not provided|Inborn genetic diseases|Primary erythromelalgia;Channelopathy-associated congenital insensitivity to pain, autosomal recessive;Neuropathy, hereditary sensory and autonomic, type 2A;Paroxysmal extreme pain disorder",603415
SLC6A1,not provided|Epilepsy with myoclonic atonic seizures|Intellectual disability,137165
SLC6A1,Seizure;Intellectual disability|Epilepsy with myoclonic atonic seizures|SLC6A1-related disorder,137165
GABRA1,"Epilepsy, childhood absence 4;Idiopathic generalized epilepsy;Epilepsy, idiopathic generalized, susceptibility to, 13",137160
GABRA1,"Idiopathic generalized epilepsy;Epilepsy, childhood absence 4;Epilepsy, idiopathic generalized, susceptibility to, 13|not provided",137160
KCNQ3,"Benign neonatal seizures|Seizures, benign familial neonatal, 2|KCNQ3-related disorder|not provided",602232
KCNQ3,Benign neonatal seizures|See cases|Inborn genetic diseases,602232
TSC1,Hereditary cancer-predisposing syndrome|Tuberous sclerosis 1|Lymphangiomyomatosis;Tuberous sclerosis 1;Isolated focal cortical dysplasia type II|Tuberous sclerosis syndrome,605284
TSC1,Tuberous sclerosis 1|Hereditary cancer-predisposing syndrome|Isolated focal cortical dysplasia type II|Lymphangiomyomatosis;Isolated focal cortical dysplasia type II;Tuberous sclerosis 1,605284
TSC1,Tuberous sclerosis 1|Hereditary cancer-predisposing syndrome|not provided|Isolated focal cortical dysplasia type II,605284
TSC1,Tuberous sclerosis 1|Hereditary cancer-predisposing syndrome|TSC1-related disorder|Lymphangiomyomatosis;Tuberous sclerosis 1;Isolated focal cortical dysplasia type II|Isolated focal cortical dysplasia type II,605284
TSC1,Tuberous sclerosis 1|Tuberous sclerosis syndrome|Isolated focal cortical dysplasia type II|Hereditary cancer-predisposing syndrome|not provided,605284
TSC1,Tuberous sclerosis 1|Isolated focal cortical dysplasia type II|Tuberous sclerosis syndrome|Lymphangiomyomatosis;Tuberous sclerosis 1;Isolated focal cortical dysplasia type II,605284
TSC1,Tuberous sclerosis 1|not provided|Hereditary cancer-predisposing syndrome|Isolated focal cortical dysplasia type II,605284
TSC1,Tuberous sclerosis 1|Isolated focal cortical dysplasia type II|Tuberous sclerosis syndrome,605284
TSC1,Lymphangiomyomatosis|Tuberous sclerosis 1,605284
TSC1,Tuberous sclerosis 1|Malignant tumor of urinary bladder,605284
TSC1,Tuberous sclerosis 1|Hereditary cancer-predisposing syndrome|TSC1-related disorder,605284
TSC1,Tuberous sclerosis 1|not provided|Hereditary cancer-predisposing syndrome|Lymphangiomyomatosis;Tuberous sclerosis 1;Isolated focal cortical dysplasia type II|Tuberous sclerosis syndrome,605284
TSC1,Tuberous sclerosis 1|not provided|Isolated focal cortical dysplasia type II|Tuberous sclerosis 1;Isolated focal cortical dysplasia type II;Lymphangiomyomatosis|Tuberous sclerosis syndrome|Hereditary cancer-predisposing syndrome,605284
SCN8A,"Developmental and epileptic encephalopathy|Cognitive impairment with or without cerebellar ataxia|Developmental and epileptic encephalopathy, 13|not provided",600702
SCN8A,Developmental and epileptic encephalopathy|SCN8A-related disorder|Inborn genetic diseases,600702
SCN8A,"Developmental and epileptic encephalopathy|SCN8A-related disorder|Seizures, benign familial infantile, 5;Developmental and epileptic encephalopathy, 13;Cognitive impairment with or without cerebellar ataxia;Myoclonus, familial, 2",600702
SCN8A,Developmental and epileptic encephalopathy|Spastic ataxia,600702
SCN8A,"Developmental and epileptic encephalopathy|Seizures, benign familial infantile, 5;Developmental and epileptic encephalopathy, 13",600702
SCN8A,"Developmental and epileptic encephalopathy|Developmental and epileptic encephalopathy, 13|not provided",600702
SCN8A,Developmental and epileptic encephalopathy|Neurodevelopmental disorder,600702
CHD2,Developmental and epileptic encephalopathy 94|not provided|Epilepsy,602119
NPRL3,"Epilepsy, familial focal, with variable foci 3|Inborn genetic diseases|not specified",600928
NPRL3,"Epilepsy, familial focal, with variable foci 3|Inborn genetic diseases|not provided|not specified",600928
TSC2,Tuberous sclerosis 2|not provided|Isolated focal cortical dysplasia type II|Hereditary cancer-predisposing syndrome|Tuberous sclerosis syndrome|Lymphangiomyomatosis;Isolated focal cortical dysplasia type II;Tuberous sclerosis 2,191092
TSC2,Tuberous sclerosis 2|not provided|Hereditary cancer-predisposing syndrome|Isolated focal cortical dysplasia type II;Lymphangiomyomatosis;Tuberous sclerosis 2,191092
TSC2,Tuberous sclerosis 2|Tuberous sclerosis syndrome|Hereditary cancer-predisposing syndrome|Isolated focal cortical dysplasia type II,191092
TSC2,Tuberous sclerosis 2|not provided|Hereditary cancer-predisposing syndrome|Lymphangiomyomatosis;Isolated focal cortical dysplasia type II;Tuberous sclerosis 2,191092
TSC2,Tuberous sclerosis 2|Hereditary cancer-predisposing syndrome|TSC2-related disorder|Tuberous sclerosis syndrome|not provided,191092
TSC2,Tuberous sclerosis 2|Hereditary cancer-predisposing syndrome|Lymphangiomyomatosis;Isolated focal cortical dysplasia type II;Tuberous sclerosis 2|Tuberous sclerosis syndrome|Isolated focal cortical dysplasia type II|not provided,191092
TSC2,Tuberous sclerosis 2|Tuberous sclerosis syndrome|not provided|Hereditary cancer-predisposing syndrome|Lymphangiomyomatosis;Isolated focal cortical dysplasia type II;Tuberous sclerosis 2|TSC2-related disorder,191092
TSC2,Tuberous sclerosis 2|Isolated focal cortical dysplasia type II;Lymphangiomyomatosis;Tuberous sclerosis 2,191092
TSC2,Hereditary cancer-predisposing syndrome|Tuberous sclerosis 2|not provided|Tuberous sclerosis syndrome|Isolated focal cortical dysplasia type II,191092
TSC2,Tuberous sclerosis 2|Lymphangiomyomatosis;Isolated focal cortical dysplasia type II;Tuberous sclerosis 2|Tuberous sclerosis syndrome|Hereditary cancer-predisposing syndrome|not provided,191092
TSC2,Tuberous sclerosis 2|Lymphangiomyomatosis;Isolated focal cortical dysplasia type II;Tuberous sclerosis 2|Tuberous sclerosis syndrome|not provided|Hereditary cancer-predisposing syndrome,191092
TSC2,Tuberous sclerosis 2|Hereditary cancer-predisposing syndrome|Lymphangiomyomatosis;Isolated focal cortical dysplasia type II;Tuberous sclerosis 2|Tuberous sclerosis syndrome|not provided,191092
TSC2,Tuberous sclerosis 2|Isolated focal cortical dysplasia type II|not provided,191092
TSC2,"Tuberous sclerosis 2|Hereditary cancer-predisposing syndrome|Thyroid cancer, nonmedullary, 1|Isolated focal cortical dysplasia type II;Tuberous sclerosis 2;Lymphangiomyomatosis|Tuberous sclerosis syndrome",191092
TSC2,Tuberous sclerosis 2|Isolated focal cortical dysplasia type II|TSC2-related disorder|Hereditary cancer-predisposing syndrome,191092
TSC2,Tuberous sclerosis 2|Isolated focal cortical dysplasia type II;Lymphangiomyomatosis;Tuberous sclerosis 2|not provided|Hereditary cancer-predisposing syndrome,191092
TSC2,"Tuberous sclerosis 2|Astroblastoma, MN1-altered|Isolated focal cortical dysplasia type II|Hereditary cancer-predisposing syndrome",191092
TBC1D24,"Autosomal dominant nonsyndromic hearing loss 65;Developmental and epileptic encephalopathy, 1;Caused by mutation in the TBC1 domain family, member 24|Developmental and epileptic encephalopathy, 16|Inborn genetic diseases",613577
TBC1D24,"Inborn genetic diseases|Autosomal dominant nonsyndromic hearing loss 65;Caused by mutation in the TBC1 domain family, member 24;Developmental and epileptic encephalopathy, 1|not provided|6 conditions",613577
TBC1D24,"Familial infantile myoclonic epilepsy|Autosomal dominant nonsyndromic hearing loss 65;Developmental and epileptic encephalopathy, 1;Caused by mutation in the TBC1 domain family, member 24|not provided",613577
TBC1D24,"Autosomal dominant nonsyndromic hearing loss 65;Developmental and epileptic encephalopathy, 1;Caused by mutation in the TBC1 domain family, member 24|not provided|Autosomal recessive nonsyndromic hearing loss 86|not specified|Inborn genetic diseases",613577
TBC1D24,"Developmental and epileptic encephalopathy, 1;Caused by mutation in the TBC1 domain family, member 24;Autosomal dominant nonsyndromic hearing loss 65|not provided|Inborn genetic diseases|Developmental and epileptic encephalopathy, 16|6 conditions",613577
PRRT2,Episodic kinesigenic dyskinesia|not provided|Inborn genetic diseases|PRRT2-related disorder,614386
DEPDC5,Familial focal epilepsy with variable foci|Developmental and epileptic encephalopathy 111,614191
DEPDC5,"Familial focal epilepsy with variable foci|Epilepsy, familial focal, with variable foci 1|Intellectual disability",614191
DEPDC5,Familial focal epilepsy with variable foci|Epilepsy,614191
DEPDC5,"Familial focal epilepsy with variable foci|Epilepsy, familial focal, with variable foci 1|not provided",614191
PCDH19,"Developmental and epileptic encephalopathy, 9|Inborn genetic diseases|not provided",300460
PCDH19,"Developmental and epileptic encephalopathy, 9|PCDH19-related disorder|Inborn genetic diseases|Intellectual disability",300460
PCDH19,"Developmental and epileptic encephalopathy, 9|Developmental and epileptic encephalopathy, 9;Glycine encephalopathy",300460
MECP2,Severe neonatal-onset encephalopathy with microcephaly|Inborn genetic diseases|Rett syndrome,300005
CDKL5,"Angelman syndrome-like;Developmental and epileptic encephalopathy, 2|Nonpapillary renal cell carcinoma",300203
CDKL5,"Angelman syndrome-like;Developmental and epileptic encephalopathy, 2|Developmental and epileptic encephalopathy, 2|CDKL5 disorder",300203
CDKL5,"Angelman syndrome-like;Developmental and epileptic encephalopathy, 2|not provided|CDKL5 disorder|Developmental and epileptic encephalopathy, 2",300203
ARX,"Developmental and epileptic encephalopathy, 1;Intellectual disability, X-linked, with or without seizures, ARX-related|Developmental and epileptic encephalopathy, 1",300382
ARX,"Developmental and epileptic encephalopathy, 1;Intellectual disability, X-linked, with or without seizures, ARX-related|Intellectual disability, X-linked, with or without seizures, ARX-related",300382
ARX,"Developmental and epileptic encephalopathy, 1;Intellectual disability, X-linked, with or without seizures, ARX-related|Intellectual disability",300382
KCNQ2,Developmental and epileptic encephalopathy|KCNQ2-related disorder|not provided,602235
SLC2A1,"Encephalopathy due to GLUT1 deficiency|GLUT1 deficiency syndrome 1, autosomal recessive|not provided",138140
TSC2,Tuberous sclerosis 2|Rhabdomyoma,191092
PRRT2,Episodic kinesigenic dyskinesia|Infantile convulsions and choreoathetosis,614386
TBC1D24,Rolandic epilepsy-paroxysmal exercise-induced dystonia-writer's cramp syndrome,613577
TBC1D24,Rolandic epilepsy-paroxysmal exercise-induced dystonia-writer's cramp syndrome|not provided,613577
SLC2A1,"not provided|not specified|GLUT1 deficiency syndrome 1, autosomal recessive",138140
SLC2A1,not provided|Childhood onset GLUT1 deficiency syndrome 2,138140
SCN9A,"not provided|Primary erythromelalgia|Paroxysmal extreme pain disorder|Neuropathy, hereditary sensory and autonomic, type 2A;Generalized epilepsy with febrile seizures plus, type 7|Channelopathy-associated congenital insensitivity to pain, autosomal recessive",603415
GABRA1,"not provided|Epilepsy, idiopathic generalized, susceptibility to, 13;Epilepsy, childhood absence 4;Idiopathic generalized epilepsy|Inborn genetic diseases",137160
TSC1,not provided|Tuberous sclerosis 1|Hereditary cancer-predisposing syndrome|not specified|Tuberous sclerosis syndrome,605284
FOXG1,"not provided|Rett syndrome, congenital variant|FOXG1-related disorder|FOXG1 disorder",164874
CHD2,not provided|Developmental and epileptic encephalopathy 94|CHD2-related disorder,602119
SCN2A,not provided|Uterine carcinosarcoma,182390
SCN2A,not provided|not specified,182390
SCN1A,not provided|Sarcoma,182389
SCN2A,"not provided|Seizures, benign familial infantile, 3|Episodic ataxia, type 9|Developmental and epileptic encephalopathy, 11|not specified",182390
SCN1A,"not provided|Malignant lymphoma, large B-cell, diffuse",182389
SCN9A,"not provided|Neuropathy, hereditary sensory and autonomic, type 2A;Generalized epilepsy with febrile seizures plus, type 7|not specified",603415
SCN1A,not provided|Uterine corpus endometrial carcinoma|Malignant tumor of esophagus|Ovarian serous cystadenocarcinoma,182389
ALDH7A1,not provided|Lung cancer|Uterine carcinosarcoma|Thymoma|Cholangiocarcinoma|Malignant tumor of esophagus,107323
GABRA1,not provided|not specified,137160
KCNQ3,not provided|not specified,602232
TSC1,not provided|not specified,605284
TSC1,not provided|Uterine corpus endometrial carcinoma|Lung cancer|Sarcoma,605284
TSC1,not provided|Thymoma|Uterine corpus endometrial carcinoma|Acute myeloid leukemia,605284
SCN8A,not provided|not specified,600702
SCN8A,"not provided|Developmental and epileptic encephalopathy, 13|Seizures, benign familial infantile, 5|Cognitive impairment with or without cerebellar ataxia|Myoclonus, familial, 2|not specified",600702
SCN8A,"not provided|not specified|Malignant lymphoma, large B-cell, diffuse|Uterine carcinosarcoma|Hepatocellular carcinoma",600702
CHD2,not provided|Hepatocellular carcinoma|Developmental and epileptic encephalopathy 94|not specified,602119
CHD2,not provided|Lung cancer,602119
CHD2,"not provided|Familial cancer of breast|not specified|Malignant lymphoma, large B-cell, diffuse|Sarcoma|Gastric cancer|Ovarian serous cystadenocarcinoma|Malignant tumor of esophagus|Cervical cancer",602119
CHD2,not provided|Gastric cancer|Ovarian serous cystadenocarcinoma|Cervical cancer|Sarcoma,602119
CHD2,not provided|Developmental and epileptic encephalopathy 94|not specified,602119
TSC2,not provided|Tuberous sclerosis 2|Lymphangiomyomatosis;Tuberous sclerosis 2;Isolated focal cortical dysplasia type II,191092
CHD2,not provided|not specified,602119
CHD2,not provided|Gastric cancer|Thymoma|Acute myeloid leukemia|Lung cancer|Uterine corpus endometrial carcinoma|Uterine carcinosarcoma,602119
KCNQ2,not provided|not specified,602235
KCNQ2,not provided|Developmental and epileptic encephalopathy|KCNQ2-related disorder,602235
KCNQ2,"not provided|Developmental and epileptic encephalopathy, 7|Seizures, benign familial neonatal, 1|not specified",602235
SLC6A1,Epilepsy with myoclonic atonic seizures|SLC6A1-related disorder,137165
SLC6A1,Epilepsy with myoclonic atonic seizures|not provided|SLC6A1-related disorder,137165
SCN2A,Marfanoid habitus and intellectual disability,182390
SCN2A,"Developmental and epileptic encephalopathy, 11;Seizures, benign familial infantile, 3|Seizures, benign familial infantile, 3|Developmental and epileptic encephalopathy, 11",182390
SCN1A,"Migraine, familial hemiplegic, 3;Generalized epilepsy with febrile seizures plus, type 2;Severe myoclonic epilepsy in infancy",182389
SCN8A,"Cognitive impairment with or without cerebellar ataxia;Seizures, benign familial infantile, 5;Developmental and epileptic encephalopathy, 13",600702
SCN8A,Seizure;Intellectual disability|Developmental and epileptic encephalopathy,600702
SCN8A,Cerebellar ataxia;Intellectual disability,600702
SCN8A,Seizure;Intellectual disability|not provided,600702
SCN8A,Autism;Seizure;Intellectual disability|Developmental and epileptic encephalopathy,600702
STXBP1,Cerebellar ataxia;Intellectual disability,602926
GABRG2,Esophageal atresia;Pyloric stenosis,137164
SCN8A,"Arthrogryposis multiplex congenita;Fetal akinesia deformation sequence 1|Developmental and epileptic encephalopathy, 13",600702
SLC2A1,"GLUT1 deficiency syndrome 1, autosomal recessive|not provided|Encephalopathy due to GLUT1 deficiency|Dystonia 9|Hereditary cryohydrocytosis with reduced stomatin|Childhood onset GLUT1 deficiency syndrome 2|Epilepsy, idiopathic generalized, susceptibility to, 12",138140
SCN1A,"not provided|Migraine, familial hemiplegic, 3|Generalized epilepsy with febrile seizures plus, type 2|Developmental and epileptic encephalopathy|SCN1A-related disorder",182389
ALDH7A1,Pyridoxine-dependent epilepsy|not provided|ALDH7A1-related disorder,107323
KCNQ2,Developmental and epileptic encephalopathy|not specified,602235
PCDH19,"Developmental and epileptic encephalopathy, 9|Inborn genetic diseases|not provided|PCDH19-related disorder",300460
GABRA1,"Epilepsy, idiopathic generalized, susceptibility to, 13;Epilepsy, childhood absence 4;Idiopathic generalized epilepsy|Epilepsy, idiopathic generalized, susceptibility to, 13|not provided",137160
GABRG2,"EPILEPSY, CHILDHOOD ABSENCE, SUSCEPTIBILITY TO, 2;Febrile seizures, familial, 8|not provided|not specified",137164
SLC2A1,"GLUT1 deficiency syndrome 1, autosomal recessive|not specified|Dystonia 9|Epilepsy, idiopathic generalized, susceptibility to, 12|Hereditary cryohydrocytosis with reduced stomatin|Encephalopathy due to GLUT1 deficiency|Childhood onset GLUT1 deficiency syndrome 2",138140
SLC2A1,"GLUT1 deficiency syndrome 1, autosomal recessive|Inborn genetic diseases|Epilepsy, idiopathic generalized, susceptibility to, 12|Hereditary cryohydrocytosis with reduced stomatin|Encephalopathy due to GLUT1 deficiency|Childhood onset GLUT1 deficiency syndrome 2|Dystonia 9|not provided",138140
GABRG2,"EPILEPSY, CHILDHOOD ABSENCE, SUSCEPTIBILITY TO, 2;Febrile seizures, familial, 8|not specified",137164
GABRG2,"EPILEPSY, CHILDHOOD ABSENCE, SUSCEPTIBILITY TO, 2;Febrile seizures, familial, 8|GABRG2-related disorder|not provided",137164
TSC2,Tuberous sclerosis 2|Hereditary cancer-predisposing syndrome|Lymphangiomyomatosis;Tuberous sclerosis 2;Isolated focal cortical dysplasia type II|Tuberous sclerosis syndrome,191092
TBC1D24,"Caused by mutation in the TBC1 domain family, member 24;Autosomal dominant nonsyndromic hearing loss 65;Developmental and epileptic encephalopathy, 1|not provided",613577
TBC1D24,"Autosomal dominant nonsyndromic hearing loss 65;Caused by mutation in the TBC1 domain family, member 24;Developmental and epileptic encephalopathy, 1|Inborn genetic diseases|not provided",613577
TBC1D24,"Autosomal dominant nonsyndromic hearing loss 65;Developmental and epileptic encephalopathy, 1;Caused by mutation in the TBC1 domain family, member 24|not provided|TBC1D24-related disorder",613577
PCDH19,"Developmental and epileptic encephalopathy, 9|not specified|not provided",300460
MECP2,Severe neonatal-onset encephalopathy with microcephaly|MECP2-related disorder|not provided,300005
MECP2,"X-linked intellectual disability-psychosis-macroorchidism syndrome;Autism, susceptibility to, X-linked 3;Rett syndrome;Severe neonatal-onset encephalopathy with microcephaly;Syndromic X-linked intellectual disability Lubs type|Severe neonatal-onset encephalopathy with microcephaly|MECP2-related disorder",300005
TSC1,Tuberous sclerosis 1|Lymphangiomyomatosis;Isolated focal cortical dysplasia type II;Tuberous sclerosis 1,605284
SCN9A,"Generalized epilepsy with febrile seizures plus, type 7;Neuropathy, hereditary sensory and autonomic, type 2A|not provided|Neuropathy, hereditary sensory and autonomic, type 2A;Paroxysmal extreme pain disorder;Channelopathy-associated congenital insensitivity to pain, autosomal recessive;Primary erythromelalgia",603415
GABRA1,"Idiopathic generalized epilepsy;Epilepsy, idiopathic generalized, susceptibility to, 13;Epilepsy, childhood absence 4|Inborn genetic diseases",137160
KCNQ3,Inborn genetic diseases|Benign neonatal seizures,602232
TSC1,Hereditary cancer-predisposing syndrome|Isolated focal cortical dysplasia type II|Tuberous sclerosis 1|not provided,605284
FOXG1,"Inborn genetic diseases|Rett syndrome, congenital variant|FOXG1-related disorder",164874
SCN2A,"not provided|Developmental and epileptic encephalopathy, 11;Seizures, benign familial infantile, 3|SCN2A-related disorder",182390
SLC2A1,"GLUT1 deficiency syndrome 1, autosomal recessive|not provided|Encephalopathy due to GLUT1 deficiency|Hereditary cryohydrocytosis with reduced stomatin|Childhood onset GLUT1 deficiency syndrome 2|Dystonia 9|Epilepsy, idiopathic generalized, susceptibility to, 12",138140
TSC2,Tuberous sclerosis 2|Tuberous sclerosis syndrome|not provided|Hereditary cancer-predisposing syndrome|TSC2-related disorder,191092
SCN3A,not provided|SCN3A-related disorder|not specified,182391
NPRL3,"Epilepsy, familial focal, with variable foci 3|NPRL3-related disorder",600928
SLC2A1,"GLUT1 deficiency syndrome 1, autosomal recessive|Inborn genetic diseases|Hereditary cryohydrocytosis with reduced stomatin|Encephalopathy due to GLUT1 deficiency|Childhood onset GLUT1 deficiency syndrome 2|Epilepsy, idiopathic generalized, susceptibility to, 12|SLC2A1-related disorder|Dystonia 9",138140
SLC2A1,"GLUT1 deficiency syndrome 1, autosomal recessive|Encephalopathy due to GLUT1 deficiency|Dystonia 9|Epilepsy, idiopathic generalized, susceptibility to, 12|Childhood onset GLUT1 deficiency syndrome 2|Hereditary cryohydrocytosis with reduced stomatin",138140
CDKL5,"Angelman syndrome-like;Developmental and epileptic encephalopathy, 2|Developmental and epileptic encephalopathy, 2|not provided|CDKL5 disorder|Inborn genetic diseases",300203
SLC2A1,"GLUT1 deficiency syndrome 1, autosomal recessive|Hereditary cryohydrocytosis with reduced stomatin|Childhood onset GLUT1 deficiency syndrome 2|Inborn genetic diseases|Dystonia 9|Epilepsy, idiopathic generalized, susceptibility to, 12|Encephalopathy due to GLUT1 deficiency",138140
SLC6A1,not specified|Epilepsy with myoclonic atonic seizures|Inborn genetic diseases,137165
TSC1,Tuberous sclerosis 1|TSC1-related disorder,605284
CDKL5,"Developmental and epileptic encephalopathy, 2;Angelman syndrome-like|Inborn genetic diseases",300203
TSC2,Tuberous sclerosis 2|not specified|Tuberous sclerosis syndrome,191092
TSC1,Tuberous sclerosis 1|not specified|Hereditary cancer-predisposing syndrome|not provided|Tuberous sclerosis 1;Lymphangiomyomatosis;Isolated focal cortical dysplasia type II,605284
FOXG1,"Rett syndrome, congenital variant|FOXG1-related disorder",164874
TSC2,Tuberous sclerosis 2|Hereditary cancer-predisposing syndrome|Tuberous sclerosis syndrome|Lymphangiomyomatosis,191092
TBC1D24,"Autosomal dominant nonsyndromic hearing loss 65|Autosomal dominant nonsyndromic hearing loss 65;Caused by mutation in the TBC1 domain family, member 24;Developmental and epileptic encephalopathy, 1|TBC1D24-related disorder",613577
SCN2A,"Seizures, benign familial infantile, 3|Malignant migrating partial seizures of infancy",182390
SCN2A,"Seizures, benign familial infantile, 3|Episodic ataxia, type 9",182390
SCN2A,"Seizures, benign familial infantile, 3|Inborn genetic diseases|not provided|Developmental and epileptic encephalopathy, 11|Seizures, benign familial infantile, 3;Developmental and epileptic encephalopathy, 11",182390
SCN1A,Severe myoclonic epilepsy in infancy|SCN1A Seizure Disorders,182389
SLC6A1,Intellectual disability|Epilepsy with myoclonic atonic seizures|not provided|See cases,137165
FOXG1,"Rett syndrome, congenital variant|Rett syndrome",164874
CHD2,Developmental and epileptic encephalopathy 94|CHD2-related disorder,602119
KCNQ2,"Seizures, benign familial neonatal, 1|Developmental and epileptic encephalopathy|Developmental and epileptic encephalopathy, 7|not specified",602235
CDKL5,"Developmental and epileptic encephalopathy, 2|Developmental and epileptic encephalopathy, 2;Angelman syndrome-like|CDKL5 disorder|Thyroid cancer, nonmedullary, 1",300203
CDKL5,"Developmental and epileptic encephalopathy, 2|Abnormality of the nervous system",300203
ARX,Corpus callosum agenesis-abnormal genitalia syndrome,300382
SLC6A1,Epilepsy with myoclonic atonic seizures|not provided|Inborn genetic diseases,137165
PCDH19,"Glycine encephalopathy;Developmental and epileptic encephalopathy, 9",300460
PCDH19,Refractory epilepsy with Lennox Gastaut syndrome,300460
PCDH19,"Glycine encephalopathy;Developmental and epileptic encephalopathy, 9|Developmental and epileptic encephalopathy, 9",300460
PCDH19,"Glycine encephalopathy;Developmental and epileptic encephalopathy, 9|Developmental and epileptic encephalopathy, 9|not provided",300460
PCDH19,"Non-lesional parietal lobe epilepsy|Developmental and epileptic encephalopathy, 9",300460
PCDH19,Periventricular nodular heterotopia and epilepsy,300460
SLC2A1,"GLUT1 deficiency syndrome 1, autosomal recessive|not provided|Encephalopathy due to GLUT1 deficiency|Dystonia 9",138140
SLC2A1,"not provided|Childhood onset GLUT1 deficiency syndrome 2|Epilepsy, idiopathic generalized, susceptibility to, 12|GLUT1 deficiency syndrome 1, autosomal recessive|Encephalopathy due to GLUT1 deficiency|Dystonia 9|Hereditary cryohydrocytosis with reduced stomatin",138140
SCN2A,"not provided|Complex neurodevelopmental disorder|Seizures, benign familial infantile, 3;Developmental and epileptic encephalopathy, 11|Developmental and epileptic encephalopathy, 11",182390
SCN9A,"not provided|Generalized epilepsy with febrile seizures plus, type 7;Neuropathy, hereditary sensory and autonomic, type 2A|Primary erythromelalgia",603415
TSC1,not provided|Tuberous sclerosis 1|Hereditary cancer-predisposing syndrome|Isolated focal cortical dysplasia type II;Lymphangiomyomatosis;Tuberous sclerosis 1,605284
TSC2,not provided|Tuberous sclerosis 2|Hereditary cancer-predisposing syndrome|Isolated focal cortical dysplasia type II;Lymphangiomyomatosis;Tuberous sclerosis 2,191092
TSC2,Tuberous sclerosis syndrome|Tuberous sclerosis 2|Lymphangiomyomatosis;Isolated focal cortical dysplasia type II;Tuberous sclerosis 2,191092
TBC1D24,"not provided|Familial infantile myoclonic epilepsy|Caused by mutation in the TBC1 domain family, member 24;Autosomal dominant nonsyndromic hearing loss 65;Developmental and epileptic encephalopathy, 1",613577
TBC1D24,"not provided|Caused by mutation in the TBC1 domain family, member 24;Autosomal dominant nonsyndromic hearing loss 65;Developmental and epileptic encephalopathy, 1|Developmental and epileptic encephalopathy, 16|TBC1D24-related disorder",613577
KCNQ2,"not provided|Developmental and epileptic encephalopathy|Developmental and epileptic encephalopathy, 7;Seizures, benign familial neonatal, 1|Seizures, benign familial neonatal, 1|Developmental and epileptic encephalopathy, 7",602235
DEPDC5,"not provided|Familial focal epilepsy with variable foci|Epilepsy, familial focal, with variable foci 1|not specified",614191
GABRA1,"Developmental and epileptic encephalopathy, 19|Epilepsy, idiopathic generalized, susceptibility to, 13;Idiopathic generalized epilepsy;Epilepsy, childhood absence 4",137160
SCN8A,Cognitive impairment with or without cerebellar ataxia,600702
SCN2A,"Developmental and epileptic encephalopathy, 11|Seizures, benign familial infantile, 3;Developmental and epileptic encephalopathy, 11|not provided",182390
SCN1A,"Generalized epilepsy with febrile seizures plus, type 2|not provided",182389
KCNQ2,Seizure|Developmental and epileptic encephalopathy,602235
SLC2A1,"Strabismus;Seizure;Global developmental delay|GLUT1 deficiency syndrome 1, autosomal recessive|Childhood onset GLUT1 deficiency syndrome 2|Encephalopathy due to GLUT1 deficiency",138140
STXBP1,"Epileptic encephalopathy|not provided|Developmental and epileptic encephalopathy, 4",602926
SCN1A,"Microcephaly|Developmental and epileptic encephalopathy|Severe myoclonic epilepsy in infancy;Generalized epilepsy with febrile seizures plus, type 2|not provided",182389
SCN9A,Microcephaly,603415
SCN8A,"Developmental and epileptic encephalopathy, 13|not provided|not specified",600702
KCNQ2,"Seizures, benign familial neonatal, 1|Seizures, benign familial neonatal, 1;Developmental and epileptic encephalopathy, 7",602235
KCNQ2,"Developmental and epileptic encephalopathy, 7|Developmental and epileptic encephalopathy|not provided",602235
KCNQ2,"Developmental and epileptic encephalopathy, 7|Developmental and epileptic encephalopathy|Seizures, benign familial neonatal, 1;Developmental and epileptic encephalopathy, 7",602235
CDKL5,"Developmental and epileptic encephalopathy, 4",300203
CDKL5,"Developmental and epileptic encephalopathy, 2|CDKL5 disorder|Angelman syndrome-like;Developmental and epileptic encephalopathy, 2",300203
MECP2,"Autism, susceptibility to, X-linked 3;Syndromic X-linked intellectual disability Lubs type;Rett syndrome;X-linked intellectual disability-psychosis-macroorchidism syndrome;Severe neonatal-onset encephalopathy with microcephaly|not provided|Rett syndrome",300005
CDKL5,"not provided|Angelman syndrome-like;Developmental and epileptic encephalopathy, 2|CDKL5 disorder",300203
ARX,"Corpus callosum agenesis-abnormal genitalia syndrome;Developmental and epileptic encephalopathy, 1;Intellectual disability, X-linked, with or without seizures, ARX-related;Partington syndrome|Developmental and epileptic encephalopathy, 1;Intellectual disability, X-linked, with or without seizures, ARX-related|not provided",300382
TSC1,Hereditary cancer-predisposing syndrome|not provided|Tuberous sclerosis syndrome,605284
TSC1,Hereditary cancer-predisposing syndrome|Tuberous sclerosis 1|Isolated focal cortical dysplasia type II|not provided,605284
TSC1,Hereditary cancer-predisposing syndrome|Tuberous sclerosis 1;Isolated focal cortical dysplasia type II;Lymphangiomyomatosis,605284
TSC1,Hereditary cancer-predisposing syndrome|Tuberous sclerosis 1|Tuberous sclerosis 1;Isolated focal cortical dysplasia type II;Lymphangiomyomatosis,605284
TSC1,Hereditary cancer-predisposing syndrome|Tuberous sclerosis 1;Isolated focal cortical dysplasia type II;Lymphangiomyomatosis|Tuberous sclerosis 1,605284
TSC2,Hereditary cancer-predisposing syndrome|Tuberous sclerosis syndrome,191092
TSC2,Hereditary cancer-predisposing syndrome|Tuberous sclerosis 2|not provided|Tuberous sclerosis syndrome|Lymphangiomyomatosis;Isolated focal cortical dysplasia type II;Tuberous sclerosis 2,191092
TSC2,Hereditary cancer-predisposing syndrome|Tuberous sclerosis 2|Tuberous sclerosis 2;Lymphangiomyomatosis;Isolated focal cortical dysplasia type II,191092
TSC2,Hereditary cancer-predisposing syndrome|Tuberous sclerosis 2|Isolated focal cortical dysplasia type II|Lymphangiomyomatosis;Isolated focal cortical dysplasia type II;Tuberous sclerosis 2,191092
TSC2,Hereditary cancer-predisposing syndrome|Tuberous sclerosis 2|not provided|not specified|Lymphangiomyomatosis;Isolated focal cortical dysplasia type II;Tuberous sclerosis 2,191092
TSC2,Hereditary cancer-predisposing syndrome|Tuberous sclerosis 2|Tuberous sclerosis 2;Lymphangiomyomatosis;Isolated focal cortical dysplasia type II|Tuberous sclerosis syndrome,191092
TSC2,Hereditary cancer-predisposing syndrome|Lymphangiomyomatosis;Isolated focal cortical dysplasia type II;Tuberous sclerosis 2,191092
TSC2,Hereditary cancer-predisposing syndrome|Isolated focal cortical dysplasia type II|Tuberous sclerosis 2|Lymphangiomyomatosis;Isolated focal cortical dysplasia type II;Tuberous sclerosis 2,191092
TSC2,Hereditary cancer-predisposing syndrome|Tuberous sclerosis 2|not provided|Isolated focal cortical dysplasia type II,191092
TSC2,Hereditary cancer-predisposing syndrome|Lymphangiomyomatosis;Tuberous sclerosis 2;Isolated focal cortical dysplasia type II|Tuberous sclerosis 2,191092
TSC2,Isolated focal cortical dysplasia type II;Lymphangiomyomatosis;Tuberous sclerosis 2,191092
TSC2,Isolated focal cortical dysplasia type II;Lymphangiomyomatosis;Tuberous sclerosis 2|not provided,191092
SLC2A1,"Childhood onset GLUT1 deficiency syndrome 2|GLUT1 deficiency syndrome 1, autosomal recessive|not provided|Hereditary cryohydrocytosis with reduced stomatin|Encephalopathy due to GLUT1 deficiency|Dystonia 9|Epilepsy, idiopathic generalized, susceptibility to, 12|SLC2A1-related disorder",138140
SCN8A,"Developmental and epileptic encephalopathy, 13|Inborn genetic diseases",600702
SCN1A,"Generalized epilepsy with febrile seizures plus, type 2;Severe myoclonic epilepsy in infancy|Developmental and epileptic encephalopathy",182389
SLC6A1,SLC6A1-related neurodevelopmental condition|Epilepsy with myoclonic atonic seizures|not provided,137165
GABRA1,"Idiopathic generalized epilepsy;Epilepsy, idiopathic generalized, susceptibility to, 13;Epilepsy, childhood absence 4|Developmental and epileptic encephalopathy, 19|not provided|Inborn genetic diseases",137160
STXBP1,Developmental and epileptic encephalopathy|not specified|STXBP1-related disorder,602926
DEPDC5,Epilepsy|not provided,614191
SCN2A,Infantile spasms,182390
SLC2A1,"GLUT1 deficiency syndrome 1, autosomal recessive|not provided|Dystonia 9|Inborn genetic diseases|Childhood onset GLUT1 deficiency syndrome 2|Hereditary cryohydrocytosis with reduced stomatin|Encephalopathy due to GLUT1 deficiency|Epilepsy, idiopathic generalized, susceptibility to, 12",138140
SLC2A1,"GLUT1 deficiency syndrome 1, autosomal recessive|Childhood onset GLUT1 deficiency syndrome 2|Encephalopathy due to GLUT1 deficiency|Inborn genetic diseases",138140
SCN2A,"Developmental and epileptic encephalopathy, 11;Seizures, benign familial infantile, 3|not provided|Developmental and epileptic encephalopathy, 11",182390
SCN2A,"Developmental and epileptic encephalopathy, 11;Seizures, benign familial infantile, 3|not provided|Inborn genetic diseases",182390
SCN2A,"Seizures, benign familial infantile, 3;Developmental and epileptic encephalopathy, 11|not provided|Episodic ataxia, type 9",182390
SCN2A,"Seizures, benign familial infantile, 3;Developmental and epileptic encephalopathy, 11|Seizures, benign familial infantile, 3|SCN2A-related disorder",182390
SCN2A,"Developmental and epileptic encephalopathy, 11;Seizures, benign familial infantile, 3|SCN2A-related disorder",182390
SCN2A,"Seizures, benign familial infantile, 3;Developmental and epileptic encephalopathy, 11|not provided|Developmental and epileptic encephalopathy, 11",182390
SCN2A,"Developmental and epileptic encephalopathy, 11;Seizures, benign familial infantile, 3|not provided|not specified",182390
SCN9A,"Neuropathy, hereditary sensory and autonomic, type 2A;Generalized epilepsy with febrile seizures plus, type 7|Paroxysmal extreme pain disorder;Primary erythromelalgia;Channelopathy-associated congenital insensitivity to pain, autosomal recessive",603415
SCN9A,"Neuropathy, hereditary sensory and autonomic, type 2A;Generalized epilepsy with febrile seizures plus, type 7|Neuropathy, hereditary sensory and autonomic, type 2A;Paroxysmal extreme pain disorder;Primary erythromelalgia;Channelopathy-associated congenital insensitivity to pain, autosomal recessive",603415
SCN9A,"Neuropathy, hereditary sensory and autonomic, type 2A;Generalized epilepsy with febrile seizures plus, type 7|Primary erythromelalgia;Channelopathy-associated congenital insensitivity to pain, autosomal recessive;Neuropathy, hereditary sensory and autonomic, type 2A;Paroxysmal extreme pain disorder;Generalized epilepsy with febrile seizures plus",603415
SCN9A,"Neuropathy, hereditary sensory and autonomic, type 2A;Generalized epilepsy with febrile seizures plus, type 7|Inborn genetic diseases|Melanoma",603415
SCN9A,"Neuropathy, hereditary sensory and autonomic, type 2A;Generalized epilepsy with febrile seizures plus, type 7|not provided|Channelopathy-associated congenital insensitivity to pain, autosomal recessive",603415
SCN9A,"Neuropathy, hereditary sensory and autonomic, type 2A;Generalized epilepsy with febrile seizures plus, type 7|Generalized epilepsy with febrile seizures plus, type 7|Inborn genetic diseases|not provided",603415
SCN9A,"Neuropathy, hereditary sensory and autonomic, type 2A;Generalized epilepsy with febrile seizures plus, type 7|Primary erythromelalgia;Channelopathy-associated congenital insensitivity to pain, autosomal recessive;Neuropathy, hereditary sensory and autonomic, type 2A;Paroxysmal extreme pain disorder|not provided",603415
ALDH7A1,Pyridoxine-dependent epilepsy|Seizure,107323
GABRG2,"Febrile seizures, familial, 8;EPILEPSY, CHILDHOOD ABSENCE, SUSCEPTIBILITY TO, 2|not provided|Febrile seizures, familial, 8",137164
GABRG2,"EPILEPSY, CHILDHOOD ABSENCE, SUSCEPTIBILITY TO, 2;Febrile seizures, familial, 8|not provided|GABRG2-related disorder",137164
KCNQ3,Benign neonatal seizures|Melanoma,602232
KCNQ3,"Benign neonatal seizures|KCNQ3-related disorder|not provided|Seizures, benign familial neonatal, 2",602232
STXBP1,Developmental and epileptic encephalopathy|Inborn genetic diseases|Multiple congenital anomalies/dysmorphic syndrome,602926
STXBP1,Developmental and epileptic encephalopathy|Inborn genetic diseases|not provided,602926
TSC1,Tuberous sclerosis 1|Tuberous sclerosis 1;Isolated focal cortical dysplasia type II;Lymphangiomyomatosis|Hereditary cancer-predisposing syndrome,605284
TSC1,Tuberous sclerosis 1|Lymphangiomyomatosis;Isolated focal cortical dysplasia type II;Tuberous sclerosis 1|not provided|Hereditary cancer-predisposing syndrome,605284
TSC1,Tuberous sclerosis 1|not specified|not provided,605284
TSC1,Tuberous sclerosis 1|not provided|Hereditary cancer-predisposing syndrome|Intellectual disability,605284
TSC1,Tuberous sclerosis 1|Hereditary cancer-predisposing syndrome|Isolated focal cortical dysplasia type II;Tuberous sclerosis 1;Lymphangiomyomatosis|Tuberous sclerosis syndrome|not specified|not provided,605284
TSC1,Tuberous sclerosis 1|not provided|See cases,605284
TSC1,Tuberous sclerosis 1|TSC1-related disorder|not provided|Hereditary cancer-predisposing syndrome,605284
SCN8A,Developmental and epileptic encephalopathy|Seizure,600702
SCN8A,"Developmental and epileptic encephalopathy|not provided|Myoclonus, familial, 2;Cognitive impairment with or without cerebellar ataxia;Developmental and epileptic encephalopathy, 13;Seizures, benign familial infantile, 5",600702
SCN8A,Developmental and epileptic encephalopathy|Seizure|not provided,600702
CHD2,Developmental and epileptic encephalopathy 94|not provided|not specified,602119
NPRL3,"Epilepsy, familial focal, with variable foci 3|not provided|not specified",600928
NPRL3,"Epilepsy, familial focal, with variable foci 3|NPRL3-related disorder|Melanoma",600928
TSC2,Tuberous sclerosis 2|Hereditary cancer-predisposing syndrome|Isolated focal cortical dysplasia type II|Lymphangiomyomatosis;Isolated focal cortical dysplasia type II;Tuberous sclerosis 2|not provided,191092
TSC2,Tuberous sclerosis 2|Isolated focal cortical dysplasia type II|not provided|Tuberous sclerosis syndrome|Hereditary cancer-predisposing syndrome,191092
TSC2,Tuberous sclerosis 2|Lymphangiomyomatosis;Tuberous sclerosis 2;Isolated focal cortical dysplasia type II|Hereditary cancer-predisposing syndrome,191092
TSC2,Hereditary cancer-predisposing syndrome|Tuberous sclerosis 2|Isolated focal cortical dysplasia type II;Lymphangiomyomatosis;Tuberous sclerosis 2,191092
TSC2,Tuberous sclerosis 2|not provided|Tuberous sclerosis syndrome|Tuberous sclerosis 2;Lymphangiomyomatosis;Isolated focal cortical dysplasia type II|Hereditary cancer-predisposing syndrome,191092
TSC2,Tuberous sclerosis 2|Isolated focal cortical dysplasia type II|Hereditary cancer-predisposing syndrome|Tuberous sclerosis syndrome|Lymphangiomyomatosis;Tuberous sclerosis 2;Isolated focal cortical dysplasia type II,191092
TSC2,Tuberous sclerosis 2|Lymphangiomyomatosis;Tuberous sclerosis 2;Isolated focal cortical dysplasia type II,191092
TSC2,Tuberous sclerosis 2|TSC2-related disorder|Hereditary cancer-predisposing syndrome|Tuberous sclerosis syndrome,191092
TSC2,Tuberous sclerosis 2|Hereditary cancer-predisposing syndrome|Tuberous sclerosis syndrome|Isolated focal cortical dysplasia type II|not provided|Congenital anomaly of kidney and urinary tract,191092
TSC2,Tuberous sclerosis 2|Hereditary cancer-predisposing syndrome|Acute myeloid leukemia,191092
TSC2,Tuberous sclerosis 2|Hereditary cancer-predisposing syndrome|Lymphangiomyomatosis;Tuberous sclerosis 2;Isolated focal cortical dysplasia type II,191092
TSC2,Tuberous sclerosis 2|Hereditary cancer-predisposing syndrome|Tuberous sclerosis syndrome|Lymphangiomyomatosis;Tuberous sclerosis 2;Isolated focal cortical dysplasia type II,191092
TSC2,Tuberous sclerosis 2|Recurrent fever,191092
TSC2,Tuberous sclerosis 2|Hereditary cancer-predisposing syndrome|Isolated focal cortical dysplasia type II|Lymphangiomyomatosis;Isolated focal cortical dysplasia type II;Tuberous sclerosis 2,191092
TSC2,Tuberous sclerosis 2|Hereditary cancer-predisposing syndrome|not provided|Lymphangiomyomatosis;Tuberous sclerosis 2;Isolated focal cortical dysplasia type II,191092
TBC1D24,"Autosomal dominant nonsyndromic hearing loss 65;Developmental and epileptic encephalopathy, 1;Caused by mutation in the TBC1 domain family, member 24|Abnormality of the nervous system|not provided",613577
TBC1D24,"Caused by mutation in the TBC1 domain family, member 24;Autosomal dominant nonsyndromic hearing loss 65;Developmental and epileptic encephalopathy, 1|not specified|Inborn genetic diseases",613577
TBC1D24,"Caused by mutation in the TBC1 domain family, member 24;Autosomal dominant nonsyndromic hearing loss 65;Developmental and epileptic encephalopathy, 1|Inborn genetic diseases",613577
TBC1D24,"Developmental and epileptic encephalopathy, 1;Caused by mutation in the TBC1 domain family, member 24;Autosomal dominant nonsyndromic hearing loss 65|Inborn genetic diseases|not provided",613577
PRRT2,Episodic kinesigenic dyskinesia|Episodic kinesigenic dyskinesia 1,614386
PRRT2,Episodic kinesigenic dyskinesia|Seizure,614386
NPRL3,"Epilepsy, familial focal, with variable foci 3|Seizure|not provided",600928
KCNQ2,"Developmental and epileptic encephalopathy|Seizures, benign familial neonatal, 1;Developmental and epileptic encephalopathy, 7|Inborn genetic diseases",602235
DEPDC5,Familial focal epilepsy with variable foci|Glioma susceptibility 1,614191
PCDH19,"Developmental and epileptic encephalopathy, 9|PCDH19-related disorder",300460
PCDH19,"Developmental and epileptic encephalopathy, 9|Intellectual disability",300460
MECP2,Severe neonatal-onset encephalopathy with microcephaly|Syndromic X-linked intellectual disability Lubs type,300005
MECP2,Severe neonatal-onset encephalopathy with microcephaly|not specified|Rett syndrome|MECP2-related disorder|Inborn genetic diseases,300005
CDKL5,"Developmental and epileptic encephalopathy, 2;Angelman syndrome-like|Thyroid cancer, nonmedullary, 1",300203
SCN1A,"Developmental and epileptic encephalopathy|Migraine, familial hemiplegic, 3;Developmental and epileptic encephalopathy 6B;Generalized epilepsy with febrile seizures plus, type 2;Severe myoclonic epilepsy in infancy|not provided",182389
SCN1A,Developmental and epileptic encephalopathy|Severe myoclonic epilepsy in infancy|Inborn genetic diseases,182389
SCN1A,Developmental and epileptic encephalopathy|Uterine corpus endometrial carcinoma,182389
SCN1A,"Developmental and epileptic encephalopathy|Migraine, familial hemiplegic, 3;Generalized epilepsy with febrile seizures plus, type 2;Severe myoclonic epilepsy in infancy;Febrile seizures, familial, 1",182389
TSC1,Tuberous sclerosis 1|Cervical cancer,605284
DEPDC5,Familial focal epilepsy with variable foci|not provided|Intellectual disability,614191
ARX,"Developmental and epileptic encephalopathy, 1|not provided|Intellectual disability, X-linked, with or without seizures, ARX-related;Developmental and epileptic encephalopathy, 1",300382
PCDH19,Complex febrile seizure,300460
SCN2A,"Developmental and epileptic encephalopathy, 11|not provided",182390
CDKL5,"Developmental and epileptic encephalopathy, 2;Angelman syndrome-like|Developmental and epileptic encephalopathy, 2|CDKL5 disorder",300203
KCNQ2,Intellectual disability|Developmental and epileptic encephalopathy,602235
SLC2A1,Childhood onset GLUT1 deficiency syndrome 2|Encephalopathy due to GLUT1 deficiency,138140
CDKL5,CDKL5-related disorder,300203
SCN8A,"Focal clonic seizure|Developmental and epileptic encephalopathy, 13",600702
SCN3A,not provided|Neurodevelopmental disorder,182391
SCN2A,"not provided|Developmental and epileptic encephalopathy, 11|Complex neurodevelopmental disorder|Episodic ataxia, type 9",182390
SCN1A,"not provided|Generalized epilepsy with febrile seizures plus, type 2|Seizure",182389
SCN1A,"not provided|Developmental and epileptic encephalopathy|Migraine, familial hemiplegic, 3;Generalized epilepsy with febrile seizures plus, type 2;Developmental and epileptic encephalopathy 6B;Severe myoclonic epilepsy in infancy",182389
STXBP1,"not provided|Inborn genetic diseases|Developmental and epileptic encephalopathy, 4",602926
PRRT2,"not provided|Seizures, benign familial infantile, 2|Episodic kinesigenic dyskinesia 1|Episodic kinesigenic dyskinesia|PRRT2-related disorder",614386
KCNQ2,"not provided|Developmental and epileptic encephalopathy|Developmental and epileptic encephalopathy, 7;Seizures, benign familial neonatal, 1|Seizures, benign familial neonatal, 1|Seizure|Developmental and epileptic encephalopathy, 7",602235
DEPDC5,Familial focal epilepsy with variable foci|not provided|Seizure,614191
MECP2,not provided|Severe neonatal-onset encephalopathy with microcephaly|Neurodevelopmental delay|Rett syndrome,300005
SCN1A,"Severe myoclonic epilepsy in infancy|Severe myoclonic epilepsy in infancy;Developmental and epileptic encephalopathy 6B;Migraine, familial hemiplegic, 3;Generalized epilepsy with febrile seizures plus, type 2",182389
SLC2A1,"Encephalopathy due to GLUT1 deficiency|Dystonia 9|GLUT1 deficiency syndrome 1, autosomal recessive|Hereditary cryohydrocytosis with reduced stomatin|Epilepsy, idiopathic generalized, susceptibility to, 12|Childhood onset GLUT1 deficiency syndrome 2",138140
TSC2,Tuberous sclerosis syndrome|Lymphangiomyomatosis;Isolated focal cortical dysplasia type II;Tuberous sclerosis 2,191092
TSC2,Tuberous sclerosis syndrome|Lymphangiomyomatosis;Isolated focal cortical dysplasia type II;Tuberous sclerosis 2|Hereditary cancer-predisposing syndrome,191092
TBC1D24,"Familial infantile myoclonic epilepsy|not specified|Developmental and epileptic encephalopathy, 1;Autosomal dominant nonsyndromic hearing loss 65;Caused by mutation in the TBC1 domain family, member 24",613577
TBC1D24,"Familial infantile myoclonic epilepsy|Developmental and epileptic encephalopathy, 1;Autosomal dominant nonsyndromic hearing loss 65;Caused by mutation in the TBC1 domain family, member 24|TBC1D24-related disorder",613577
SCN2A,"Seizures, benign familial infantile, 3|not provided|Seizures, benign familial infantile, 3;Developmental and epileptic encephalopathy, 11|SCN2A-related disorder",182390
SCN2A,"Seizures, benign familial infantile, 3|not specified",182390
SCN2A,"Seizures, benign familial infantile, 3|Developmental and epileptic encephalopathy, 11;Seizures, benign familial infantile, 3|not provided|Complex neurodevelopmental disorder",182390
SCN1A,"Generalized epilepsy with febrile seizures plus, type 2|Migraine, familial hemiplegic, 3",182389
SCN1A,"Migraine, familial hemiplegic, 3|Generalized epilepsy with febrile seizures plus, type 2",182389
SCN1A,"Migraine, familial hemiplegic, 3|Generalized epilepsy with febrile seizures plus, type 2|not provided",182389
SCN1A,"Generalized epilepsy with febrile seizures plus, type 2|Migraine, familial hemiplegic, 3|not provided",182389
SCN1A,"Migraine, familial hemiplegic, 3|Generalized epilepsy with febrile seizures plus, type 2|Developmental and epileptic encephalopathy|Severe myoclonic epilepsy in infancy",182389
SCN1A,"Generalized epilepsy with febrile seizures plus, type 2|Migraine, familial hemiplegic, 3|Developmental and epileptic encephalopathy",182389
SCN1A,"Migraine, familial hemiplegic, 3|Generalized epilepsy with febrile seizures plus, type 2|Developmental and epileptic encephalopathy",182389
SCN1A,"Generalized epilepsy with febrile seizures plus, type 2|Migraine, familial hemiplegic, 3|not provided|Developmental and epileptic encephalopathy|Inborn genetic diseases",182389
SCN9A,"Primary erythromelalgia|Paroxysmal extreme pain disorder|Channelopathy-associated congenital insensitivity to pain, autosomal recessive",603415
SCN9A,"Paroxysmal extreme pain disorder|Primary erythromelalgia|Channelopathy-associated congenital insensitivity to pain, autosomal recessive",603415
SCN9A,"Channelopathy-associated congenital insensitivity to pain, autosomal recessive|Paroxysmal extreme pain disorder|Primary erythromelalgia",603415
SCN9A,"Channelopathy-associated congenital insensitivity to pain, autosomal recessive|Primary erythromelalgia|Paroxysmal extreme pain disorder",603415
SCN9A,"Primary erythromelalgia|Channelopathy-associated congenital insensitivity to pain, autosomal recessive|Paroxysmal extreme pain disorder",603415
SCN9A,"Paroxysmal extreme pain disorder|Channelopathy-associated congenital insensitivity to pain, autosomal recessive|Primary erythromelalgia",603415
SCN9A,"Paroxysmal extreme pain disorder|Primary erythromelalgia|Channelopathy-associated congenital insensitivity to pain, autosomal recessive|not provided",603415
SCN9A,"Paroxysmal extreme pain disorder|Primary erythromelalgia|Channelopathy-associated congenital insensitivity to pain, autosomal recessive|Neuropathy, hereditary sensory and autonomic, type 2A;Generalized epilepsy with febrile seizures plus, type 7|Inborn genetic diseases|not provided",603415
SCN9A,"Paroxysmal extreme pain disorder|Channelopathy-associated congenital insensitivity to pain, autosomal recessive|Primary erythromelalgia|Neuropathy, hereditary sensory and autonomic, type 2A;Generalized epilepsy with febrile seizures plus, type 7",603415
SCN9A,"Primary erythromelalgia|Channelopathy-associated congenital insensitivity to pain, autosomal recessive|Paroxysmal extreme pain disorder|Neuropathy, hereditary sensory and autonomic, type 2A;Generalized epilepsy with febrile seizures plus, type 7",603415
SCN9A,"Channelopathy-associated congenital insensitivity to pain, autosomal recessive|Primary erythromelalgia|Paroxysmal extreme pain disorder|Neuropathy, hereditary sensory and autonomic, type 2A;Generalized epilepsy with febrile seizures plus, type 7",603415
SCN9A,"Paroxysmal extreme pain disorder|Channelopathy-associated congenital insensitivity to pain, autosomal recessive|Neuropathy, hereditary sensory and autonomic, type 2A;Generalized epilepsy with febrile seizures plus, type 7|Primary erythromelalgia",603415
SCN9A,"Paroxysmal extreme pain disorder|Primary erythromelalgia|Channelopathy-associated congenital insensitivity to pain, autosomal recessive|Neuropathy, hereditary sensory and autonomic, type 2A;Generalized epilepsy with febrile seizures plus, type 7",603415
SCN9A,"Primary erythromelalgia|Paroxysmal extreme pain disorder|Channelopathy-associated congenital insensitivity to pain, autosomal recessive|Neuropathy, hereditary sensory and autonomic, type 2A;Generalized epilepsy with febrile seizures plus, type 7",603415
SCN9A,"Channelopathy-associated congenital insensitivity to pain, autosomal recessive|Paroxysmal extreme pain disorder",603415
GABRA1,"Epilepsy, idiopathic generalized, susceptibility to, 13|Epilepsy, idiopathic generalized, susceptibility to, 13;Epilepsy, childhood absence 4;Idiopathic generalized epilepsy|not provided",137160
GABRG2,"EPILEPSY, CHILDHOOD ABSENCE, SUSCEPTIBILITY TO, 2|Febrile seizures, familial, 8;EPILEPSY, CHILDHOOD ABSENCE, SUSCEPTIBILITY TO, 2",137164
KCNQ3,"Seizures, benign familial neonatal, 2|not provided",602232
KCNQ3,"Benign neonatal seizures|KCNQ3-related disorder|Inborn genetic diseases|Seizures, benign familial neonatal, 2",602232
KCNQ3,"Seizures, benign familial neonatal, 2|KCNQ3-related disorder|not provided",602232
TSC1,Isolated focal cortical dysplasia type II|Tuberous sclerosis 1|Hereditary cancer-predisposing syndrome|Intellectual disability,605284
SCN1A,"Generalized epilepsy with febrile seizures plus, type 1|Developmental and epileptic encephalopathy|Severe myoclonic epilepsy in infancy|not provided",182389
MECP2,Inborn genetic diseases|not provided|Severe neonatal-onset encephalopathy with microcephaly|Rett syndrome,300005
DEPDC5,"not specified|Epilepsy, familial focal, with variable foci 1",614191
SCN1A,Autosomal dominant epilepsy|not provided|Developmental and epileptic encephalopathy,182389
SCN2A,"Seizures, benign familial infantile, 3|Developmental and epileptic encephalopathy, 11",182390
SCN1A,"Migraine, familial hemiplegic, 3|Developmental and epileptic encephalopathy",182389
SCN1A,"Migraine, familial hemiplegic, 3|not provided",182389
SCN9A,"Neuropathy, hereditary sensory and autonomic, type 2A|not provided|Neuropathy, hereditary sensory and autonomic, type 2A;Generalized epilepsy with febrile seizures plus, type 7|not specified|Primary erythromelalgia;Neuropathy, hereditary sensory and autonomic, type 2A;Paroxysmal extreme pain disorder;Channelopathy-associated congenital insensitivity to pain, autosomal recessive",603415
GABRA1,"Developmental and epileptic encephalopathy, 19|Epilepsy, childhood absence 4;Idiopathic generalized epilepsy;Epilepsy, idiopathic generalized, susceptibility to, 13",137160
SCN8A,"Developmental and epileptic encephalopathy|not provided|Developmental and epileptic encephalopathy, 13",600702
TSC2,Lymphangiomyomatosis|Hereditary cancer-predisposing syndrome|Tuberous sclerosis 2,191092
TBC1D24,"Caused by mutation in the TBC1 domain family, member 24;Developmental and epileptic encephalopathy, 1;Autosomal dominant nonsyndromic hearing loss 65|Autosomal dominant nonsyndromic hearing loss 65",613577
PRRT2,"Infantile convulsions and choreoathetosis|Episodic kinesigenic dyskinesia|Episodic kinesigenic dyskinesia 1;Seizures, benign familial infantile, 2;Infantile convulsions and choreoathetosis|Inborn genetic diseases",614386
KCNQ2,"Developmental and epileptic encephalopathy, 7|Developmental and epileptic encephalopathy|Inborn genetic diseases",602235
MECP2,"Autism, susceptibility to, X-linked 3|Severe neonatal-onset encephalopathy with microcephaly|Inborn genetic diseases",300005
SCN1A,"Migraine, familial hemiplegic, 3|not specified",182389
TSC2,Lymphangiomyomatosis|Tuberous sclerosis 2,191092
TSC2,Lymphangiomyomatosis|not provided|Tuberous sclerosis 2,191092
PRRT2,"not provided|Episodic kinesigenic dyskinesia|Seizures, benign familial infantile, 2|Inborn genetic diseases|Infantile convulsions and choreoathetosis;Episodic kinesigenic dyskinesia 1",614386
SCN2A,"Developmental and epileptic encephalopathy, 11|Complex neurodevelopmental disorder|Seizures, benign familial infantile, 3;Developmental and epileptic encephalopathy, 11",182390
PCDH19,Seizure,300460
SLC2A1,"GLUT1 deficiency syndrome 1, autosomal recessive|Hereditary cryohydrocytosis with reduced stomatin|Childhood onset GLUT1 deficiency syndrome 2|not provided|Encephalopathy due to GLUT1 deficiency|Dystonia 9|Epilepsy, idiopathic generalized, susceptibility to, 12",138140
SLC2A1,"GLUT1 deficiency syndrome 1, autosomal recessive|Dystonia 9|not provided|Hereditary cryohydrocytosis with reduced stomatin|Encephalopathy due to GLUT1 deficiency|Childhood onset GLUT1 deficiency syndrome 2|Epilepsy, idiopathic generalized, susceptibility to, 12",138140
SCN2A,"Developmental and epileptic encephalopathy, 11;Seizures, benign familial infantile, 3|Developmental and epileptic encephalopathy, 11;Seizures, benign familial infantile, 3;Episodic ataxia, type 9|Developmental and epileptic encephalopathy, 11|not provided",182390
SCN2A,"Seizures, benign familial infantile, 3;Developmental and epileptic encephalopathy, 11|not provided|Autism;Episodic ataxia, type 9;Seizures, benign familial infantile, 3;Developmental and epileptic encephalopathy, 76|Genetic developmental and epileptic encephalopathy",182390
SCN1A,Seizure|Developmental and epileptic encephalopathy|See cases,182389
SCN9A,"Inborn genetic diseases|Generalized epilepsy with febrile seizures plus, type 7;Neuropathy, hereditary sensory and autonomic, type 2A",603415
GABRA1,"Epilepsy, idiopathic generalized, susceptibility to, 13;Epilepsy, childhood absence 4;Idiopathic generalized epilepsy|Developmental and epileptic encephalopathy, 19",137160
GABRA1,"Idiopathic generalized epilepsy;Epilepsy, idiopathic generalized, susceptibility to, 13;Epilepsy, childhood absence 4|GABRA1-related disorder",137160
TSC1,Tuberous sclerosis 1|TSC1-related disorder|Hereditary cancer-predisposing syndrome,605284
TSC2,Tuberous sclerosis 2|Tuberous sclerosis 2;Lymphangiomyomatosis;Isolated focal cortical dysplasia type II|Tuberous sclerosis syndrome|Hereditary cancer-predisposing syndrome,191092
TSC2,Tuberous sclerosis 2|not provided|Tuberous sclerosis 2;Lymphangiomyomatosis;Isolated focal cortical dysplasia type II|Hereditary cancer-predisposing syndrome,191092
TSC2,Hereditary cancer-predisposing syndrome|Tuberous sclerosis 2|Lymphangiomyomatosis;Tuberous sclerosis 2;Isolated focal cortical dysplasia type II|not provided|Tuberous sclerosis syndrome,191092
TSC2,Tuberous sclerosis 2|Tuberous sclerosis 2;Lymphangiomyomatosis;Isolated focal cortical dysplasia type II|Hereditary cancer-predisposing syndrome|Ovarian cancer|Tuberous sclerosis syndrome,191092
TSC2,not provided|TSC2-related disorder|Hereditary cancer-predisposing syndrome|Tuberous sclerosis 2,191092
TBC1D24,"Autosomal dominant nonsyndromic hearing loss 65;Caused by mutation in the TBC1 domain family, member 24;Developmental and epileptic encephalopathy, 1|Autosomal dominant nonsyndromic hearing loss 65",613577
PRRT2,Episodic kinesigenic dyskinesia|not provided|Seizure,614386
KCNQ2,Developmental and epileptic encephalopathy|Seizure,602235
DEPDC5,"Familial focal epilepsy with variable foci|not provided|Epilepsy, familial focal, with variable foci 1",614191
DEPDC5,"Familial focal epilepsy with variable foci|Epilepsy, familial focal, with variable foci 1|Inborn genetic diseases|Epileptic encephalopathy",614191
DEPDC5,not provided|Familial focal epilepsy with variable foci|Gastric cancer,614191
ARX,"Intellectual disability, X-linked, with or without seizures, ARX-related;Developmental and epileptic encephalopathy, 1|X-linked lissencephaly with abnormal genitalia|ARX-related disorder|not provided",300382
ARX,"Intellectual disability, X-linked, with or without seizures, ARX-related;Developmental and epileptic encephalopathy, 1|Seizure|not provided",300382
ARX,"Intellectual disability, X-linked, with or without seizures, ARX-related;Developmental and epileptic encephalopathy, 1|Intellectual disability",300382
SLC2A1,"GLUT1 deficiency syndrome 1, autosomal recessive|Epilepsy, idiopathic generalized, susceptibility to, 12|Hereditary cryohydrocytosis with reduced stomatin|Inborn genetic diseases|Encephalopathy due to GLUT1 deficiency|Dystonia 9|Childhood onset GLUT1 deficiency syndrome 2",138140
SCN3A,"not provided|Inborn genetic diseases|Developmental and epileptic encephalopathy, 62;Epilepsy, familial focal, with variable foci 4",182391
SCN2A,"Developmental and epileptic encephalopathy, 11;Seizures, benign familial infantile, 3|not provided|Developmental and epileptic encephalopathy",182390
SCN2A,"Seizures, benign familial infantile, 3;Developmental and epileptic encephalopathy, 11|Seizures, benign familial infantile, 3;Episodic ataxia, type 9;Developmental and epileptic encephalopathy, 11",182390
SCN1A,"Developmental and epileptic encephalopathy|Inborn genetic diseases|Developmental and epileptic encephalopathy, 6A|not provided",182389
SCN9A,"Channelopathy-associated congenital insensitivity to pain, autosomal recessive|Neuropathy, hereditary sensory and autonomic, type 2A;Generalized epilepsy with febrile seizures plus, type 7",603415
SCN9A,"Generalized epilepsy with febrile seizures plus, type 7;Neuropathy, hereditary sensory and autonomic, type 2A|Primary erythromelalgia;Paroxysmal extreme pain disorder;Channelopathy-associated congenital insensitivity to pain, autosomal recessive|not provided",603415
GABRA1,"Epilepsy, childhood absence 4;Idiopathic generalized epilepsy;Epilepsy, idiopathic generalized, susceptibility to, 13|not specified",137160
GABRG2,"EPILEPSY, CHILDHOOD ABSENCE, SUSCEPTIBILITY TO, 2;Febrile seizures, familial, 8|Developmental and epileptic encephalopathy, 74|not provided",137164
SCN8A,"Developmental and epileptic encephalopathy|Seizures, benign familial infantile, 5|Developmental and epileptic encephalopathy, 13",600702
SCN8A,Developmental and epileptic encephalopathy|Autism,600702
SCN8A,Developmental and epileptic encephalopathy|not provided|Cognitive impairment with or without cerebellar ataxia,600702
TSC2,Tuberous sclerosis 2;Lymphangiomyomatosis;Isolated focal cortical dysplasia type II|Tuberous sclerosis 2|Hereditary cancer-predisposing syndrome,191092
TBC1D24,"Autosomal dominant nonsyndromic hearing loss 65;Developmental and epileptic encephalopathy, 1;Caused by mutation in the TBC1 domain family, member 24|6 conditions",613577
KCNQ2,"Developmental and epileptic encephalopathy|Seizures, benign familial neonatal, 1|Seizure",602235
KCNQ2,"Developmental and epileptic encephalopathy|Inborn genetic diseases|Developmental and epileptic encephalopathy, 7",602235
DEPDC5,"Familial focal epilepsy with variable foci|not specified|Epilepsy, familial focal, with variable foci 1;Developmental and epileptic encephalopathy 111|not provided|Inborn genetic diseases",614191
DEPDC5,"Familial focal epilepsy with variable foci|Inborn genetic diseases|Epilepsy, familial focal, with variable foci 1|not provided",614191
PCDH19,"Developmental and epileptic encephalopathy, 9|not provided|not specified",300460
SCN1A,"Developmental and epileptic encephalopathy|not specified|SCN1A-related epilepsy syndrome, recessive",182389
SCN1A,"Developmental and epileptic encephalopathy|Developmental and epileptic encephalopathy 6B;Migraine, familial hemiplegic, 3;Severe myoclonic epilepsy in infancy;Generalized epilepsy with febrile seizures plus, type 2|Inborn genetic diseases",182389
SCN1A,"Developmental and epileptic encephalopathy|Generalized epilepsy with febrile seizures plus, type 2|Severe myoclonic epilepsy in infancy|not provided|Generalized epilepsy with febrile seizures plus, type 2;Febrile seizures, familial, 1;Severe myoclonic epilepsy in infancy;Migraine, familial hemiplegic, 3",182389
SCN1A,"Developmental and epileptic encephalopathy|Developmental and epileptic encephalopathy 6B;Migraine, familial hemiplegic, 3;Severe myoclonic epilepsy in infancy;Generalized epilepsy with febrile seizures plus, type 2|Generalized epilepsy with febrile seizures plus, type 2",182389
SCN9A,"Neuropathy, hereditary sensory and autonomic, type 2A;Generalized epilepsy with febrile seizures plus, type 7|Inborn genetic diseases|Channelopathy-associated congenital insensitivity to pain, autosomal recessive;Neuropathy, hereditary sensory and autonomic, type 2A;Paroxysmal extreme pain disorder;Primary erythromelalgia|not provided",603415
SLC6A1,not provided|not specified|Epilepsy with myoclonic atonic seizures,137165
GABRG2,"EPILEPSY, CHILDHOOD ABSENCE, SUSCEPTIBILITY TO, 2;Febrile seizures, familial, 8|EPILEPSY, CHILDHOOD ABSENCE, SUSCEPTIBILITY TO, 2|Inborn genetic diseases",137164
GABRG2,"EPILEPSY, CHILDHOOD ABSENCE, SUSCEPTIBILITY TO, 2;Febrile seizures, familial, 8|GABRG2-related disorder",137164
GABRG2,"EPILEPSY, CHILDHOOD ABSENCE, SUSCEPTIBILITY TO, 2;Febrile seizures, familial, 8|Inborn genetic diseases|not provided",137164
KCNQ3,Benign neonatal seizures|KCNQ3-related disorder,602232
KCNQ3,Benign neonatal seizures|not provided|KCNQ3-related disorder,602232
TSC1,Tuberous sclerosis 1|Tuberous sclerosis syndrome|Tuberous sclerosis 1;Lymphangiomyomatosis;Isolated focal cortical dysplasia type II|Hereditary cancer-predisposing syndrome,605284
TSC1,Tuberous sclerosis 1|Hereditary cancer-predisposing syndrome|Tuberous sclerosis syndrome|Lymphangiomyomatosis;Isolated focal cortical dysplasia type II;Tuberous sclerosis 1,605284
SCN8A,"Developmental and epileptic encephalopathy|Seizures, benign familial infantile, 5|not provided",600702
TSC2,Tuberous sclerosis 2|Tuberous sclerosis 2;Lymphangiomyomatosis;Isolated focal cortical dysplasia type II|Hereditary cancer-predisposing syndrome,191092
SCN1A,"Developmental and epileptic encephalopathy|Developmental and epileptic encephalopathy 6B;Severe myoclonic epilepsy in infancy;Generalized epilepsy with febrile seizures plus, type 2",182389
TSC2,Tuberous sclerosis 2|Hereditary cancer-predisposing syndrome|Tuberous sclerosis syndrome|not provided|Tuberous sclerosis 2;Lymphangiomyomatosis;Isolated focal cortical dysplasia type II,191092
TBC1D24,"Caused by mutation in the TBC1 domain family, member 24;Autosomal dominant nonsyndromic hearing loss 65;Developmental and epileptic encephalopathy, 1|Inborn genetic diseases|not provided",613577
DEPDC5,"Familial focal epilepsy with variable foci|Epilepsy, familial focal, with variable foci 1;Developmental and epileptic encephalopathy 111",614191
MECP2,Severe neonatal-onset encephalopathy with microcephaly|not provided|MECP2-related disorder|Rett syndrome,300005
SCN1A,"Generalized epilepsy with febrile seizures plus, type 2|Developmental and epileptic encephalopathy|Ovarian serous cystadenocarcinoma|Severe myoclonic epilepsy in infancy",182389
STXBP1,Developmental and epileptic encephalopathy|STXBP1-related disorder,602926
SCN1A,Severe myoclonic epilepsy in infancy|Developmental and epileptic encephalopathy;Generalized epilepsy with febrile seizures plus;Severe myoclonic epilepsy in infancy;Familial hemiplegic migraine|Developmental and epileptic encephalopathy,182389
MECP2,MECP2-related disorder,300005
SCN3A,SCN3A-related neurodevelopmental sisorder|not provided,182391
SLC2A1,Encephalopathy due to GLUT1 deficiency;Childhood onset GLUT1 deficiency syndrome 2;Dystonia 9;Hereditary cryohydrocytosis with reduced stomatin,138140
STXBP1,"Developmental and epileptic encephalopathy, 4|Infantile epilepsy syndrome|Developmental and epileptic encephalopathy",602926
MECP2,Syndromic X-linked intellectual disability Lubs type|Severe neonatal-onset encephalopathy with microcephaly,300005
SLC2A1,"Encephalopathy due to GLUT1 deficiency|GLUT1 deficiency syndrome 1, autosomal recessive",138140
ALDH7A1,Intellectual disability|Pyridoxine-dependent epilepsy,107323
GABRG2,Intellectual disability|not provided|GABRG2-related disorder|not specified,137164
KCNQ3,Intellectual disability,602232
CHD2,Intellectual disability,602119
KCNQ2,"Developmental and epileptic encephalopathy, 1|Developmental and epileptic encephalopathy, 7",602235
KCNQ2,"Developmental and epileptic encephalopathy, 1",602235
DEPDC5,Intellectual disability,614191
CHD2,Intellectual disability|Developmental and epileptic encephalopathy 94,602119
SLC2A1,Encephalopathy due to GLUT1 deficiency|Intellectual disability,138140
SCN2A,"Intellectual disability|Developmental and epileptic encephalopathy, 11",182390
SCN2A,"Developmental and epileptic encephalopathy, 11|not provided|Seizures, benign familial infantile, 3;Developmental and epileptic encephalopathy, 11|Seizures, benign familial infantile, 3|Pulmonary fibrosis and/or bone marrow failure, Telomere-related, 3",182390
SCN2A,"Developmental and epileptic encephalopathy, 11|See cases|Seizures, benign familial infantile, 3;Developmental and epileptic encephalopathy, 11|Inborn genetic diseases",182390
SCN9A,"Severe myoclonic epilepsy in infancy|Neuropathy, hereditary sensory and autonomic, type 2A;Generalized epilepsy with febrile seizures plus, type 7|Inborn genetic diseases",603415
STXBP1,"Intellectual disability|Developmental and epileptic encephalopathy, 4",602926
TSC1,Isolated focal cortical dysplasia type II,605284
CHD2,Developmental and epileptic encephalopathy 94|Intellectual disability,602119
KCNQ2,"Seizures, benign familial neonatal, 1|Inborn genetic diseases|Developmental and epileptic encephalopathy",602235
KCNQ2,"Seizures, benign familial neonatal, 1|not provided|Developmental and epileptic encephalopathy|KCNQ2-related disorder",602235
MECP2,"Rett syndrome|Developmental and epileptic encephalopathy, 2|MECP2-related disorder",300005
MECP2,Rett syndrome|Intellectual disability,300005
CDKL5,"Developmental and epileptic encephalopathy, 2|Nonpapillary renal cell carcinoma",300203
CDKL5,"not provided|Developmental and epileptic encephalopathy, 2|Inborn genetic diseases",300203
ARX,"Developmental and epileptic encephalopathy, 1|Intellectual disability",300382
SCN1A,"Severe myoclonic epilepsy in infancy|not provided|Generalized epilepsy with febrile seizures plus, type 2",182389
GABRG2,"Developmental and epileptic encephalopathy, 74",137164
TSC2,Isolated focal cortical dysplasia type II|Tuberous sclerosis 2,191092
SCN1A,"Severe myoclonic epilepsy in infancy;Generalized epilepsy with febrile seizures plus, type 2|Severe myoclonic epilepsy in infancy",182389
SCN2A,"Seizures, benign familial infantile, 3;Developmental and epileptic encephalopathy, 11|Developmental and epileptic encephalopathy",182390
KCNQ2,"Seizures, benign familial neonatal, 1;Developmental and epileptic encephalopathy, 7",602235
SLC2A1,Intellectual disability,138140
SCN2A,Intellectual disability,182390
SCN2A,"Intellectual disability|not provided|Inborn genetic diseases|Developmental and epileptic encephalopathy, 11|Seizures, benign familial infantile, 3;Developmental and epileptic encephalopathy, 11",182390
SCN1A,Intellectual disability,182389
SLC6A1,Intellectual disability|SLC6A1-related disorder,137165
SLC6A1,Intellectual disability,137165
SLC6A1,Intellectual disability|not provided|Epilepsy with myoclonic atonic seizures,137165
KCNQ3,"Intellectual disability|Seizures, benign familial neonatal, 2|Benign neonatal seizures;Early Infantile Epileptic Encephalopathy, Autosomal Dominant;Early Infantile Epileptic Encephalopathy, Autosomal Recessive|Inborn genetic diseases|not provided",602232
SCN8A,not provided|Acute myeloid leukemia|Lung cancer|Cervical cancer|Intellectual disability,600702
SCN8A,Intellectual disability,600702
MECP2,Intellectual disability,300005
DEPDC5,Seizure,614191
GABRA1,Intellectual disability,137160
GABRA1,"Intellectual disability|Developmental and epileptic encephalopathy, 19",137160
GABRG2,Intellectual disability,137164
CHD2,"Intellectual disability|Thyroid cancer, nonmedullary, 1",602119
CHD2,Intellectual disability|not specified|Developmental and epileptic encephalopathy 94|not provided,602119
CHD2,Intellectual disability|not provided,602119
STXBP1,Intellectual disability|Developmental and epileptic encephalopathy,602926
STXBP1,Intellectual disability,602926
TSC2,Intellectual disability|not provided|Tuberous sclerosis 2,191092
SCN1A,Intellectual disability|not provided|Developmental and epileptic encephalopathy,182389
MECP2,Non-syndromic X-linked intellectual disability,300005
SCN2A,"Developmental and epileptic encephalopathy, 11|Seizure",182390
SCN2A,"Developmental and epileptic encephalopathy, 11|not provided|Inborn genetic diseases",182390
SCN1A,"Generalized epilepsy with febrile seizures plus, type 2|Severe myoclonic epilepsy in infancy",182389
TBC1D24,"DOORS syndrome|Caused by mutation in the TBC1 domain family, member 24;Developmental and epileptic encephalopathy, 1;Autosomal dominant nonsyndromic hearing loss 65",613577
KCNQ2,"Developmental and epileptic encephalopathy, 7|Seizures, benign familial neonatal, 1;Developmental and epileptic encephalopathy, 7",602235
CDKL5,"Developmental and epileptic encephalopathy, 2|not provided|CDKL5 disorder|Inborn genetic diseases",300203
SCN2A,Seizure|not provided,182390
SCN3A,Neurodevelopmental abnormality|not provided,182391
GABRA1,Neurodevelopmental abnormality,137160
CHD2,Sifrim-Hitz-Weiss syndrome,602119
SCN2A,"Complex neurodevelopmental disorder|Developmental and epileptic encephalopathy, 11|Intellectual disability",182390
STXBP1,Infantile epilepsy syndrome,602926
STXBP1,"Infantile epilepsy syndrome|Developmental and epileptic encephalopathy, 4",602926
SCN2A,"Complex neurodevelopmental disorder|Seizures, benign familial infantile, 3;Complex neurodevelopmental disorder;Developmental and epileptic encephalopathy, 11;Episodic ataxia, type 9",182390
SCN2A,"Complex neurodevelopmental disorder|Seizures, benign familial infantile, 3;Developmental and epileptic encephalopathy, 11",182390
SCN2A,Complex neurodevelopmental disorder|not provided,182390
SCN2A,"Seizures, benign familial infantile, 3;Developmental and epileptic encephalopathy, 11|not provided|Inborn genetic diseases|Seizures, benign familial infantile, 3;Episodic ataxia, type 9;Developmental and epileptic encephalopathy, 11|Complex neurodevelopmental disorder",182390
SCN2A,Complex neurodevelopmental disorder|SCN2A-related disorder,182390
SCN2A,"Complex neurodevelopmental disorder|Developmental and epileptic encephalopathy|Seizures, benign familial infantile, 3;Developmental and epileptic encephalopathy, 11",182390
SCN2A,"Complex neurodevelopmental disorder|Developmental and epileptic encephalopathy, 11",182390
STXBP1,Infantile epilepsy syndrome|Inborn genetic diseases,602926
CHD2,Complex neurodevelopmental disorder,602119
KCNQ2,KCNQ2-related disorder|Developmental and epileptic encephalopathy,602235
SLC2A1,"Inborn genetic diseases|GLUT1 deficiency syndrome 1, autosomal recessive|not provided|Hereditary cryohydrocytosis with reduced stomatin|Childhood onset GLUT1 deficiency syndrome 2|Encephalopathy due to GLUT1 deficiency|Dystonia 9|Epilepsy, idiopathic generalized, susceptibility to, 12|SLC2A1-related disorder",138140
SLC2A1,"Inborn genetic diseases|GLUT1 deficiency syndrome 1, autosomal recessive|Dystonia 9;Hereditary cryohydrocytosis with reduced stomatin;Encephalopathy due to GLUT1 deficiency;Childhood onset GLUT1 deficiency syndrome 2;Epilepsy, idiopathic generalized, susceptibility to, 12|Encephalopathy due to GLUT1 deficiency|Childhood onset GLUT1 deficiency syndrome 2|Dystonia 9|Epilepsy, idiopathic generalized, susceptibility to, 12|Hereditary cryohydrocytosis with reduced stomatin|not provided",138140
SCN2A,"Inborn genetic diseases|not provided|Seizures, benign familial infantile, 3;Developmental and epileptic encephalopathy, 11|SCN2A-related disorder|Developmental and epileptic encephalopathy, 11",182390
SCN2A,"Inborn genetic diseases|Episodic ataxia, type 9;Seizures, benign familial infantile, 3;Developmental and epileptic encephalopathy, 11",182390
SCN2A,"Inborn genetic diseases|not provided|Developmental and epileptic encephalopathy, 11|Seizures, benign familial infantile, 3;Developmental and epileptic encephalopathy, 11",182390
GABRA1,"Inborn genetic diseases|Developmental and epileptic encephalopathy, 19",137160
FOXG1,"Inborn genetic diseases|Rett syndrome, congenital variant|FOXG1 disorder|not provided|not specified",164874
SLC2A1,SLC2A1-related disorder,138140
GABRA1,not provided|GABRA1-related disorder|Inborn genetic diseases,137160
SCN2A,"Seizures, benign familial infantile, 3|not provided|Developmental and epileptic encephalopathy, 11;Seizures, benign familial infantile, 3|Inborn genetic diseases",182390
SCN2A,"Episodic ataxia, type 9;Seizures, benign familial infantile, 3;Developmental and epileptic encephalopathy, 11",182390
SCN3A,SCN3A-related neurodevelopmental disorder|not provided,182391
ARX,"Intellectual disability, X-linked, with or without seizures, ARX-related|Inborn genetic diseases",300382
CDKL5,Seizure,300203
SLC2A1,"Encephalopathy due to GLUT1 deficiency|Childhood onset GLUT1 deficiency syndrome 2|Hereditary cryohydrocytosis with reduced stomatin|not provided|Dystonia 9|Epilepsy, idiopathic generalized, susceptibility to, 12",138140
SCN9A,"Neuropathy, hereditary sensory and autonomic, type 2A;Generalized epilepsy with febrile seizures plus, type 7|not provided|Generalized epilepsy with febrile seizures plus, type 7",603415
GABRA1,"Developmental and epileptic encephalopathy, 19|not provided",137160
TSC1,not provided|Hereditary cancer-predisposing syndrome,605284
SCN8A,Cognitive impairment with or without cerebellar ataxia|Developmental and epileptic encephalopathy,600702
SCN8A,"not specified|Developmental and epileptic encephalopathy, 13",600702
STXBP1,"Developmental and epileptic encephalopathy|Inborn genetic diseases|not provided|Autism spectrum disorder|Developmental and epileptic encephalopathy, 4",602926
PCDH19,"Developmental and epileptic encephalopathy, 9|Focal-onset seizure",300460
KCNQ2,Seizure,602235
SCN1A,"Generalized epilepsy with febrile seizures plus, type 2|not provided|Developmental and epileptic encephalopathy",182389
SLC2A1,"GLUT1 deficiency syndrome 1, autosomal recessive|Seizure",138140
SLC2A1,"GLUT1 deficiency syndrome 1, autosomal recessive|Encephalopathy due to GLUT1 deficiency|Inborn genetic diseases|Gastric cancer",138140
SCN2A,"Developmental and epileptic encephalopathy, 11;Seizures, benign familial infantile, 3|not specified",182390
SCN2A,"Developmental and epileptic encephalopathy, 11;Seizures, benign familial infantile, 3|Epilepsy of infancy with migrating focal seizures",182390
SCN1A,"Developmental and epileptic encephalopathy|Developmental and epileptic encephalopathy 6B;Migraine, familial hemiplegic, 3;Severe myoclonic epilepsy in infancy;Generalized epilepsy with febrile seizures plus, type 2",182389
SCN9A,"Neuropathy, hereditary sensory and autonomic, type 2A;Generalized epilepsy with febrile seizures plus, type 7|Primary erythromelalgia;Neuropathy, hereditary sensory and autonomic, type 2A;Paroxysmal extreme pain disorder;Channelopathy-associated congenital insensitivity to pain, autosomal recessive",603415
TSC1,Tuberous sclerosis 1|Hereditary cancer-predisposing syndrome|Isolated focal cortical dysplasia type II;Tuberous sclerosis 1;Lymphangiomyomatosis,605284
TSC1,Tuberous sclerosis 1|Isolated focal cortical dysplasia type II;Tuberous sclerosis 1;Lymphangiomyomatosis|Hereditary cancer-predisposing syndrome,605284
SCN8A,Developmental and epileptic encephalopathy|Autosomal recessive inheritance;Global developmental delay;Seizure|not provided|Complex neurodevelopmental disorder,600702
CHD2,Developmental and epileptic encephalopathy 94|See cases,602119
NPRL3,"Epilepsy, familial focal, with variable foci 3|NPRL3-related disorder|Inborn genetic diseases",600928
TSC2,Tuberous sclerosis 2|Autism spectrum disorder|Isolated focal cortical dysplasia type II|Hereditary cancer-predisposing syndrome,191092
TSC2,Tuberous sclerosis 2|Tuberous sclerosis 2;Isolated focal cortical dysplasia type II,191092
TSC2,Hereditary cancer-predisposing syndrome|Tuberous sclerosis 2|Isolated focal cortical dysplasia type II;Tuberous sclerosis 2;Lymphangiomyomatosis,191092
TSC2,Tuberous sclerosis 2|not provided|Hereditary cancer-predisposing syndrome|Lymphangiomyomatosis;Tuberous sclerosis 2;Isolated focal cortical dysplasia type II,191092
TBC1D24,"Inborn genetic diseases|Autosomal dominant nonsyndromic hearing loss 65;Developmental and epileptic encephalopathy, 1;Caused by mutation in the TBC1 domain family, member 24|not provided",613577
DEPDC5,"Inborn genetic diseases|Epilepsy, familial focal, with variable foci 1|Familial focal epilepsy with variable foci|not provided",614191
MECP2,Severe neonatal-onset encephalopathy with microcephaly|not provided|Rett syndrome|Inborn genetic diseases,300005
MECP2,Severe neonatal-onset encephalopathy with microcephaly|MECP2-related disorder|Inborn genetic diseases,300005
CDKL5,"Developmental and epileptic encephalopathy, 2;Angelman syndrome-like|CDKL5 disorder",300203
CHD2,not provided|Developmental and epileptic encephalopathy 94|Seizure|Neurodevelopmental disorder,602119
SCN2A,"Developmental and epileptic encephalopathy, 11;Seizures, benign familial infantile, 3|Episodic ataxia, type 9|SCN2A-related disorder",182390
SCN2A,"Developmental and epileptic encephalopathy, 11;Seizures, benign familial infantile, 3|Seizure|not provided",182390
SCN1A,"Developmental and epileptic encephalopathy|Developmental and epileptic encephalopathy, 6A|not provided",182389
SCN9A,"Neuropathy, hereditary sensory and autonomic, type 2A;Generalized epilepsy with febrile seizures plus, type 7|Neuropathy, hereditary sensory and autonomic, type 2A;Channelopathy-associated congenital insensitivity to pain, autosomal recessive;Paroxysmal extreme pain disorder;Primary erythromelalgia|not provided",603415
SLC6A1,not specified|Epilepsy with myoclonic atonic seizures,137165
SLC6A1,Epilepsy with myoclonic atonic seizures|not specified,137165
ALDH7A1,Pyridoxine-dependent epilepsy|Gastric cancer,107323
GABRA1,"Epilepsy, childhood absence 4;Idiopathic generalized epilepsy;Epilepsy, idiopathic generalized, susceptibility to, 13|not provided",137160
GABRA1,"Epilepsy, idiopathic generalized, susceptibility to, 13;Epilepsy, childhood absence 4;Idiopathic generalized epilepsy|not specified",137160
GABRG2,"EPILEPSY, CHILDHOOD ABSENCE, SUSCEPTIBILITY TO, 2;Febrile seizures, familial, 8|Seizure",137164
GABRG2,"EPILEPSY, CHILDHOOD ABSENCE, SUSCEPTIBILITY TO, 2;Febrile seizures, familial, 8|Febrile seizures, familial, 8|Inborn genetic diseases|EPILEPSY, CHILDHOOD ABSENCE, SUSCEPTIBILITY TO, 2",137164
TSC1,Tuberous sclerosis 1|Tuberous sclerosis syndrome|Hereditary cancer-predisposing syndrome|Isolated focal cortical dysplasia type II;Tuberous sclerosis 1;Lymphangiomyomatosis,605284
SCN8A,"Developmental and epileptic encephalopathy|Seizures, benign familial infantile, 5|Myoclonus, familial, 2|Cognitive impairment with or without cerebellar ataxia|Developmental and epileptic encephalopathy, 13",600702
TSC2,Tuberous sclerosis 2|Tuberous sclerosis 2;Lymphangiomyomatosis;Isolated focal cortical dysplasia type II,191092
TSC2,Tuberous sclerosis 2|Ovarian serous cystadenocarcinoma,191092
PCDH19,"Developmental and epileptic encephalopathy, 9|Abnormal cerebral morphology",300460
ARX,"Developmental and epileptic encephalopathy, 1;Intellectual disability, X-linked, with or without seizures, ARX-related|ARX-related disorder|not provided",300382
SCN2A,"not provided|Spastic ataxia|Seizures, benign familial infantile, 3;Developmental and epileptic encephalopathy, 11",182390
STXBP1,Developmental and epileptic encephalopathy|Inborn genetic diseases|Spastic ataxia,602926
STXBP1,Spastic ataxia|Developmental and epileptic encephalopathy|not provided,602926
SLC2A1,"Dystonia 9|Childhood onset GLUT1 deficiency syndrome 2|Encephalopathy due to GLUT1 deficiency|Epilepsy, idiopathic generalized, susceptibility to, 12|GLUT1 deficiency syndrome 1, autosomal recessive|Hereditary cryohydrocytosis with reduced stomatin|not provided",138140
GABRG2,"Developmental and epileptic encephalopathy, 74|Febrile seizures, familial, 8;EPILEPSY, CHILDHOOD ABSENCE, SUSCEPTIBILITY TO, 2|Febrile seizures, familial, 8",137164
GABRG2,"Developmental and epileptic encephalopathy, 74|not provided",137164
SCN8A,"Seizures, benign familial infantile, 5|not provided",600702
SCN8A,Cognitive impairment with or without cerebellar ataxia|Developmental and epileptic encephalopathy|not provided,600702
TSC2,Isolated focal cortical dysplasia type II|Tuberous sclerosis 2|Tuberous sclerosis syndrome,191092
TBC1D24,"DOORS syndrome|Developmental and epileptic encephalopathy, 1;Autosomal dominant nonsyndromic hearing loss 65;Caused by mutation in the TBC1 domain family, member 24|Developmental and epileptic encephalopathy, 16",613577
KCNQ2,"Developmental and epileptic encephalopathy, 7|Developmental and epileptic encephalopathy, 7;Seizures, benign familial neonatal, 1",602235
SLC2A1,Dystonia 9|not provided,138140
SCN1A,"Generalized epilepsy with febrile seizures plus, type 2|Severe myoclonic epilepsy in infancy|not provided|Developmental and epileptic encephalopathy",182389
SCN9A,"Generalized epilepsy with febrile seizures plus, type 7",603415
DEPDC5,"Epilepsy, familial focal, with variable foci 1|Familial focal epilepsy with variable foci|DEPDC5-related disorder",614191
DEPDC5,"Epilepsy, familial focal, with variable foci 1|Inborn genetic diseases",614191
SLC2A1,"GLUT1 deficiency syndrome 1, autosomal recessive|not provided|Hereditary cryohydrocytosis with reduced stomatin|Childhood onset GLUT1 deficiency syndrome 2|Encephalopathy due to GLUT1 deficiency|Dystonia 9|Epilepsy, idiopathic generalized, susceptibility to, 12",138140
SLC2A1,"GLUT1 deficiency syndrome 1, autosomal recessive|not provided|Epilepsy, idiopathic generalized, susceptibility to, 12;Dystonia 9;Encephalopathy due to GLUT1 deficiency;Childhood onset GLUT1 deficiency syndrome 2;Hereditary cryohydrocytosis with reduced stomatin|Hereditary cryohydrocytosis with reduced stomatin|Encephalopathy due to GLUT1 deficiency|Childhood onset GLUT1 deficiency syndrome 2|Dystonia 9|Epilepsy, idiopathic generalized, susceptibility to, 12",138140
SCN2A,"Seizures, benign familial infantile, 3;Developmental and epileptic encephalopathy, 11|not provided|Developmental and epileptic encephalopathy, 11|Episodic ataxia, type 9",182390
SCN2A,"Seizures, benign familial infantile, 3;Developmental and epileptic encephalopathy, 11|Seizures, benign familial infantile, 3;Developmental and epileptic encephalopathy, 11;Episodic ataxia, type 9|not provided",182390
SCN1A,Developmental and epileptic encephalopathy|Autosomal dominant epilepsy|not provided,182389
SCN1A,Developmental and epileptic encephalopathy|Inborn genetic diseases|not specified|not provided,182389
SCN1A,"Developmental and epileptic encephalopathy|not specified|not provided|Generalized epilepsy with febrile seizures plus, type 2",182389
TSC1,Tuberous sclerosis 1|Papillary renal cell carcinoma type 1,605284
TSC1,Tuberous sclerosis 1|Hereditary cancer-predisposing syndrome|not provided|not specified,605284
SCN8A,"Developmental and epileptic encephalopathy|Seizures, benign familial infantile, 5;Cognitive impairment with or without cerebellar ataxia;Developmental and epileptic encephalopathy, 13;Myoclonus, familial, 2|not provided",600702
SCN8A,"Developmental and epileptic encephalopathy|Developmental and epileptic encephalopathy, 13;Seizures, benign familial infantile, 5",600702
SCN8A,Developmental and epileptic encephalopathy|Myoclonus,600702
TSC2,Tuberous sclerosis syndrome|Hereditary cancer-predisposing syndrome|Tuberous sclerosis 2;Isolated focal cortical dysplasia type II;Lymphangiomyomatosis|Tuberous sclerosis 2,191092
TSC2,Tuberous sclerosis 2|not provided|Tuberous sclerosis syndrome|Hereditary cancer-predisposing syndrome|Tuberous sclerosis 2;Isolated focal cortical dysplasia type II;Lymphangiomyomatosis,191092
NPRL3,"Epilepsy, familial focal, with variable foci 3|Epilepsy",600928
CDKL5,"Developmental and epileptic encephalopathy, 2;Angelman syndrome-like|not provided|CDKL5 disorder",300203
SCN9A,Generalized epilepsy with febrile seizures plus,603415
SCN1A,"Seizure|Developmental and epileptic encephalopathy|Generalized epilepsy with febrile seizures plus, type 2;Severe myoclonic epilepsy in infancy",182389
SLC2A1,"GLUT1 deficiency syndrome 1, autosomal recessive|Encephalopathy due to GLUT1 deficiency|Dystonia 9|not provided|Hereditary cryohydrocytosis with reduced stomatin|Childhood onset GLUT1 deficiency syndrome 2|Epilepsy, idiopathic generalized, susceptibility to, 12",138140
SCN2A,"Seizures, benign familial infantile, 3;Developmental and epileptic encephalopathy, 11|Inborn genetic diseases|not provided",182390
SCN2A,"Seizures, benign familial infantile, 3;Developmental and epileptic encephalopathy, 11|Inborn genetic diseases|SCN2A-related disorder",182390
SCN2A,"Developmental and epileptic encephalopathy, 11;Seizures, benign familial infantile, 3|Developmental and epileptic encephalopathy, 11;Seizures, benign familial infantile, 3;Episodic ataxia, type 9|not provided",182390
SCN2A,"Seizures, benign familial infantile, 3;Developmental and epileptic encephalopathy, 11|Episodic ataxia, type 9|not provided",182390
SCN1A,"Developmental and epileptic encephalopathy|Generalized epilepsy with febrile seizures plus, type 2;Febrile seizures, familial, 1;Severe myoclonic epilepsy in infancy;Migraine, familial hemiplegic, 3",182389
SCN1A,"Developmental and epileptic encephalopathy|Generalized epilepsy with febrile seizures plus, type 2;Severe myoclonic epilepsy in infancy;Developmental and epileptic encephalopathy 6B",182389
SCN1A,"Developmental and epileptic encephalopathy|Generalized epilepsy with febrile seizures plus, type 2;Severe myoclonic epilepsy in infancy;Migraine, familial hemiplegic, 3;Developmental and epileptic encephalopathy 6B",182389
SCN9A,"Neuropathy, hereditary sensory and autonomic, type 2A;Generalized epilepsy with febrile seizures plus, type 7|Primary erythromelalgia;Neuropathy, hereditary sensory and autonomic, type 2A;Paroxysmal extreme pain disorder;Channelopathy-associated congenital insensitivity to pain, autosomal recessive;Generalized epilepsy with febrile seizures plus",603415
TSC1,Tuberous sclerosis 1|Isolated focal cortical dysplasia type II;Lymphangiomyomatosis;Tuberous sclerosis 1|not provided|Hereditary cancer-predisposing syndrome,605284
TSC1,Tuberous sclerosis 1|Lymphangiomyomatosis;Tuberous sclerosis 1;Isolated focal cortical dysplasia type II|Isolated focal cortical dysplasia type II,605284
TSC1,Tuberous sclerosis 1|Lymphangiomyomatosis;Tuberous sclerosis 1;Isolated focal cortical dysplasia type II|Hereditary cancer-predisposing syndrome|Tuberous sclerosis syndrome,605284
TSC2,Tuberous sclerosis 2|Tuberous sclerosis syndrome|Hereditary cancer-predisposing syndrome|Isolated focal cortical dysplasia type II;Tuberous sclerosis 2,191092
TSC2,Tuberous sclerosis 2|Tuberous sclerosis syndrome|Lymphangiomyomatosis;Isolated focal cortical dysplasia type II;Tuberous sclerosis 2|Hereditary cancer-predisposing syndrome,191092
PRRT2,Episodic kinesigenic dyskinesia|PRRT2-related disorder,614386
KCNQ2,"Developmental and epileptic encephalopathy|Developmental and epileptic encephalopathy, 7;Seizures, benign familial neonatal, 1",602235
CDKL5,"Angelman syndrome-like;Developmental and epileptic encephalopathy, 2|not specified|Developmental and epileptic encephalopathy, 2",300203
CDKL5,"Angelman syndrome-like;Developmental and epileptic encephalopathy, 2|not provided|CDKL5 disorder",300203
ARX,"Intellectual disability, X-linked, with or without seizures, ARX-related;Developmental and epileptic encephalopathy, 1|not provided|ARX-related disorder|Inborn genetic diseases",300382
SCN3A,"Developmental and epileptic encephalopathy, 62|SCN3A-related disorder",182391
SCN1A,Seizure|Developmental and epileptic encephalopathy,182389
SCN1A,"Generalized epilepsy with febrile seizures plus, type 2;Severe myoclonic epilepsy in infancy",182389
SCN2A,Neurodevelopmental disorder,182390
SCN1A,Neurodevelopmental disorder|Developmental and epileptic encephalopathy,182389
SCN8A,Neurodevelopmental disorder,600702
SCN1A,West syndrome,182389
SCN1A,Epilepsy|not provided|Developmental and epileptic encephalopathy,182389
SLC2A1,"GLUT1 deficiency syndrome 1, autosomal recessive|Inborn genetic diseases|Encephalopathy due to GLUT1 deficiency",138140
SCN2A,"Developmental and epileptic encephalopathy, 11;Seizures, benign familial infantile, 3|SCN2A-associated neurodevelopmental disorders",182390
SCN1A,Developmental and epileptic encephalopathy|not provided|Severe myoclonic epilepsy in infancy,182389
TSC1,Tuberous sclerosis 1|Malignant tumor of urinary bladder|not provided,605284
CHD2,Developmental and epileptic encephalopathy 94|not provided|Intellectual disability,602119
TBC1D24,"Caused by mutation in the TBC1 domain family, member 24;Developmental and epileptic encephalopathy, 1;Autosomal dominant nonsyndromic hearing loss 65|DOORS syndrome;Familial infantile myoclonic epilepsy;Developmental and epileptic encephalopathy, 16;Rolandic epilepsy-paroxysmal exercise-induced dystonia-writer's cramp syndrome",613577
ARX,"Intellectual disability, X-linked, with or without seizures, ARX-related;Developmental and epileptic encephalopathy, 1|not provided|Developmental and epileptic encephalopathy, 1",300382
FOXG1,Lissencephaly,164874
TSC2,Focal cortical dysplasia;Cortical tubers|Tuberous sclerosis 2,191092
ARX,"Periventricular heterotopia;Arachnoid cyst;Corpus callosum, agenesis of|not provided",300382
SLC2A1,"GLUT1 deficiency syndrome 1, autosomal recessive|not specified|Epilepsy, idiopathic generalized, susceptibility to, 12|Hereditary cryohydrocytosis with reduced stomatin|Encephalopathy due to GLUT1 deficiency|Childhood onset GLUT1 deficiency syndrome 2|Dystonia 9",138140
SCN3A,SCN3A-related disorder|not provided,182391
SCN1A,Developmental and epileptic encephalopathy|Inborn genetic diseases|not specified,182389
SCN9A,"Neuropathy, hereditary sensory and autonomic, type 2A;Generalized epilepsy with febrile seizures plus, type 7|not provided|not specified",603415
SLC6A1,Inborn genetic diseases|SLC6A1-related disorder|Epilepsy with myoclonic atonic seizures,137165
GABRA1,"Epilepsy, childhood absence 4;Idiopathic generalized epilepsy;Epilepsy, idiopathic generalized, susceptibility to, 13|Inborn genetic diseases",137160
STXBP1,Developmental and epileptic encephalopathy|not provided|STXBP1-related disorder,602926
TSC2,Tuberous sclerosis 2|Hereditary cancer-predisposing syndrome|Familial cancer of breast,191092
TSC2,Tuberous sclerosis 2|Tuberous sclerosis syndrome|Hereditary cancer-predisposing syndrome|Isolated focal cortical dysplasia type II;Lymphangiomyomatosis;Tuberous sclerosis 2,191092
TSC2,Tuberous sclerosis 2|Tuberous sclerosis syndrome|not specified,191092
SCN8A,See cases,600702
SCN1A,Developmental and epileptic encephalopathy 6B,182389
SLC2A1,"GLUT1 deficiency syndrome 1, autosomal recessive|not provided|Inborn genetic diseases|Encephalopathy due to GLUT1 deficiency|Hereditary cryohydrocytosis with reduced stomatin|Childhood onset GLUT1 deficiency syndrome 2|Dystonia 9|Epilepsy, idiopathic generalized, susceptibility to, 12",138140
GABRA1,"Epilepsy, idiopathic generalized, susceptibility to, 13;Idiopathic generalized epilepsy;Epilepsy, childhood absence 4|Inborn genetic diseases",137160
FOXG1,"Rett syndrome, congenital variant|Inborn genetic diseases|not specified",164874
CHD2,Developmental and epileptic encephalopathy 94|not provided|CHD2-related disorder,602119
TSC2,Tuberous sclerosis 2|Hereditary cancer-predisposing syndrome|Isolated focal cortical dysplasia type II;Lymphangiomyomatosis;Tuberous sclerosis 2|Tuberous sclerosis syndrome|not provided,191092
MECP2,Severe neonatal-onset encephalopathy with microcephaly|not provided|not specified,300005
SCN2A,"Seizures, benign familial infantile, 3;Developmental and epileptic encephalopathy, 11|SCN2A-related disorder",182390
ALDH7A1,Pyridoxine-dependent epilepsy|ALDH7A1-related disorder,107323
GABRA1,"Idiopathic generalized epilepsy;Epilepsy, childhood absence 4;Epilepsy, idiopathic generalized, susceptibility to, 13|Developmental and epileptic encephalopathy, 19",137160
STXBP1,Developmental and epileptic encephalopathy|not provided|not specified|STXBP1-related disorder,602926
TSC1,Hereditary cancer-predisposing syndrome|not specified|Tuberous sclerosis 1,605284
FOXG1,"Rett syndrome, congenital variant|not specified|FOXG1 disorder",164874
CDKL5,"Inborn genetic diseases|Angelman syndrome-like;Developmental and epileptic encephalopathy, 2|not provided",300203
NPRL3,"Epilepsy, familial focal, with variable foci 3|Thyroid cancer, nonmedullary, 1|Lung cancer",600928
TSC2,Tuberous sclerosis 2|Renal cyst,191092
TBC1D24,"Autosomal dominant nonsyndromic hearing loss 65;Caused by mutation in the TBC1 domain family, member 24;Developmental and epileptic encephalopathy, 1|Inborn genetic diseases",613577
NPRL3,"Epilepsy, familial focal, with variable foci 3|Inborn genetic diseases|NPRL3-related disorder",600928
MECP2,Severe neonatal-onset encephalopathy with microcephaly|Inborn genetic diseases|not provided,300005
FOXG1,"FOXG1 disorder|not provided|Rett syndrome, congenital variant",164874
TBC1D24,"not provided|Inborn genetic diseases|Autosomal dominant nonsyndromic hearing loss 65;Caused by mutation in the TBC1 domain family, member 24;Developmental and epileptic encephalopathy, 1",613577
PLCB1,Inborn genetic diseases|not provided,607120
SCN1A,"Severe myoclonic epilepsy in infancy|Generalized epilepsy with febrile seizures plus, type 2|not provided",182389
SCN8A,"Developmental and epileptic encephalopathy|not specified|Cognitive impairment with or without cerebellar ataxia|not provided|Seizures, benign familial infantile, 5|Myoclonus, familial, 2|Developmental and epileptic encephalopathy, 13",600702
DEPDC5,Familial focal epilepsy with variable foci|not provided|DEPDC5-related disorder,614191
MECP2,Severe neonatal-onset encephalopathy with microcephaly|not provided|Inborn genetic diseases|MECP2-related disorder|Rett syndrome,300005
MECP2,"Severe neonatal-onset encephalopathy with microcephaly|not provided|Severe neonatal-onset encephalopathy with microcephaly;Autism, susceptibility to, X-linked 3;Rett syndrome;Syndromic X-linked intellectual disability Lubs type;X-linked intellectual disability-psychosis-macroorchidism syndrome|MECP2-related disorder",300005
CDKL5,"Angelman syndrome-like;Developmental and epileptic encephalopathy, 2|not provided|Inborn genetic diseases|CDKL5-related disorder",300203
SCN2A,Hemiplegia/hemiparesis|Inborn genetic diseases,182390
SCN2A,"Global developmental delay|Developmental and epileptic encephalopathy, 11;Seizures, benign familial infantile, 3",182390
SCN1A,"Developmental and epileptic encephalopathy, 1",182389
SCN1A,"Generalized epilepsy with febrile seizures plus, type 2|Developmental and epileptic encephalopathy|not provided",182389
SCN1A,"Severe myoclonic epilepsy in infancy|Developmental and epileptic encephalopathy, 76",182389
KCNQ2,"Inborn genetic diseases|Developmental and epileptic encephalopathy, 7|Complex neurodevelopmental disorder",602235
PCDH19,"not provided|not specified|Developmental and epileptic encephalopathy, 9",300460
SCN1A,Familial hemiplegic migraine|Severe myoclonic epilepsy in infancy|Developmental and epileptic encephalopathy,182389
SCN1A,"not provided|Severe myoclonic epilepsy in infancy|Developmental and epileptic encephalopathy|Generalized epilepsy with febrile seizures plus, type 2;Severe myoclonic epilepsy in infancy;Developmental and epileptic encephalopathy 6B",182389
DEPDC5,not provided|not specified,614191
SCN2A,"See cases|Seizures, benign familial infantile, 3;Developmental and epileptic encephalopathy, 11",182390
SCN1A,See cases,182389
TSC2,Abnormality of the nervous system,191092
SLC6A1,not provided|not specified|Inborn genetic diseases|Epilepsy with myoclonic atonic seizures,137165
NPRL3,"not provided|Epilepsy, familial focal, with variable foci 3|Inborn genetic diseases",600928
FOXG1,not provided|FOXG1-related disorder,164874
DEPDC5,not provided|Sarcoma|Uterine corpus endometrial carcinoma,614191
STXBP1,not provided|Inborn genetic diseases,602926
TSC1,not provided|Tuberous sclerosis 1|Tuberous sclerosis syndrome,605284
TSC2,not provided|Uterine corpus endometrial carcinoma,191092
SCN8A,SCN8A-related complex neurodevelopmental disorder|Developmental and epileptic encephalopathy,600702
SCN8A,"not provided|Developmental and epileptic encephalopathy|Seizures, benign familial infantile, 5|SCN8A-related disorder",600702
PRRT2,not provided|not specified,614386
SLC2A1,"not provided|Epilepsy, idiopathic generalized, susceptibility to, 12|Inborn genetic diseases|Hereditary cryohydrocytosis with reduced stomatin|Encephalopathy due to GLUT1 deficiency|Childhood onset GLUT1 deficiency syndrome 2|Dystonia 9|GLUT1 deficiency syndrome 1, autosomal recessive",138140
SCN2A,not provided|SCN2A-related disorder,182390
STXBP1,"not provided|Developmental and epileptic encephalopathy|Inborn genetic diseases|Developmental and epileptic encephalopathy, 4",602926
DEPDC5,"not provided|Malignant lymphoma, large B-cell, diffuse",614191
MECP2,not provided|X-linked intellectual disability-psychosis-macroorchidism syndrome,300005
CHD2,Developmental and epileptic encephalopathy 94|not specified|not provided|Hepatocellular carcinoma,602119
STXBP1,"not provided|Seizure|Developmental and epileptic encephalopathy, 4",602926
TBC1D24,"Developmental and epileptic encephalopathy, 16|Rolandic epilepsy-paroxysmal exercise-induced dystonia-writer's cramp syndrome;Developmental and epileptic encephalopathy, 16;Familial infantile myoclonic epilepsy;DOORS syndrome",613577
SCN8A,"Seizures, benign familial infantile, 5|Developmental and epileptic encephalopathy",600702
ALDH7A1,not provided|Cervical cancer|Malignant tumor of esophagus,107323
MECP2,not provided|not specified,300005
SCN1A,not provided|Developmental and epileptic encephalopathy|Inborn genetic diseases|Developmental and epileptic encephalopathy 6B,182389
CDKL5,not provided|not specified,300203
CDKL5,"not provided|Angelman syndrome-like;Developmental and epileptic encephalopathy, 2|Inborn genetic diseases",300203
ALDH7A1,not provided|Uterine corpus endometrial carcinoma|Cervical cancer,107323
SCN1A,"not provided|Developmental and epileptic encephalopathy|Developmental and epileptic encephalopathy 6B;Generalized epilepsy with febrile seizures plus, type 2;Severe myoclonic epilepsy in infancy",182389
DEPDC5,not provided|Ovarian serous cystadenocarcinoma|Cervical cancer|Familial cancer of breast,614191
SCN1A,not provided|SCN1A-related disorder|Developmental and epileptic encephalopathy,182389
SLC2A1,"not provided|GLUT1 deficiency syndrome 1, autosomal recessive|Encephalopathy due to GLUT1 deficiency|Dystonia 9|Epilepsy, idiopathic generalized, susceptibility to, 12|Hereditary cryohydrocytosis with reduced stomatin|Childhood onset GLUT1 deficiency syndrome 2",138140
NPRL3,not provided|NPRL3-related disorder,600928
PLCB1,not provided|not specified,607120
SCN8A,"not provided|Cognitive impairment with or without cerebellar ataxia|Myoclonus, familial, 2|Developmental and epileptic encephalopathy, 13|Seizures, benign familial infantile, 5|not specified",600702
SLC2A1,not provided|not specified,138140
PLCB1,"not provided|Developmental and epileptic encephalopathy, 12|not specified",607120
SCN8A,not provided|Sarcoma,600702
SCN8A,not provided|Malignant tumor of esophagus|Sarcoma,600702
CDKL5,not provided|Acute myeloid leukemia|Lung cancer|Familial cancer of breast,300203
DEPDC5,"not provided|Epilepsy, familial focal, with variable foci 1|not specified",614191
SCN2A,"not provided|Seizures, benign familial infantile, 3|Developmental and epileptic encephalopathy, 11|Episodic ataxia, type 9|not specified",182390
SCN8A,"Global developmental delay;Seizure|not provided|Developmental and epileptic encephalopathy, 13",600702
DEPDC5,not provided|Malignant tumor of urinary bladder|Familial cancer of breast,614191
PLCB1,not specified|not provided,607120
DEPDC5,"not provided|not specified|Epilepsy, familial focal, with variable foci 1",614191
PLCB1,"Developmental and epileptic encephalopathy, 12|not provided|not specified",607120
SCN3A,"Developmental and epileptic encephalopathy, 62|Epilepsy, familial focal, with variable foci 4|not specified|not provided",182391
SCN1A,not provided|Ovarian serous cystadenocarcinoma|Malignant tumor of esophagus,182389
PLCB1,not provided|not specified|Hepatocellular carcinoma,607120
SLC6A1,not provided|Ovarian serous cystadenocarcinoma|Malignant tumor of esophagus|Uterine carcinosarcoma|Cervical cancer,137165
DEPDC5,not provided|Gastric cancer|Ovarian serous cystadenocarcinoma|Acute myeloid leukemia|Malignant tumor of esophagus,614191
NPRL3,not provided|not specified,600928
PLCB1,not provided|Sarcoma|Uterine corpus endometrial carcinoma|Ovarian serous cystadenocarcinoma|Thymoma|Acute myeloid leukemia|Malignant tumor of esophagus,607120
SCN8A,"not provided|Developmental and epileptic encephalopathy, 13|Seizures, benign familial infantile, 5|Myoclonus, familial, 2|Cognitive impairment with or without cerebellar ataxia|not specified",600702
SCN8A,not provided|Inborn genetic diseases|Developmental and epileptic encephalopathy|SCN8A-related disorder,600702
SLC6A1,not provided|not specified,137165
SLC2A1,"not provided|Childhood onset GLUT1 deficiency syndrome 2|Dystonia 9|Epilepsy, idiopathic generalized, susceptibility to, 12|GLUT1 deficiency syndrome 1, autosomal recessive|Encephalopathy due to GLUT1 deficiency|Hereditary cryohydrocytosis with reduced stomatin",138140
SCN2A,not provided|Gastric cancer|Ovarian serous cystadenocarcinoma,182390
ALDH7A1,not provided|Hepatocellular carcinoma|Uterine corpus endometrial carcinoma,107323
DEPDC5,not provided|Malignant tumor of esophagus|Uterine corpus endometrial carcinoma|Sarcoma|Ovarian serous cystadenocarcinoma|Lung cancer,614191
GABRG2,not provided|not specified,137164
NPRL3,not provided|Uterine carcinosarcoma|Thymoma|Cholangiocarcinoma|Hepatocellular carcinoma,600928
CDKL5,"not provided|not specified|Developmental and epileptic encephalopathy, 2;Angelman syndrome-like",300203
SCN8A,Cognitive impairment with or without cerebellar ataxia|not provided|Developmental and epileptic encephalopathy,600702
NPRL3,"Epilepsy, familial focal, with variable foci 3|not provided|Uterine carcinosarcoma",600928
SCN2A,"not provided|not specified|Episodic ataxia, type 9|Seizures, benign familial infantile, 3|Developmental and epileptic encephalopathy, 11",182390
DEPDC5,not provided|DEPDC5-related disorder,614191
DEPDC5,"not provided|not specified|Malignant lymphoma, large B-cell, diffuse",614191
CHD2,not provided|Cervical cancer,602119
SLC2A1,not provided|Uterine corpus endometrial carcinoma,138140
SCN8A,"Seizures, benign familial infantile, 5",600702
SCN1A,SCN1A-related disorder,182389
DEPDC5,"Epilepsy, familial focal, with variable foci 1|Developmental and epileptic encephalopathy, 83|Familial focal epilepsy with variable foci",614191
SCN2A,Epilepsy of infancy with migrating focal seizures|not provided,182390
SCN9A,"Inborn genetic diseases|not provided|Neuropathy, hereditary sensory and autonomic, type 2A;Generalized epilepsy with febrile seizures plus, type 7|Neuropathy, hereditary sensory and autonomic, type 2A;Primary erythromelalgia;Generalized epilepsy with febrile seizures plus;Paroxysmal extreme pain disorder",603415
TSC2,not specified|Hereditary cancer-predisposing syndrome|Isolated focal cortical dysplasia type II|Tuberous sclerosis 2,191092
TBC1D24,"not provided|Inborn genetic diseases|Developmental and epileptic encephalopathy, 1;Autosomal dominant nonsyndromic hearing loss 65;Caused by mutation in the TBC1 domain family, member 24",613577
SCN3A,"Developmental and epileptic encephalopathy, 62|not provided",182391
KCNQ2,"not provided|Dystonia, early-onset, and/or spastic paraplegia|Developmental and epileptic encephalopathy",602235
DEPDC5,not provided|Inborn genetic diseases|Familial focal epilepsy with variable foci,614191
DEPDC5,not provided|Inborn genetic diseases|Focal epilepsy,614191
CDKL5,not provided|Inborn genetic diseases,300203
SLC2A1,"not provided|Dystonia 9|GLUT1 deficiency syndrome 1, autosomal recessive|Epilepsy, idiopathic generalized, susceptibility to, 12|Encephalopathy due to GLUT1 deficiency|Hereditary cryohydrocytosis with reduced stomatin|Childhood onset GLUT1 deficiency syndrome 2",138140
GABRA1,not provided|Inborn genetic diseases,137160
PRRT2,not provided|Episodic kinesigenic dyskinesia 1|Episodic kinesigenic dyskinesia,614386
SLC2A1,"not provided|Hereditary cryohydrocytosis with reduced stomatin|Encephalopathy due to GLUT1 deficiency|Childhood onset GLUT1 deficiency syndrome 2|Epilepsy, idiopathic generalized, susceptibility to, 12|GLUT1 deficiency syndrome 1, autosomal recessive|Dystonia 9",138140
NPRL3,not provided|Familial focal epilepsy with variable foci;Autosomal dominant nocturnal frontal lobe epilepsy;Familial temporal lobe epilepsy 2,600928
MECP2,not provided|Severe neonatal-onset encephalopathy with microcephaly|MECP2-related disorder|Inborn genetic diseases,300005
SLC2A1,"not provided|GLUT1 deficiency syndrome 1, autosomal recessive|Encephalopathy due to GLUT1 deficiency|Hereditary cryohydrocytosis with reduced stomatin|Childhood onset GLUT1 deficiency syndrome 2|Dystonia 9|Epilepsy, idiopathic generalized, susceptibility to, 12",138140
SCN2A,"SCN2A-related disorder|Developmental and epileptic encephalopathy, 11",182390
TSC2,not provided|Tuberous sclerosis 2|Hereditary cancer-predisposing syndrome|Lymphangiomyomatosis;Tuberous sclerosis 2;Isolated focal cortical dysplasia type II,191092
TBC1D24,"not provided|Autosomal dominant nonsyndromic hearing loss 65;Developmental and epileptic encephalopathy, 1;Caused by mutation in the TBC1 domain family, member 24",613577
GABRG2,"not provided|Developmental and epileptic encephalopathy, 74|Febrile seizures, familial, 8;EPILEPSY, CHILDHOOD ABSENCE, SUSCEPTIBILITY TO, 2",137164
TSC1,not provided|Tuberous sclerosis 1|Isolated focal cortical dysplasia type II,605284
SLC6A1,not provided|SLC6A1-related disorder,137165
SLC2A1,"not provided|GLUT1 deficiency syndrome 1, autosomal recessive|Epilepsy, idiopathic generalized, susceptibility to, 12|Hereditary cryohydrocytosis with reduced stomatin|Encephalopathy due to GLUT1 deficiency|Childhood onset GLUT1 deficiency syndrome 2|Dystonia 9",138140
SCN9A,"not provided|Generalized epilepsy with febrile seizures plus, type 7;Neuropathy, hereditary sensory and autonomic, type 2A|not specified",603415
DEPDC5,not provided|Familial focal epilepsy with variable foci|not specified,614191
SCN8A,not provided|Cognitive impairment with or without cerebellar ataxia,600702
SCN2A,"not provided|Developmental and epileptic encephalopathy, 11;Seizures, benign familial infantile, 3|not specified",182390
SCN3A,"Developmental and epileptic encephalopathy, 62",182391
SCN1A,Developmental and epileptic encephalopathy|Developmental and epileptic encephalopathy 6B|not provided,182389
SCN8A,not provided|Developmental and epileptic encephalopathy|not specified|SCN8A-related disorder,600702
GABRG2,"Febrile seizures, familial, 8|EPILEPSY, CHILDHOOD ABSENCE, SUSCEPTIBILITY TO, 2;Febrile seizures, familial, 8|not provided|Charcot-Marie-Tooth disease",137164
TSC2,Neurodevelopmental disorder,191092
SCN1A,"not provided|Migraine, familial hemiplegic, 3;Severe myoclonic epilepsy in infancy;Generalized epilepsy with febrile seizures plus, type 2;Developmental and epileptic encephalopathy 6B",182389
MECP2,Rett syndrome|Severe neonatal-onset encephalopathy with microcephaly|MECP2-related disorder|Inborn genetic diseases,300005
SCN8A,Autosomal recessive inheritance;Global developmental delay;Seizure|not provided|Complex neurodevelopmental disorder,600702
SCN8A,Autosomal recessive inheritance;Global developmental delay;Seizure|Complex neurodevelopmental disorder,600702
SCN8A,Autosomal recessive inheritance;Global developmental delay;Seizure|Complex neurodevelopmental disorder|not provided,600702
GABRG2,"Febrile seizures, familial, 8|EPILEPSY, CHILDHOOD ABSENCE, SUSCEPTIBILITY TO, 2;Febrile seizures, familial, 8|not provided|Developmental and epileptic encephalopathy, 74",137164
KCNQ2,"Developmental and epileptic encephalopathy, 7;Seizures, benign familial neonatal, 1",602235
KCNQ2,"Developmental and epileptic encephalopathy, 7;Seizures, benign familial neonatal, 1|not provided",602235
KCNQ2,"Inborn genetic diseases|Developmental and epileptic encephalopathy, 7;Seizures, benign familial neonatal, 1",602235
KCNQ2,"Developmental and epileptic encephalopathy, 7;Seizures, benign familial neonatal, 1|Developmental and epileptic encephalopathy",602235
KCNQ2,"Developmental and epileptic encephalopathy, 7;Seizures, benign familial neonatal, 1|Seizure|Developmental and epileptic encephalopathy",602235
SCN1A,SUDDEN INFANT DEATH SYNDROME|Inborn genetic diseases|not provided,182389
SCN8A,SUDDEN INFANT DEATH SYNDROME|Developmental and epileptic encephalopathy,600702
DEPDC5,SUDDEN INFANT DEATH SYNDROME|not provided,614191
DEPDC5,SUDDEN INFANT DEATH SYNDROME,614191
GABRG2,Sudden unexplained death in childhood,137164
ARX,Partington syndrome,300382
PCDH19,"PCDH19-related epilepsy|Developmental and epileptic encephalopathy, 9",300460
SCN3A,"Developmental and epileptic encephalopathy, 62|Developmental and epileptic encephalopathy",182391
SCN3A,"Developmental and epileptic encephalopathy, 62|not provided|Developmental and epileptic encephalopathy",182391
SCN3A,"Developmental and epileptic encephalopathy, 62|Epilepsy, familial focal, with variable foci 4",182391
SCN9A,"Primary erythromelalgia|Channelopathy-associated congenital insensitivity to pain, autosomal recessive|Paroxysmal extreme pain disorder|not specified|not provided",603415
SCN9A,"Primary erythromelalgia|Paroxysmal extreme pain disorder|Channelopathy-associated congenital insensitivity to pain, autosomal recessive|not specified|not provided",603415
SLC2A1,Hereditary cryohydrocytosis with reduced stomatin|Encephalopathy due to GLUT1 deficiency|Childhood onset GLUT1 deficiency syndrome 2|Dystonia 9,138140
SCN3A,"Epilepsy, idiopathic generalized, susceptibility to, 7",182391
DEPDC5,Seizure|Familial focal epilepsy with variable foci|not provided,614191
CHD2,Epilepsy with myoclonic atonic seizures,602119
SCN1A,Focal-onset seizure,182389
SCN8A,"Seizures, benign familial infantile, 5;Cognitive impairment with or without cerebellar ataxia;Developmental and epileptic encephalopathy, 13",600702
SLC2A1,not provided|Dystonia 9|Encephalopathy due to GLUT1 deficiency,138140
SCN2A,"not specified|Developmental and epileptic encephalopathy, 11;Seizures, benign familial infantile, 3|Inborn genetic diseases|not provided",182390
SLC2A1,"not provided|Epilepsy, idiopathic generalized, susceptibility to, 12",138140
TSC2,not specified|Lymphangiomyomatosis;Isolated focal cortical dysplasia type II;Tuberous sclerosis 2|Tuberous sclerosis 2|not provided|Hereditary cancer-predisposing syndrome,191092
SCN1A,SCN1A-related channelopathy,182389
PCDH19,PCDH19-related epilespy,300460
FOXG1,Rett syndrome,164874
SCN1A,"Generalized epilepsy with febrile seizures plus, type 2|Generalized epilepsy with febrile seizures plus, type 2;Developmental and epileptic encephalopathy 6B",182389
SCN2A,"Developmental and epileptic encephalopathy, 11|not specified",182390
SCN3A,"Developmental and epileptic encephalopathy, 62|not provided|Epilepsy, familial focal, with variable foci 1",182391
GABRG2,Autosomal dominant nocturnal frontal lobe epilepsy,137164
ARX,"Intellectual disability, X-linked, with or without seizures, ARX-related|not provided",300382
MECP2,Syndromic X-linked intellectual disability Lubs type;Rett syndrome|Severe neonatal-onset encephalopathy with microcephaly,300005
ARX,"Intellectual disability, X-linked, with or without seizures, ARX-related;ARX-related epileptic encephalopathy",300382
SCN8A,"Cognitive impairment with or without cerebellar ataxia;Developmental and epileptic encephalopathy, 13",600702
TSC2,not provided|Tuberous sclerosis 2|Tuberous sclerosis 2;Isolated focal cortical dysplasia type II;Lymphangiomyomatosis,191092
SCN8A,"Developmental and epileptic encephalopathy, 13;Seizures, benign familial infantile, 5",600702
SCN3A,"Developmental and epileptic encephalopathy, 62;Epilepsy, familial focal, with variable foci 4",182391
PRRT2,"Episodic kinesigenic dyskinesia 1;Infantile convulsions and choreoathetosis;Seizures, benign familial infantile, 2|Episodic kinesigenic dyskinesia|not provided",614386
SCN2A,Severe myoclonic epilepsy in infancy|not provided,182390
SCN2A,Developmental and epileptic encephalopathy|Complex neurodevelopmental disorder,182390
SCN2A,West syndrome;Developmental and epileptic encephalopathy,182390
SCN2A,West syndrome,182390
SCN2A,Developmental and epileptic encephalopathy|See cases,182390
SCN2A,West syndrome|West syndrome;Developmental and epileptic encephalopathy,182390
SCN2A,Developmental and epileptic encephalopathy,182390
SCN2A,Complex neurodevelopmental disorder|West syndrome;Developmental and epileptic encephalopathy,182390
SCN2A,Developmental and epileptic encephalopathy|West syndrome;Developmental and epileptic encephalopathy,182390
SCN2A,"Seizures, benign familial infantile, 3;Developmental and epileptic encephalopathy, 11|Seizures, benign familial infantile, 3",182390
SCN2A,"West syndrome;Developmental and epileptic encephalopathy|Complex neurodevelopmental disorder|Seizures, benign familial infantile, 3;Developmental and epileptic encephalopathy, 11",182390
SCN2A,Developmental and epileptic encephalopathy|not provided,182390
SCN2A,Benign familial infantile epilepsy,182390
SCN2A,"Benign familial infantile epilepsy|Developmental and epileptic encephalopathy, 11;Seizures, benign familial infantile, 3",182390
SCN2A,West syndrome;Developmental and epileptic encephalopathy|Complex neurodevelopmental disorder,182390
SCN2A,Complex neurodevelopmental disorder|Benign familial infantile epilepsy,182390
SCN2A,Generalized epilepsy with febrile seizures plus,182390
SCN2A,Developmental disorder,182390
KCNQ3,Developmental disorder,602232
SCN2A,"Developmental and epileptic encephalopathy, 11|Complex neurodevelopmental disorder|not provided",182390
MECP2,Developmental disorder,300005
DEPDC5,Developmental disorder,614191
KCNQ2,not specified|Inborn genetic diseases|Developmental and epileptic encephalopathy,602235
SCN1A,not provided|SCN1A-related disorder,182389
SCN2A,"Seizure|Seizures, benign familial infantile, 3|SCN2A-related disorder",182390
TBC1D24,"Developmental and epileptic encephalopathy, 1;Autosomal dominant nonsyndromic hearing loss 65;Caused by mutation in the TBC1 domain family, member 24|Inborn genetic diseases",613577
SCN1A,Early-infantile DEE,182389
SCN2A,"Developmental and epileptic encephalopathy, 11;Seizures, benign familial infantile, 3|Inborn genetic diseases|Episodic ataxia, type 9;Developmental and epileptic encephalopathy, 11;Seizures, benign familial infantile, 3",182390
ARX,"Developmental and epileptic encephalopathy, 1;Intellectual disability, X-linked, with or without seizures, ARX-related|X-linked lissencephaly with abnormal genitalia;Developmental and epileptic encephalopathy, 1;Intellectual disability, X-linked, with or without seizures, ARX-related;Corpus callosum agenesis-abnormal genitalia syndrome;Partington syndrome",300382
CDKL5,"Developmental and epileptic encephalopathy, 2;Angelman syndrome-like|CDKL5-related disorder",300203
MECP2,Severe neonatal-onset encephalopathy with microcephaly|not specified|not provided|X-linked intellectual disability-psychosis-macroorchidism syndrome,300005
SLC2A1,"GLUT1 deficiency syndrome 1, autosomal recessive|Hereditary cryohydrocytosis with reduced stomatin|Encephalopathy due to GLUT1 deficiency|Childhood onset GLUT1 deficiency syndrome 2|Dystonia 9|SLC2A1-related disorder|Epilepsy, idiopathic generalized, susceptibility to, 12",138140
SCN2A,"Developmental and epileptic encephalopathy, 11;Seizures, benign familial infantile, 3|Developmental and epileptic encephalopathy, 11|not provided|Complex neurodevelopmental disorder",182390
PRRT2,Episodic kinesigenic dyskinesia|Episodic kinesigenic dyskinesia and familial infantile convulsions with paroxysmal choreoathetosis,614386
SCN1A,"Developmental and epileptic encephalopathy|not provided|Inborn genetic diseases|Generalized epilepsy with febrile seizures plus, type 2",182389
SCN1A,"Developmental and epileptic encephalopathy|Developmental and epileptic encephalopathy 6B;Generalized epilepsy with febrile seizures plus, type 2;Severe myoclonic epilepsy in infancy;Migraine, familial hemiplegic, 3",182389
TSC2,Tuberous sclerosis 2|Lymphangiomyomatosis,191092
PRRT2,Episodic kinesigenic dyskinesia|not specified|Inborn genetic diseases,614386
SCN8A,"Developmental and epileptic encephalopathy|Seizures, benign familial infantile, 5;Developmental and epileptic encephalopathy, 13;Myoclonus, familial, 2",600702
TSC2,Tuberous sclerosis 2|Isolated focal cortical dysplasia type II|not provided|Hereditary cancer-predisposing syndrome|Tuberous sclerosis syndrome,191092
TSC2,Tuberous sclerosis 2|Tuberous sclerosis syndrome|Hereditary cancer-predisposing syndrome|Lymphangiomyomatosis;Isolated focal cortical dysplasia type II;Tuberous sclerosis 2,191092
TBC1D24,"Caused by mutation in the TBC1 domain family, member 24;Autosomal dominant nonsyndromic hearing loss 65;Developmental and epileptic encephalopathy, 1|not specified",613577
STXBP1,Developmental and epileptic encephalopathy|Seizure,602926
TSC2,Tuberous sclerosis 2|Lymphangiomyomatosis;Tuberous sclerosis 2;Isolated focal cortical dysplasia type II|not specified,191092
TSC2,Tuberous sclerosis 2|Isolated focal cortical dysplasia type II|Lymphangiomyomatosis;Isolated focal cortical dysplasia type II;Tuberous sclerosis 2|Hereditary cancer-predisposing syndrome,191092
KCNQ2,Inborn genetic diseases|Developmental and epileptic encephalopathy|not provided,602235
SLC2A1,"GLUT1 deficiency syndrome 1, autosomal recessive|not provided|Childhood onset GLUT1 deficiency syndrome 2|Epilepsy, idiopathic generalized, susceptibility to, 12|Dystonia 9|Hereditary cryohydrocytosis with reduced stomatin|Encephalopathy due to GLUT1 deficiency",138140
PRRT2,"Episodic kinesigenic dyskinesia|not provided|Seizures, benign familial infantile, 2",614386
DEPDC5,"Familial focal epilepsy with variable foci|Epilepsy, familial focal, with variable foci 1|DEPDC5-related disorder|not specified",614191
SCN1A,"Developmental and epileptic encephalopathy|Developmental and epileptic encephalopathy 6B;Generalized epilepsy with febrile seizures plus, type 2;Severe myoclonic epilepsy in infancy;Migraine, familial hemiplegic, 3|not provided",182389
PRRT2,Episodic kinesigenic dyskinesia|PRRT2-related disorder|Inborn genetic diseases,614386
GABRA1,"Idiopathic generalized epilepsy;Epilepsy, idiopathic generalized, susceptibility to, 13;Epilepsy, childhood absence 4|Inborn genetic diseases|not provided",137160
KCNQ2,"Developmental and epileptic encephalopathy|Seizures, benign familial neonatal, 1;Developmental and epileptic encephalopathy, 7",602235
CDKL5,"Angelman syndrome-like;Developmental and epileptic encephalopathy, 2|Thyroid cancer, nonmedullary, 1",300203
SCN1A,"Developmental and epileptic encephalopathy|Severe myoclonic epilepsy in infancy;Generalized epilepsy with febrile seizures plus, type 2;Developmental and epileptic encephalopathy 6B;Migraine, familial hemiplegic, 3",182389
NPRL3,"Epilepsy, familial focal, with variable foci 3|not provided|Focal epilepsy",600928
SLC2A1,"GLUT1 deficiency syndrome 1, autosomal recessive|not provided|Hereditary cryohydrocytosis with reduced stomatin|Childhood onset GLUT1 deficiency syndrome 2|Dystonia 9|Epilepsy, idiopathic generalized, susceptibility to, 12|Encephalopathy due to GLUT1 deficiency",138140
MECP2,"Severe neonatal-onset encephalopathy with microcephaly|Thyroid cancer, nonmedullary, 1",300005
TSC2,Tuberous sclerosis 2|not provided|not specified|Hereditary cancer-predisposing syndrome,191092
MECP2,Severe neonatal-onset encephalopathy with microcephaly|Rett syndrome|Inborn genetic diseases,300005
GABRG2,"EPILEPSY, CHILDHOOD ABSENCE, SUSCEPTIBILITY TO, 2;Febrile seizures, familial, 8|Genetic developmental and epileptic encephalopathy",137164
ALDH7A1,Pyridoxine-dependent epilepsy|See cases,107323
MECP2,Neurodevelopmental delay|Severe neonatal-onset encephalopathy with microcephaly|Rett syndrome,300005
GABRG2,"Febrile seizures, familial, 8;EPILEPSY, CHILDHOOD ABSENCE, SUSCEPTIBILITY TO, 2|not specified",137164
DEPDC5,Familial focal epilepsy with variable foci|Autosomal dominant nocturnal frontal lobe epilepsy|not provided,614191
KCNQ2,Developmental and epileptic encephalopathy|not specified|See cases,602235
SCN9A,"Generalized epilepsy with febrile seizures plus, type 7;Neuropathy, hereditary sensory and autonomic, type 2A|Lung cancer",603415
MECP2,Severe neonatal-onset encephalopathy with microcephaly|not specified,300005
ARX,"Intellectual disability, X-linked, with or without seizures, ARX-related;Developmental and epileptic encephalopathy, 1|not provided|ARX-related disorder",300382
TBC1D24,"Caused by mutation in the TBC1 domain family, member 24;Developmental and epileptic encephalopathy, 1;Autosomal dominant nonsyndromic hearing loss 65|Inborn genetic diseases",613577
SCN9A,"Neuropathy, hereditary sensory and autonomic, type 2A;Generalized epilepsy with febrile seizures plus, type 7|Paroxysmal extreme pain disorder;Primary erythromelalgia",603415
DEPDC5,Familial focal epilepsy with variable foci|not specified|Familial cancer of breast,614191
TBC1D24,"Autosomal dominant nonsyndromic hearing loss 65;Developmental and epileptic encephalopathy, 1;Caused by mutation in the TBC1 domain family, member 24|Autosomal recessive nonsyndromic hearing loss 86",613577
TSC2,Tuberous sclerosis 2|not provided|Isolated focal cortical dysplasia type II;Lymphangiomyomatosis;Tuberous sclerosis 2,191092
DEPDC5,"Familial focal epilepsy with variable foci|Epilepsy, familial focal, with variable foci 1|Focal epilepsy",614191
SCN8A,"Developmental and epileptic encephalopathy|Seizures, benign familial infantile, 5;Myoclonus, familial, 2;Cognitive impairment with or without cerebellar ataxia;Developmental and epileptic encephalopathy, 13|Inborn genetic diseases|not specified",600702
SCN2A,"Seizures, benign familial infantile, 3;Developmental and epileptic encephalopathy, 11|not specified|not provided",182390
SCN2A,"Developmental and epileptic encephalopathy, 11;Seizures, benign familial infantile, 3|Episodic ataxia, type 9|Developmental and epileptic encephalopathy, 11",182390
TSC1,Tuberous sclerosis 1;Lymphangiomyomatosis;Isolated focal cortical dysplasia type II|Tuberous sclerosis 1|Hereditary cancer-predisposing syndrome|not provided,605284
TBC1D24,"Developmental and epileptic encephalopathy, 1;Autosomal dominant nonsyndromic hearing loss 65;Caused by mutation in the TBC1 domain family, member 24|Familial infantile myoclonic epilepsy;Autosomal recessive nonsyndromic hearing loss 86;Developmental and epileptic encephalopathy, 16;Autosomal dominant nonsyndromic hearing loss 65;DOORS syndrome|Autosomal recessive nonsyndromic hearing loss 86",613577
TSC2,Tuberous sclerosis 2|not provided|Tuberous sclerosis syndrome|Isolated focal cortical dysplasia type II,191092
SCN2A,"Developmental and epileptic encephalopathy, 11;Seizures, benign familial infantile, 3|not provided|Episodic ataxia, type 9;Developmental and epileptic encephalopathy, 11;Seizures, benign familial infantile, 3",182390
SCN8A,"Developmental and epileptic encephalopathy|Cognitive impairment with or without cerebellar ataxia;Developmental and epileptic encephalopathy, 13",600702
SCN2A,"Seizures, benign familial infantile, 3;Developmental and epileptic encephalopathy, 11|Developmental and epileptic encephalopathy, 11|not provided",182390
CDKL5,"Angelman syndrome-like;Developmental and epileptic encephalopathy, 2|Angelman syndrome-like;Developmental and epileptic encephalopathy, 2;Developmental and epileptic encephalopathy, 1",300203
SLC2A1,"GLUT1 deficiency syndrome 1, autosomal recessive|Hereditary cryohydrocytosis with reduced stomatin|Encephalopathy due to GLUT1 deficiency|Childhood onset GLUT1 deficiency syndrome 2|SLC2A1-related disorder|Dystonia 9|Epilepsy, idiopathic generalized, susceptibility to, 12",138140
TSC2,Tuberous sclerosis 2|Isolated focal cortical dysplasia type II;Tuberous sclerosis 2;Lymphangiomyomatosis|Hereditary cancer-predisposing syndrome,191092
MECP2,Severe neonatal-onset encephalopathy with microcephaly|not specified|Rett syndrome,300005
DEPDC5,Familial focal epilepsy with variable foci|Malignant tumor of urinary bladder,614191
SCN8A,"Developmental and epileptic encephalopathy|Seizures, benign familial infantile, 5;Cognitive impairment with or without cerebellar ataxia;Developmental and epileptic encephalopathy, 13;Myoclonus, familial, 2",600702
TSC1,Tuberous sclerosis 1|Ovarian serous cystadenocarcinoma,605284
CHD2,Developmental and epileptic encephalopathy 94|Autism spectrum disorder,602119
KCNQ2,"Developmental and epileptic encephalopathy|Inborn genetic diseases|Developmental and epileptic encephalopathy, 7|not provided",602235
ARX,"Intellectual disability, X-linked, with or without seizures, ARX-related;Developmental and epileptic encephalopathy, 1|ARX-related disorder",300382
SCN2A,"Seizures, benign familial infantile, 3;Developmental and epileptic encephalopathy, 11|See cases",182390
TSC2,Tuberous sclerosis 2|Tuberous sclerosis syndrome|Isolated focal cortical dysplasia type II;Tuberous sclerosis 2;Lymphangiomyomatosis|Hereditary cancer-predisposing syndrome,191092
SCN8A,"Developmental and epileptic encephalopathy|Inborn genetic diseases|not provided|Developmental and epileptic encephalopathy, 13",600702
TSC2,Tuberous sclerosis 2|Isolated focal cortical dysplasia type II;Tuberous sclerosis 2;Lymphangiomyomatosis,191092
SCN8A,"Developmental and epileptic encephalopathy|Seizures, benign familial infantile, 5|not provided|SCN8A-related disorder|Developmental and epileptic encephalopathy, 13",600702
SCN3A,"not provided|Developmental and epileptic encephalopathy, 1",182391
TSC2,Tuberous sclerosis 2|Hereditary cancer-predisposing syndrome|Tuberous sclerosis syndrome|Isolated focal cortical dysplasia type II;Lymphangiomyomatosis;Tuberous sclerosis 2,191092
SCN1A,"Developmental and epileptic encephalopathy|Severe myoclonic epilepsy in infancy;Generalized epilepsy with febrile seizures plus, type 2;Developmental and epileptic encephalopathy 6B;Migraine, familial hemiplegic, 3|not specified",182389
SCN9A,"Generalized epilepsy with febrile seizures plus, type 7;Neuropathy, hereditary sensory and autonomic, type 2A|Primary erythromelalgia",603415
PLCB1,not specified,607120
TSC2,Lymphangiomyomatosis;Tuberous sclerosis 2;Isolated focal cortical dysplasia type II,191092
SCN1A,Developmental and epileptic encephalopathy|SCN1A-related disorder|not provided,182389
FOXG1,"FOXG1-related disorder|Rett syndrome, congenital variant",164874
MECP2,Severe neonatal-onset encephalopathy with microcephaly|MECP2-related disorder|Rett syndrome,300005
MECP2,Severe neonatal-onset encephalopathy with microcephaly|See cases|MECP2-related disorder,300005
SCN9A,"Generalized epilepsy with febrile seizures plus, type 7;Neuropathy, hereditary sensory and autonomic, type 2A|Nonpapillary renal cell carcinoma",603415
NPRL3,"Epilepsy, familial focal, with variable foci 3|not specified|not provided",600928
CDKL5,"Angelman syndrome-like;Developmental and epileptic encephalopathy, 2|Inborn genetic diseases|CDKL5-related disorder|CDKL5 disorder",300203
TSC2,Tuberous sclerosis 2|Isolated focal cortical dysplasia type II;Lymphangiomyomatosis;Tuberous sclerosis 2|TSC2-related disorder,191092
SCN2A,"SCN2A-related disorder|Seizures, benign familial infantile, 3;Developmental and epileptic encephalopathy, 11",182390
STXBP1,Developmental and epileptic encephalopathy|Uterine corpus endometrial carcinoma,602926
DEPDC5,Familial focal epilepsy with variable foci|Thymoma,614191
TSC1,Tuberous sclerosis 1|Hereditary cancer-predisposing syndrome|Tuberous sclerosis 1;Isolated focal cortical dysplasia type II;Lymphangiomyomatosis,605284
SCN1A,Inborn genetic diseases|Developmental and epileptic encephalopathy|not provided,182389
SCN9A,"Generalized epilepsy with febrile seizures plus, type 7;Neuropathy, hereditary sensory and autonomic, type 2A|not specified|not provided",603415
ARX,"Intellectual disability, X-linked, with or without seizures, ARX-related;Developmental and epileptic encephalopathy, 1|Developmental and epileptic encephalopathy, 1",300382
CDKL5,"Developmental and epileptic encephalopathy, 2;Angelman syndrome-like|not provided|Developmental and epileptic encephalopathy, 2",300203
TSC1,Tuberous sclerosis 1|Tuberous sclerosis syndrome|Tuberous sclerosis 1;Isolated focal cortical dysplasia type II;Lymphangiomyomatosis,605284
TSC2,Tuberous sclerosis 2|Isolated focal cortical dysplasia type II;Lymphangiomyomatosis;Tuberous sclerosis 2|Tuberous sclerosis syndrome,191092
KCNQ3,not provided|KCNQ3-related disorder,602232
SCN2A,Febrile seizure (within the age range of 3 months to 6 years),182390
SCN8A,"Cognitive impairment with or without cerebellar ataxia;Developmental and epileptic encephalopathy, 13;Myoclonus, familial, 2;Seizures, benign familial infantile, 5",600702
SCN1A,"Generalized epilepsy with febrile seizures plus, type 2;Migraine, familial hemiplegic, 3;Severe myoclonic epilepsy in infancy;Developmental and epileptic encephalopathy 6B",182389
SCN1A,Severe myoclonic epilepsy in infancy;Developmental and epileptic encephalopathy 6B|not provided,182389
MECP2,"Severe neonatal-onset encephalopathy with microcephaly;Syndromic X-linked intellectual disability Lubs type;Rett syndrome;X-linked intellectual disability-psychosis-macroorchidism syndrome;Autism, susceptibility to, X-linked 3",300005
SLC6A1,not specified,137165
ALDH7A1,"Pyridoxine-dependent epilepsy|Developmental and epileptic encephalopathy, 1",107323
CDKL5,"Developmental and epileptic encephalopathy, 2|not provided|Angelman syndrome-like;Developmental and epileptic encephalopathy, 2",300203
SCN2A,"Seizures, benign familial infantile, 3|SCN2A-related disorder",182390
SCN8A,Cognitive impairment with or without cerebellar ataxia|not provided|Inborn genetic diseases,600702
SLC2A1,Dystonia 9,138140
SLC2A1,Dystonia 9|not provided|Encephalopathy due to GLUT1 deficiency,138140
TSC2,Lymphangiomyomatosis|Lymphangiomyomatosis;Tuberous sclerosis 2;Isolated focal cortical dysplasia type II,191092
KCNQ3,"not provided|Seizures, benign familial neonatal, 2|Benign neonatal seizures",602232
TSC1,See cases,605284
CHD2,See cases,602119
PRRT2,See cases|Episodic kinesigenic dyskinesia,614386
GABRG2,See cases,137164
FOXG1,See cases,164874
KCNQ2,See cases,602235
STXBP1,"See cases|Developmental and epileptic encephalopathy|Developmental and epileptic encephalopathy, 4",602926
KCNQ2,"Seizures, benign familial neonatal, 1;Developmental and epileptic encephalopathy, 7|Inborn genetic diseases|Developmental and epileptic encephalopathy",602235
SCN2A,"not provided|Seizures, benign familial infantile, 3;Developmental and epileptic encephalopathy, 11;Episodic ataxia, type 9",182390
TSC1,Hereditary cancer-predisposing syndrome|Lymphangiomyomatosis;Tuberous sclerosis 1;Isolated focal cortical dysplasia type II,605284
TSC1,Hereditary cancer-predisposing syndrome|TSC1-related disorder|Tuberous sclerosis syndrome,605284
TSC1,Hereditary cancer-predisposing syndrome|TSC1-related disorder|Lymphangiomyomatosis;Tuberous sclerosis 1;Isolated focal cortical dysplasia type II,605284
TSC2,Hereditary cancer-predisposing syndrome|Isolated focal cortical dysplasia type II,191092
PRRT2,"not provided|Seizures, benign familial infantile, 2",614386
PRRT2,not provided|PRRT2-related disorder,614386
SCN1A,not provided|Inborn genetic diseases|Developmental and epileptic encephalopathy|Severe myoclonic epilepsy in infancy,182389
MECP2,not provided|MECP2-related disorder,300005
SCN2A,Myoclonus,182390
SCN8A,"Cognitive impairment with or without cerebellar ataxia;Developmental and epileptic encephalopathy, 13;Seizures, benign familial infantile, 5",600702
TBC1D24,"Rolandic epilepsy-paroxysmal exercise-induced dystonia-writer's cramp syndrome;DOORS syndrome;Developmental and epileptic encephalopathy, 16;Familial infantile myoclonic epilepsy",613577
TSC2,not provided|Isolated focal cortical dysplasia type II,191092
TSC2,not provided|Isolated focal cortical dysplasia type II;Tuberous sclerosis 2;Lymphangiomyomatosis,191092
SCN1A,"Developmental and epileptic encephalopathy, 6A|Developmental and epileptic encephalopathy",182389
SLC2A1,"Epilepsy, idiopathic generalized, susceptibility to, 12|Encephalopathy due to GLUT1 deficiency",138140
PCDH19,"Neurodevelopmental delay|Developmental and epileptic encephalopathy, 9",300460
SLC6A1,Neurodevelopmental delay,137165
CHD2,Neurodevelopmental delay,602119
MECP2,Neurodevelopmental delay,300005
MECP2,Neurodevelopmental delay|MECP2-related disorder|not provided,300005
MECP2,Neurodevelopmental delay|Rett syndrome,300005
CDKL5,CDKL5 disorder|not provided,300203
KCNQ2,Inborn genetic diseases|Developmental and epileptic encephalopathy|not provided|See cases,602235
DEPDC5,Abnormal cerebral morphology,614191
PCDH19,"Abnormal cerebral morphology|Developmental and epileptic encephalopathy, 9",300460
SCN2A,Abnormal cerebral morphology,182390
SCN3A,Seizure,182391
KCNQ2,"Seizures, benign familial neonatal, 1|Developmental and epileptic encephalopathy, 7|Complex neurodevelopmental disorder",602235
CHD2,Neurodevelopmental disorder|not provided|Developmental and epileptic encephalopathy 94|Inborn genetic diseases,602119
SCN2A,"Developmental and epileptic encephalopathy|Developmental and epileptic encephalopathy, 11",182390
CHD2,Developmental and epileptic encephalopathy,602119
MECP2,not specified|not provided,300005
CDKL5,"Developmental and epileptic encephalopathy, 1",300203
SCN8A,"Developmental and epileptic encephalopathy, 1",600702
SLC2A1,"Developmental and epileptic encephalopathy, 1",138140
SLC2A1,Epilepsy with myoclonic atonic seizures,138140
PCDH19,"Developmental and epileptic encephalopathy, 1",300460
SLC6A1,not provided|Inborn genetic diseases,137165
KCNQ3,"not provided|Seizures, benign familial neonatal, 2|Inborn genetic diseases|Benign neonatal seizures",602232
SLC2A1,"Epilepsy, idiopathic generalized, susceptibility to, 12|not provided",138140
SCN2A,"not provided|Episodic ataxia, type 9|Inborn genetic diseases",182390
SCN2A,"Lennox-Gastaut syndrome|Seizures, benign familial infantile, 3;Developmental and epileptic encephalopathy, 11",182390
SCN2A,Epilepsy of infancy with migrating focal seizures,182390
SCN2A,benign sporadic infantile epilepsy,182390
SCN2A,unclassified developmental and epileptic encephalopathy,182390
SCN2A,Autism spectrum disorder;unclassified developmental and epileptic encephalopathy,182390
SCN2A,benign sporadic neonatal-infantile epilepsy,182390
SLC2A1,Hereditary cryohydrocytosis with reduced stomatin,138140
SLC2A1,"Hereditary cryohydrocytosis with reduced stomatin|Inborn genetic diseases|not provided|Encephalopathy due to GLUT1 deficiency|Dystonia 9|Epilepsy, idiopathic generalized, susceptibility to, 12|Childhood onset GLUT1 deficiency syndrome 2",138140
GABRG2,"Febrile seizures, familial, 8|EPILEPSY, CHILDHOOD ABSENCE, SUSCEPTIBILITY TO, 2;Febrile seizures, familial, 8",137164
NPRL3,"Epilepsy, familial focal, with variable foci 3|Cervical cancer",600928
SCN1A,Developmental and epileptic encephalopathy 6B|Developmental and epileptic encephalopathy,182389
MECP2,Severe neonatal-onset encephalopathy with microcephaly|X-linked intellectual disability-psychosis-macroorchidism syndrome,300005
KCNQ2,"Developmental and epileptic encephalopathy|Seizures, benign familial neonatal, 1;Developmental and epileptic encephalopathy, 7|Inborn genetic diseases|not provided",602235
SLC2A1,"GLUT1 deficiency syndrome 1, autosomal recessive|not provided|Encephalopathy due to GLUT1 deficiency|Dystonia 9|Epilepsy, idiopathic generalized, susceptibility to, 12|Hereditary cryohydrocytosis with reduced stomatin|Childhood onset GLUT1 deficiency syndrome 2",138140
NPRL3,not specified,600928
SCN9A,"Inborn genetic diseases|Neuropathy, hereditary sensory and autonomic, type 2A;Generalized epilepsy with febrile seizures plus, type 7|not specified",603415
TBC1D24,Inborn genetic diseases,613577
SCN9A,Inborn genetic diseases,603415
DEPDC5,"Inborn genetic diseases|Familial focal epilepsy with variable foci|Epilepsy, familial focal, with variable foci 1",614191
SCN1A,Inborn genetic diseases|not provided|Developmental and epileptic encephalopathy,182389
TBC1D24,Inborn genetic diseases|not provided,613577
GABRG2,"Inborn genetic diseases|EPILEPSY, CHILDHOOD ABSENCE, SUSCEPTIBILITY TO, 2;Febrile seizures, familial, 8|not provided",137164
TSC2,Hereditary cancer-predisposing syndrome|Isolated focal cortical dysplasia type II|not provided,191092
CHD2,Inborn genetic diseases|not provided,602119
DEPDC5,Inborn genetic diseases|Familial focal epilepsy with variable foci|DEPDC5-related disorder,614191
ARX,"Inborn genetic diseases|ARX-related disorder|Developmental and epileptic encephalopathy, 1;Intellectual disability, X-linked, with or without seizures, ARX-related",300382
GABRG2,"Inborn genetic diseases|Febrile seizures, familial, 8;EPILEPSY, CHILDHOOD ABSENCE, SUSCEPTIBILITY TO, 2|not provided",137164
TBC1D24,"Inborn genetic diseases|Caused by mutation in the TBC1 domain family, member 24;Developmental and epileptic encephalopathy, 1;Autosomal dominant nonsyndromic hearing loss 65",613577
TSC1,Hereditary cancer-predisposing syndrome|Isolated focal cortical dysplasia type II|Tuberous sclerosis syndrome|Tuberous sclerosis 1,605284
TSC2,Hereditary cancer-predisposing syndrome|Lymphangiomyomatosis;Tuberous sclerosis 2;Isolated focal cortical dysplasia type II,191092
SCN8A,Inborn genetic diseases|not provided,600702
SCN1A,Inborn genetic diseases|Severe myoclonic epilepsy in infancy,182389
TSC1,Hereditary cancer-predisposing syndrome|Tuberous sclerosis syndrome,605284
PCDH19,Inborn genetic diseases|not provided,300460
TSC1,Hereditary cancer-predisposing syndrome|TSC1-related disorder|not provided,605284
CDKL5,"Inborn genetic diseases|Angelman syndrome-like;Developmental and epileptic encephalopathy, 2",300203
CDKL5,"Inborn genetic diseases|Developmental and epileptic encephalopathy, 2;Angelman syndrome-like",300203
STXBP1,"Inborn genetic diseases|Developmental and epileptic encephalopathy, 4",602926
PRRT2,Inborn genetic diseases,614386
CDKL5,"Inborn genetic diseases|CDKL5 disorder|Developmental and epileptic encephalopathy, 2|Nonpapillary renal cell carcinoma",300203
MECP2,Inborn genetic diseases|not provided|Severe neonatal-onset encephalopathy with microcephaly,300005
SCN8A,Inborn genetic diseases|not provided|Developmental and epileptic encephalopathy,600702
SLC6A1,Inborn genetic diseases|SLC6A1-related neurodevelopmental disorder|Epilepsy with myoclonic atonic seizures,137165
SLC2A1,"Inborn genetic diseases|not specified|GLUT1 deficiency syndrome 1, autosomal recessive",138140
CDKL5,"Inborn genetic diseases|Developmental and epileptic encephalopathy, 2",300203
SCN8A,Inborn genetic diseases|Developmental and epileptic encephalopathy|not provided,600702
PCDH19,"Inborn genetic diseases|not provided|Developmental and epileptic encephalopathy, 9",300460
SCN1A,Inborn genetic diseases|Developmental and epileptic encephalopathy 6B|Developmental and epileptic encephalopathy,182389
TSC2,Hereditary cancer-predisposing syndrome|Tuberous sclerosis 2|Tuberous sclerosis 2;Isolated focal cortical dysplasia type II;Lymphangiomyomatosis,191092
GABRG2,"Inborn genetic diseases|Generalized epilepsy with febrile seizures plus 3;Febrile seizures, familial, 8;Developmental and epileptic encephalopathy, 74",137164
GABRG2,"Inborn genetic diseases|Febrile seizures, familial, 8",137164
SCN2A,"Inborn genetic diseases|Developmental and epileptic encephalopathy, 11;Seizures, benign familial infantile, 3|not provided",182390
KCNQ2,Inborn genetic diseases|not provided,602235
SCN2A,Inborn genetic diseases|SCN2A-related disorder,182390
KCNQ3,Inborn genetic diseases|not provided,602232
TSC2,Hereditary cancer-predisposing syndrome|Tuberous sclerosis 2|Lymphangiomyomatosis;Tuberous sclerosis 2;Isolated focal cortical dysplasia type II,191092
GABRA1,"Inborn genetic diseases|not provided|Idiopathic generalized epilepsy;Epilepsy, idiopathic generalized, susceptibility to, 13;Epilepsy, childhood absence 4",137160
MECP2,X-linked intellectual disability-psychosis-macroorchidism syndrome;Syndromic X-linked intellectual disability Lubs type,300005
GABRA1,"Epilepsy, idiopathic generalized, susceptibility to, 13;Developmental and epileptic encephalopathy, 19|not provided",137160
SCN1A,Severe myoclonic epilepsy in infancy|Developmental and epileptic encephalopathy|not provided|SCN1A-related disorder,182389
CDKL5,"Developmental and epileptic encephalopathy, 2|Rett syndrome",300203
SCN2A,Neurodevelopmental delay,182390
SCN2A,Non-syndromic intellectual disability,182390
TSC2,not provided|Tuberous sclerosis 2|not specified|Hereditary cancer-predisposing syndrome,191092
TSC2,not provided|Hereditary cancer-predisposing syndrome|Tuberous sclerosis syndrome,191092
SCN9A,"Neuropathy, hereditary sensory and autonomic, type 2A;Paroxysmal extreme pain disorder;Primary erythromelalgia;Channelopathy-associated congenital insensitivity to pain, autosomal recessive|SCN9A-related disorder",603415
ALDH7A1,Epilepsy,107323
DEPDC5,Epilepsy,614191
SLC2A1,not provided|Encephalopathy due to GLUT1 deficiency|Childhood onset GLUT1 deficiency syndrome 2,138140
CDKL5,"CDKL5 disorder|Angelman syndrome-like;Developmental and epileptic encephalopathy, 2",300203
TSC2,Tuberous sclerosis 2|Tuberous sclerosis 2;Isolated focal cortical dysplasia type II;Lymphangiomyomatosis,191092
PLCB1,"PLCB1-related disorder|Developmental and epileptic encephalopathy, 12",607120
SLC2A1,"GLUT1 deficiency syndrome 1, autosomal recessive|Hereditary cryohydrocytosis with reduced stomatin|Encephalopathy due to GLUT1 deficiency|Childhood onset GLUT1 deficiency syndrome 2|Epilepsy, idiopathic generalized, susceptibility to, 12|not provided|Dystonia 9",138140
DEPDC5,Familial focal epilepsy with variable foci|DEPDC5-related disorder|Inborn genetic diseases,614191
ARX,"Developmental and epileptic encephalopathy, 1;Intellectual disability, X-linked, with or without seizures, ARX-related|not provided|Developmental and epileptic encephalopathy, 1",300382
SLC2A1,"GLUT1 deficiency syndrome 1, autosomal recessive|Dystonia 9|Hereditary cryohydrocytosis with reduced stomatin|Encephalopathy due to GLUT1 deficiency|Childhood onset GLUT1 deficiency syndrome 2|not specified|Epilepsy, idiopathic generalized, susceptibility to, 12",138140
SLC2A1,"GLUT1 deficiency syndrome 1, autosomal recessive|SLC2A1-related disorder",138140
SCN1A,"Developmental and epileptic encephalopathy|Generalized epilepsy with febrile seizures plus, type 2|Severe myoclonic epilepsy in infancy",182389
SLC2A1,"GLUT1 deficiency syndrome 1, autosomal recessive|Inborn genetic diseases",138140
CHD2,Developmental and epileptic encephalopathy 94|Malignant tumor of esophagus,602119
KCNQ2,"Developmental and epileptic encephalopathy, 7|Developmental and epileptic encephalopathy|Seizures, benign familial neonatal, 1;Developmental and epileptic encephalopathy, 7|not provided",602235
SCN2A,"Seizures, benign familial infantile, 3;Developmental and epileptic encephalopathy, 11|Inborn genetic diseases|Developmental and epileptic encephalopathy, 11|not provided",182390
FOXG1,"Rett syndrome, congenital variant|FOXG1-related disorder|Inborn genetic diseases",164874
FOXG1,"Rett syndrome, congenital variant|FOXG1-related disorder|Inborn genetic diseases|FOXG1 disorder",164874
SCN8A,"Developmental and epileptic encephalopathy|not specified|not provided|Developmental and epileptic encephalopathy, 13",600702
NPRL3,"Epilepsy, familial focal, with variable foci 3|Epilepsy, familial focal, with variable foci 1",600928
GABRA1,"Epilepsy, childhood absence 4;Epilepsy, idiopathic generalized, susceptibility to, 13;Idiopathic generalized epilepsy|Inborn genetic diseases|Developmental and epileptic encephalopathy, 19;Epilepsy, childhood absence 4;Juvenile myoclonic epilepsy",137160
NPRL3,"Epilepsy, familial focal, with variable foci 3|Familial cancer of breast",600928
SLC2A1,"GLUT1 deficiency syndrome 1, autosomal recessive|Encephalopathy due to GLUT1 deficiency|not provided|Dystonia 9|Epilepsy, idiopathic generalized, susceptibility to, 12|Hereditary cryohydrocytosis with reduced stomatin|Childhood onset GLUT1 deficiency syndrome 2",138140
SCN8A,Developmental and epileptic encephalopathy|Developmental disorder,600702
GABRG2,"Febrile seizures, familial, 8;EPILEPSY, CHILDHOOD ABSENCE, SUSCEPTIBILITY TO, 2|not provided|Inborn genetic diseases",137164
TSC1,Tuberous sclerosis 1|Tuberous sclerosis syndrome|Isolated focal cortical dysplasia type II;Tuberous sclerosis 1;Lymphangiomyomatosis,605284
TSC2,TSC2-related disorder|Tuberous sclerosis 2|not provided,191092
MECP2,Severe neonatal-onset encephalopathy with microcephaly|Developmental disorder,300005
KCNQ2,Developmental and epileptic encephalopathy|Neonatal encephalopathy,602235
SCN2A,"Developmental and epileptic encephalopathy, 11;Seizures, benign familial infantile, 3|Developmental and epileptic encephalopathy, 11|SCN2A-related disorder",182390
SCN9A,"Neuropathy, hereditary sensory and autonomic, type 2A;Generalized epilepsy with febrile seizures plus, type 7|Lung cancer",603415
TSC1,Tuberous sclerosis 1|Lymphangiomyomatosis;Tuberous sclerosis 1;Isolated focal cortical dysplasia type II|Tuberous sclerosis syndrome|Hereditary cancer-predisposing syndrome,605284
SCN9A,"Generalized epilepsy with febrile seizures plus, type 7;Neuropathy, hereditary sensory and autonomic, type 2A|Small fiber neuropathy;Channelopathy-associated congenital insensitivity to pain, autosomal recessive;Paroxysmal extreme pain disorder;Primary erythromelalgia;Generalized epilepsy with febrile seizures plus",603415
MECP2,MECP2-related disorder|Severe neonatal-onset encephalopathy with microcephaly,300005
SCN8A,Inborn genetic diseases|Cognitive impairment with or without cerebellar ataxia,600702
TBC1D24,"Inborn genetic diseases|Caused by mutation in the TBC1 domain family, member 24;Autosomal dominant nonsyndromic hearing loss 65;Developmental and epileptic encephalopathy, 1",613577
CDKL5,"Inborn genetic diseases|Thyroid cancer, nonmedullary, 1",300203
NPRL3,Inborn genetic diseases,600928
SCN1A,Inborn genetic diseases|not specified,182389
DEPDC5,Inborn genetic diseases|Focal epilepsy|Familial focal epilepsy with variable foci,614191
SCN2A,Inborn genetic diseases|not provided,182390
NPRL3,"Inborn genetic diseases|Epilepsy, familial focal, with variable foci 3",600928
TBC1D24,Autosomal dominant nonsyndromic hearing loss 65,613577
TSC2,not provided|Hereditary cancer-predisposing syndrome|Isolated focal cortical dysplasia type II,191092
TSC1,not provided|Hereditary cancer-predisposing syndrome|Isolated focal cortical dysplasia type II|Tuberous sclerosis 1,605284
CDKL5,Developmental delay,300203
MECP2,not provided|Syndromic X-linked intellectual disability Lubs type,300005
CHD2,Autism spectrum disorder|Developmental and epileptic encephalopathy 94,602119
CHD2,Autism spectrum disorder,602119
MECP2,Autism spectrum disorder,300005
FOXG1,Autism spectrum disorder,164874
KCNQ2,Autism spectrum disorder,602235
SCN2A,Autism spectrum disorder,182390
PCDH19,Autism spectrum disorder,300460
SCN1A,"Migraine, familial hemiplegic, 3;Developmental and epileptic encephalopathy 6B;Generalized epilepsy with febrile seizures plus, type 2;Severe myoclonic epilepsy in infancy|not provided",182389
TSC1,Keratoconus|Tuberous sclerosis syndrome,605284
DEPDC5,not provided|Lung cancer,614191
SCN2A,"Developmental and epileptic encephalopathy, 11|not provided|Seizures, benign familial infantile, 3;Developmental and epileptic encephalopathy, 11",182390
GABRA1,"Developmental and epileptic encephalopathy, 19|Idiopathic generalized epilepsy;Epilepsy, idiopathic generalized, susceptibility to, 13;Epilepsy, childhood absence 4",137160
SCN8A,"Seizures, benign familial infantile, 5|Cognitive impairment with or without cerebellar ataxia|Myoclonus, familial, 2|Developmental and epileptic encephalopathy, 13|Developmental and epileptic encephalopathy",600702
TSC2,Tuberous sclerosis 2;Tuberous sclerosis syndrome,191092
SCN1A,not provided|Developmental and epileptic encephalopathy 6B;Severe myoclonic epilepsy in infancy,182389
KCNQ2,Neonatal encephalopathy,602235
SCN2A,not provided|9 conditions,182390
TSC2,Ovarian cancer,191092
TSC1,Tuberous sclerosis syndrome|Ovarian cancer,605284
TSC1,Ovarian cancer,605284
SLC6A1,See cases|Epilepsy with myoclonic atonic seizures,137165
KCNQ2,Autosomal dominant epilepsy,602235
DEPDC5,Autosomal dominant epilepsy|Focal epilepsy,614191
SCN1A,Developmental and epileptic encephalopathy 6B|Developmental and epileptic encephalopathy|Severe myoclonic epilepsy in infancy,182389
TSC2,Hereditary cancer-predisposing syndrome|Familial cancer of breast,191092
TSC2,Hereditary cancer-predisposing syndrome|Isolated focal cortical dysplasia type II;Lymphangiomyomatosis;Tuberous sclerosis 2,191092
TSC1,Hereditary cancer-predisposing syndrome|Isolated focal cortical dysplasia type II,605284
TSC1,Hereditary cancer-predisposing syndrome|not provided,605284
TSC2,Isolated focal cortical dysplasia type II|Hereditary cancer-predisposing syndrome,191092
FOXG1,"Inborn genetic diseases|Rett syndrome, congenital variant|not provided|FOXG1 disorder",164874
ARX,Aicardi syndrome,300382
MECP2,"not provided|Syndromic X-linked intellectual disability Lubs type;Rett syndrome;X-linked intellectual disability-psychosis-macroorchidism syndrome;Autism, susceptibility to, X-linked 3;Severe neonatal-onset encephalopathy with microcephaly",300005
GABRA1,"not provided|Epilepsy, childhood absence 4;Idiopathic generalized epilepsy;Epilepsy, idiopathic generalized, susceptibility to, 13",137160
SCN8A,"Cognitive impairment with or without cerebellar ataxia|Developmental and epileptic encephalopathy, 13",600702
ARX,"Intellectual disability, X-linked, with or without seizures, ARX-related;Corpus callosum agenesis-abnormal genitalia syndrome;Developmental and epileptic encephalopathy, 1;X-linked lissencephaly with abnormal genitalia;Partington syndrome",300382
SCN1A,"Generalized epilepsy with febrile seizures plus, type 2;Developmental and epileptic encephalopathy 6B;Severe myoclonic epilepsy in infancy;Migraine, familial hemiplegic, 3",182389
SCN8A,"Cognitive impairment with or without cerebellar ataxia;Seizures, benign familial infantile, 5;Developmental and epileptic encephalopathy, 13;Myoclonus, familial, 2",600702
SCN2A,"Epileptic encephalopathy, infantile or early childhood",182390
SCN1A,Severe myoclonic epilepsy in infancy|not specified|Inborn genetic diseases,182389
SCN9A,"Channelopathy-associated congenital insensitivity to pain, autosomal recessive;Primary erythromelalgia;Paroxysmal extreme pain disorder",603415
PRRT2,"not provided|Episodic kinesigenic dyskinesia 1;Seizures, benign familial infantile, 2;Infantile convulsions and choreoathetosis",614386
SCN2A,9 conditions,182390
TBC1D24,not provided|Inborn genetic diseases,613577
SCN1A,Severe myoclonic epilepsy in infancy|SCN1A-related disorder,182389
TBC1D24,not provided|TBC1D24-related disorder|Autosomal recessive nonsyndromic hearing loss 86,613577
TSC1,Hereditary cancer-predisposing syndrome|Squamous cell lung carcinoma,605284
KCNQ2,Complex neurodevelopmental disorder|not provided,602235
KCNQ2,Complex neurodevelopmental disorder|KCNQ2-related disorder,602235
KCNQ2,Complex neurodevelopmental disorder|Developmental and epileptic encephalopathy,602235
SCN8A,"Developmental and epileptic encephalopathy, 13;Cognitive impairment with or without cerebellar ataxia",600702
CHD2,"Developmental and epileptic encephalopathy, 1|not provided|Developmental and epileptic encephalopathy 94",602119
SCN1A,"Developmental and epileptic encephalopathy, 6A",182389
CDKL5,Autism,300203
DEPDC5,"Familial focal epilepsy with variable foci|not provided|Epilepsy, familial focal, with variable foci 1|Epilepsy, familial focal, with variable foci 1;Developmental and epileptic encephalopathy 111",614191
SCN8A,"not provided|Cognitive impairment with or without cerebellar ataxia|Seizures, benign familial infantile, 5|Myoclonus, familial, 2|Developmental and epileptic encephalopathy, 13|Developmental and epileptic encephalopathy",600702
SCN1A,"Generalized epilepsy with febrile seizures plus, type 2;Developmental and epileptic encephalopathy 6B;Severe myoclonic epilepsy in infancy",182389
SCN1A,"Generalized epilepsy with febrile seizures plus, type 2|SCN1A-related disorder",182389
SCN2A,SCN2A-related disorder,182390
TBC1D24,"Developmental and epileptic encephalopathy, 16|Rolandic epilepsy-paroxysmal exercise-induced dystonia-writer's cramp syndrome|DOORS syndrome;Familial infantile myoclonic epilepsy;Malignant migrating partial seizures of infancy",613577
SCN8A,"Developmental and epileptic encephalopathy, 64",600702
SLC2A1,"Dystonia 9|GLUT1 deficiency syndrome 1, autosomal recessive",138140
DEPDC5,Inborn genetic diseases|Familial cancer of breast,614191
KCNQ2,Neurodevelopmental disorder|Developmental and epileptic encephalopathy,602235
SLC6A1,Neurodevelopmental disorder,137165
PRRT2,"Infantile convulsions and choreoathetosis|Seizures, benign familial infantile, 2",614386
SCN3A,SCN3A-related disorder,182391
DEPDC5,DEPDC5-related disorder|Familial focal epilepsy with variable foci,614191
TBC1D24,"Developmental and epileptic encephalopathy, 1;Autosomal dominant nonsyndromic hearing loss 65;Caused by mutation in the TBC1 domain family, member 24|TBC1D24-related disorder|Lung cancer",613577
CHD2,CHD2-related disorder,602119
TSC1,TSC1-related disorder,605284
FOXG1,FOXG1-related disorder,164874
DEPDC5,DEPDC5-related disorder,614191
PRRT2,not specified|PRRT2-related disorder,614386
CHD2,Developmental and epileptic encephalopathy 94|CHD2-related disorder|not specified,602119
STXBP1,STXBP1-related disorder|Developmental and epileptic encephalopathy,602926
SCN8A,SCN8A-related disorder|Developmental and epileptic encephalopathy,600702
PRRT2,PRRT2-related disorder|Inborn genetic diseases,614386
TSC2,TSC2-related disorder,191092
SLC6A1,SLC6A1-related disorder,137165
SCN1A,"Developmental and epileptic encephalopathy|SCN1A-related disorder|Generalized epilepsy with febrile seizures plus, type 2;Developmental and epileptic encephalopathy 6B;Severe myoclonic epilepsy in infancy;Migraine, familial hemiplegic, 3",182389
KCNQ3,KCNQ3-related disorder,602232
NPRL3,"NPRL3-related disorder|Epilepsy, familial focal, with variable foci 3",600928
ARX,ARX-related disorder|Inborn genetic diseases,300382
PRRT2,Episodic kinesigenic dyskinesia 1|PRRT2-related disorder,614386
STXBP1,STXBP1-related disorder,602926
GABRA1,GABRA1-related disorder,137160
PRRT2,PRRT2-related disorder,614386
TSC1,TSC1-related disorder|Tuberous sclerosis syndrome,605284
TSC1,TSC1-related disorder|Hereditary cancer-predisposing syndrome,605284
PCDH19,PCDH19-related disorder,300460
PRRT2,Episodic kinesigenic dyskinesia 1|Episodic kinesigenic dyskinesia,614386
NPRL3,not provided|Inborn genetic diseases,600928
DEPDC5,not provided|DEPDC5-related disorder|Uterine carcinosarcoma,614191
MECP2,"Autism, susceptibility to, X-linked 3",300005
TSC1,Isolated focal cortical dysplasia type II|Hereditary cancer-predisposing syndrome,605284
TSC1,Isolated focal cortical dysplasia type II|Tuberous sclerosis 1|Hereditary cancer-predisposing syndrome,605284
TSC1,not provided|Isolated focal cortical dysplasia type II,605284
TSC2,Isolated focal cortical dysplasia type II|Hereditary cancer-predisposing syndrome|Tuberous sclerosis 2,191092
TSC2,Isolated focal cortical dysplasia type II|not provided|Tuberous sclerosis 2,191092
TSC2,Tuberous sclerosis 2;Isolated focal cortical dysplasia type II;Lymphangiomyomatosis|Isolated focal cortical dysplasia type II|Tuberous sclerosis 2,191092
TSC2,Isolated focal cortical dysplasia type II|Tuberous sclerosis 2|Hereditary cancer-predisposing syndrome|not provided,191092
SCN8A,Epileptic encephalopathy,600702
CDKL5,"West syndrome|Developmental and epileptic encephalopathy, 2",300203
GABRA1,Epileptic encephalopathy,137160
PCDH19,Epileptic encephalopathy,300460
SCN8A,Developmental and epileptic encephalopathy|Undetermined early-onset epileptic encephalopathy,600702
SLC6A1,not provided|Epilepsy with myoclonic atonic seizures|Inborn genetic diseases,137165
KCNQ3,KCNQ3-related disorder|Benign neonatal seizures,602232
PCDH19,"Developmental and epileptic encephalopathy, 9|Lung cancer",300460
CHD2,CHD2-related disorder|Developmental and epileptic encephalopathy 94,602119
SCN2A,"Developmental and epileptic encephalopathy, 11;Seizures, benign familial infantile, 3|SCN2A-related disorder|not provided",182390
TBC1D24,"Caused by mutation in the TBC1 domain family, member 24;Developmental and epileptic encephalopathy, 1;Autosomal dominant nonsyndromic hearing loss 65|Developmental and epileptic encephalopathy, 16|not provided",613577
GABRA1,"Epilepsy, childhood absence 4;Epilepsy, idiopathic generalized, susceptibility to, 13;Idiopathic generalized epilepsy|not specified",137160
GABRA1,"Epilepsy, idiopathic generalized, susceptibility to, 13;Idiopathic generalized epilepsy;Epilepsy, childhood absence 4|not provided",137160
SCN2A,"Developmental and epileptic encephalopathy, 11;Seizures, benign familial infantile, 3|Seizures, benign familial infantile, 3",182390
SCN2A,"Developmental and epileptic encephalopathy, 11;Seizures, benign familial infantile, 3|Episodic ataxia, type 9",182390
SCN9A,"Neuropathy, hereditary sensory and autonomic, type 2A;Generalized epilepsy with febrile seizures plus, type 7|Uterine corpus endometrial carcinoma",603415
CDKL5,"Developmental and epileptic encephalopathy, 2;Angelman syndrome-like|Thyroid cancer, nonmedullary, 1|Nonpapillary renal cell carcinoma",300203
ALDH7A1,"Pyridoxine-dependent epilepsy|Thyroid cancer, nonmedullary, 1",107323
CHD2,Developmental and epileptic encephalopathy 94|Clear cell carcinoma of kidney,602119
TSC1,Tuberous sclerosis 1|Tuberous sclerosis syndrome|Hereditary cancer-predisposing syndrome|Isolated focal cortical dysplasia type II;Lymphangiomyomatosis;Tuberous sclerosis 1,605284
SCN1A,"Severe myoclonic epilepsy in infancy;Migraine, familial hemiplegic, 3;Generalized epilepsy with febrile seizures plus, type 2;Developmental and epileptic encephalopathy 6B",182389
SCN2A,"Episodic ataxia, type 9;Developmental and epileptic encephalopathy, 11;Seizures, benign familial infantile, 3",182390
SCN8A,"Seizures, benign familial infantile, 5;Developmental and epileptic encephalopathy, 13;Cognitive impairment with or without cerebellar ataxia;Myoclonus, familial, 2",600702
MECP2,"Severe neonatal-onset encephalopathy with microcephaly;X-linked intellectual disability-psychosis-macroorchidism syndrome;Autism, susceptibility to, X-linked 3;Syndromic X-linked intellectual disability Lubs type;Rett syndrome",300005
ARX,ARX-related disorder,300382
GABRG2,GABRG2-related disorder|not provided,137164
TSC2,TSC2-related disorder|Tuberous sclerosis 2,191092
SCN9A,SCN9A-related disorder,603415
TBC1D24,"TBC1D24-related disorder|Caused by mutation in the TBC1 domain family, member 24;Developmental and epileptic encephalopathy, 1;Autosomal dominant nonsyndromic hearing loss 65",613577
GABRG2,GABRG2-related disorder,137164
TSC1,TSC1-related disorder|Isolated focal cortical dysplasia type II;Lymphangiomyomatosis;Tuberous sclerosis 1|Tuberous sclerosis 1,605284
FOXG1,FOXG1-related disorder|Inborn genetic diseases,164874
TSC2,TSC2-related disorder|Hereditary cancer-predisposing syndrome,191092
KCNQ2,"KCNQ2-related disorder|Gastric cancer|Hepatocellular carcinoma|Developmental and epileptic encephalopathy, 7;Seizures, benign familial neonatal, 1",602235
TSC2,Tuberous sclerosis syndrome|TSC2-related disorder|Tuberous sclerosis 2|Hereditary cancer-predisposing syndrome,191092
TSC2,not provided|TSC2-related disorder,191092
TBC1D24,Auditory neuropathy spectrum disorder,613577
NPRL3,NPRL3-related disorder,600928
SCN1A,Severe myoclonic epilepsy in infancy|Neonatal developmental and epileptic encephalopathy with movement disorders and arthrogryposis (NDEEMA),182389
SCN2A,Complex neurodevelopmental disorder|Inborn genetic diseases,182390
TSC2,Tuberous sclerosis syndrome|Hereditary cancer-predisposing syndrome|not provided|Intellectual disability,191092
TSC1,Tuberous sclerosis syndrome|TSC1-related disorder,605284
TSC1,Tuberous sclerosis syndrome|Cholangiocarcinoma|Uterine corpus endometrial carcinoma|Familial cancer of breast,605284
CHD2,Epilepsy,602119
DEPDC5,Inborn genetic diseases|Malignant tumor of urinary bladder,614191
TSC2,Hereditary cancer-predisposing syndrome|Isolated focal cortical dysplasia type II|Lymphangiomyomatosis;Isolated focal cortical dysplasia type II;Tuberous sclerosis 2,191092
SCN1A,"Seizure|Generalized epilepsy with febrile seizures plus, type 2",182389
SCN8A,"Seizures, benign familial infantile, 5|Intellectual disability",600702
KCNQ3,not provided|KCNQ3-associated disorder,602232
DEPDC5,"Epilepsy, familial focal, with variable foci 1|Epilepsy",614191
MECP2,Global developmental delay;Metatarsus adductus;Generalized hypotonia|Rett syndrome,300005
FOXG1,FOXG1 disorder,164874
SCN2A,"Developmental and epileptic encephalopathy, 11|Episodic ataxia, type 9;Seizures, benign familial infantile, 3",182390
TSC1,Isolated focal cortical dysplasia type II|not provided,605284
TSC2,Isolated focal cortical dysplasia type II|Tuberous sclerosis syndrome|Tuberous sclerosis 2,191092
SLC6A1,Seizure|not provided,137165
ARX,"not provided|Intellectual disability, X-linked, with or without seizures, ARX-related",300382
SCN9A,not specified|Hepatocellular carcinoma,603415
TSC2,Hereditary cancer-predisposing syndrome|Ovarian serous cystadenocarcinoma,191092
MECP2,Autism,300005
ARX,not provided|Partington syndrome,300382
NPRL3,"Epilepsy, familial focal, with variable foci 1",600928
STXBP1,STXBP1-related disorder|not provided,602926
CDKL5,"CDKL5 disorder|Developmental and epileptic encephalopathy, 2",300203
TSC1,TSC1-related disorder|Tuberous sclerosis 1,605284
DEPDC5,DEPDC5-related disorder|not provided,614191
MECP2,MECP2-related disorder|Inborn genetic diseases,300005
MECP2,MECP2-related disorder|not provided,300005
NPRL3,"Epilepsy, familial focal, with variable foci 1|not provided",600928
PCDH19,Complex cortical dysplasia with other brain malformations 7|not provided,300460
SCN2A,"Seizures, benign familial infantile, 3;Developmental and epileptic encephalopathy, 11;Episodic ataxia, type 9",182390
SCN8A,"not provided|Seizures, benign familial infantile, 5;Developmental and epileptic encephalopathy, 13",600702
SCN1A,"Generalized epilepsy with febrile seizures plus, type 2;Severe myoclonic epilepsy in infancy;Migraine, familial hemiplegic, 3;Developmental and epileptic encephalopathy 6B",182389
SCN8A,SCN8A-related neurodevelopmental delay,600702
TSC1,Tuberous sclerosis 1|Familial cancer of breast,605284
SCN2A,"Developmental and epileptic encephalopathy, 11;Seizures, benign familial infantile, 3;Episodic ataxia, type 9",182390
ARX,"X-linked lissencephaly with abnormal genitalia|Developmental and epileptic encephalopathy, 1;Intellectual disability, X-linked, with or without seizures, ARX-related",300382
TSC1,Tuberous sclerosis 1;Lymphangiomyomatosis;Isolated focal cortical dysplasia type II,605284
SCN9A,"Primary erythromelalgia;Paroxysmal extreme pain disorder;Channelopathy-associated congenital insensitivity to pain, autosomal recessive",603415
TBC1D24,6 conditions,613577
SCN3A,Epilepsy,182391
TSC1,Tuberous sclerosis syndrome|Tuberous sclerosis 1;Isolated focal cortical dysplasia type II;Lymphangiomyomatosis,605284
TSC2,Tuberous sclerosis syndrome|Isolated focal cortical dysplasia type II;Tuberous sclerosis 2;Lymphangiomyomatosis,191092
SCN8A,"Malaria, susceptibility to|Developmental and epileptic encephalopathy, 13",600702
TSC2,Cystic fibrosis|Tuberous sclerosis 2,191092
MECP2,Inborn genetic diseases|Cone-rod dystrophy,300005
TSC1,Tuberous sclerosis 1;Isolated focal cortical dysplasia type II;Lymphangiomyomatosis|Hereditary cancer-predisposing syndrome,605284
GABRA1,Inborn genetic diseases|not provided,137160
GABRG2,Inborn genetic diseases|not provided,137164
TSC2,Tuberous sclerosis 2;Lymphangiomyomatosis;Isolated focal cortical dysplasia type II,191092
TSC2,Lymphangiomyomatosis;Tuberous sclerosis 2;Isolated focal cortical dysplasia type II|Tuberous sclerosis 2,191092
TSC2,Tuberous sclerosis 2;Lymphangiomyomatosis;Isolated focal cortical dysplasia type II|Tuberous sclerosis 2,191092
SLC2A1,"Dystonia 9;Hereditary cryohydrocytosis with reduced stomatin;Childhood onset GLUT1 deficiency syndrome 2;Epilepsy, idiopathic generalized, susceptibility to, 12;Encephalopathy due to GLUT1 deficiency",138140
PRRT2,"Seizures, benign familial infantile, 2;Episodic kinesigenic dyskinesia 1;Infantile convulsions and choreoathetosis",614386
SCN2A,"Developmental and epileptic encephalopathy, 11;Episodic ataxia, type 9;Seizures, benign familial infantile, 3",182390
DEPDC5,"Developmental and epileptic encephalopathy 111;Epilepsy, familial focal, with variable foci 1",614191
MECP2,"Autism, susceptibility to, X-linked 3;Syndromic X-linked intellectual disability Lubs type;Rett syndrome;Severe neonatal-onset encephalopathy with microcephaly;X-linked intellectual disability-psychosis-macroorchidism syndrome",300005
SCN1A,"Severe myoclonic epilepsy in infancy;Generalized epilepsy with febrile seizures plus, type 2",182389
CDKL5,Rett syndrome,300203
SCN2A,"Developmental and epileptic encephalopathy, 12",182390
SCN1A,"Developmental and epileptic encephalopathy|Severe myoclonic epilepsy in infancy;Developmental and epileptic encephalopathy 6B;Generalized epilepsy with febrile seizures plus, type 2;Migraine, familial hemiplegic, 3",182389
CHD2,Developmental and epileptic encephalopathy 94|Seizure,602119
DEPDC5,Familial focal epilepsy with variable foci|Colon adenocarcinoma,614191
SCN8A,"Developmental and epileptic encephalopathy|Seizures, benign familial infantile, 5;Developmental and epileptic encephalopathy, 13;Myoclonus, familial, 2;Cognitive impairment with or without cerebellar ataxia",600702
SLC2A1,"GLUT1 deficiency syndrome 1, autosomal recessive|not specified",138140
TSC2,Tuberous sclerosis 2|Lymphangiomyomatosis;Tuberous sclerosis 2;Isolated focal cortical dysplasia type II|not provided,191092
SCN1A,Developmental and epileptic encephalopathy 6B|Severe myoclonic epilepsy in infancy,182389
SCN9A,"Neuropathy, hereditary sensory and autonomic, type 2A;Generalized epilepsy with febrile seizures plus, type 7|Inborn genetic diseases|Neuropathy, hereditary sensory and autonomic, type 2A;Primary erythromelalgia;Channelopathy-associated congenital insensitivity to pain, autosomal recessive;Paroxysmal extreme pain disorder",603415
SCN9A,Charcot-Marie-Tooth disease dominant intermediate B,603415
SCN1A,"Severe myoclonic epilepsy in infancy;Developmental and epileptic encephalopathy 6B;Generalized epilepsy with febrile seizures plus, type 2;Febrile seizures, familial, 3a",182389
TSC2,Isolated focal cortical dysplasia type II,191092
SLC2A1,Encephalopathy due to GLUT1 deficiency;Childhood onset GLUT1 deficiency syndrome 2,138140
TBC1D24,TBC1D24-related disorder,613577
DEPDC5,Focal epilepsy,614191
SCN1A,"Migraine, familial hemiplegic, 3;Generalized epilepsy with febrile seizures plus, type 2",182389
SCN9A,"Neuropathy, hereditary sensory and autonomic, type 2A;Paroxysmal extreme pain disorder;Primary erythromelalgia;Channelopathy-associated congenital insensitivity to pain, autosomal recessive",603415
TSC2,Xanthinuria type II,191092
SCN2A,SCN2A-related neurodevelopmental disorder,182390
TBC1D24,"TBC1D24-related disorder|Thyroid cancer, nonmedullary, 1",613577
TSC2,Intellectual disability,191092
FOXG1,Microcephaly,164874
MECP2,Obesity,300005
DEPDC5,Genetic developmental and epileptic encephalopathy,614191
DEPDC5,Hereditary ataxia,614191
CHD2,Cleft lip/palate,602119
GABRA1,Catecholaminergic polymorphic ventricular tachycardia,137160
CDKL5,Intellectual disability,300203
PRRT2,Seizure,614386
FOXG1,Seizure,164874
SCN2A,Seizure,182390
NPRL3,Seizure,600928
SCN8A,Seizure,600702
SLC6A1,Seizure,137165
DEPDC5,Focal epilepsy;Cortical dysplasia,614191
MECP2,"X-linked intellectual disability-psychosis-macroorchidism syndrome;Autism, susceptibility to, X-linked 3",300005
FOXG1,Combined oxidative phosphorylation defect type 24,164874
ARX,"Partington syndrome;Developmental and epileptic encephalopathy, 1;Intellectual disability, X-linked, with or without seizures, ARX-related;X-linked lissencephaly with abnormal genitalia;Corpus callosum agenesis-abnormal genitalia syndrome",300382
